1,UN_0,0.059,0.061,0.5083333333333333
2,UN_0,0.0605,0.059,0.49372384937238495
3,UN_0,0.056999999999999995,0.056666666666666664,0.49853372434017595
4,UN_0,0.059,0.042499999999999996,0.4187192118226601
5,UN_0,0.057999999999999996,0.033999999999999996,0.3695652173913043
6,UN_0,0.04833333333333333,0.03866666666666666,0.4444444444444444
7,UN_0,0.051,0.040857142857142856,0.44479004665629857
8,UN_0,0.05125,0.035875,0.4117647058823529
9,UN_0,0.04555555555555555,0.03755555555555555,0.45187165775401067
10,UN_0,0.046099999999999995,0.0338,0.42302878598247806
11,UN_0,0.04672727272727273,0.03718181818181818,0.44312026002166843
12,UN_0,0.042833333333333334,0.034083333333333334,0.4431202600216685
13,UN_0,0.04492307692307693,0.03669230769230769,0.44957587181903863
14,UN_0,0.04557142857142858,0.038142857142857145,0.4556313993174061
15,UN_0,0.04253333333333334,0.03926666666666667,0.4800325998370008
16,UN_0,0.0436875,0.0368125,0.45729813664596275
17,UN_0,0.04499999999999999,0.03805882352941176,0.45821529745042494
18,UN_0,0.042499999999999996,0.035944444444444446,0.45821529745042494
19,UN_0,0.0431578947368421,0.03705263157894737,0.46194225721784776
20,UN_0,0.0439,0.03835000000000001,0.4662613981762918
21,UN_0,0.04485714285714285,0.03652380952380953,0.44880046811000585
22,UN_0,0.04281818181818182,0.03486363636363637,0.4488004681100059
23,UN_0,0.04095652173913043,0.03334782608695653,0.4488004681100059
24,UN_0,0.04175,0.034416666666666665,0.45185995623632386
25,UN_0,0.042679999999999996,0.03304,0.43634442683571056
26,UN_0,0.04103846153846154,0.031769230769230765,0.4363444268357105
27,UN_0,0.039518518518518515,0.03270370370370371,0.4528205128205129
28,UN_0,0.03810714285714285,0.03328571428571429,0.46623311655827915
29,UN_0,0.038724137931034484,0.03431034482758621,0.4697828139754485
30,UN_0,0.03743333333333333,0.03316666666666667,0.46978281397544863
31,UN_0,0.036225806451612906,0.033677419354838714,0.4817720350715275
32,UN_0,0.0370625,0.03453125,0.48232213007420344
33,UN_0,0.03781818181818182,0.03536363636363637,0.48322981366459633
34,UN_0,0.038588235294117645,0.03576470588235294,0.48101265822784806
35,UN_0,0.03925714285714286,0.034742857142857145,0.46949806949806944
36,UN_0,0.03997222222222222,0.035222222222222224,0.46841521980051715
37,UN_0,0.03889189189189189,0.03427027027027027,0.4684152198005172
38,UN_0,0.03936842105263158,0.03478947368421053,0.4691270404542228
39,UN_0,0.039769230769230765,0.0338974358974359,0.4601461886529761
40,UN_0,0.038775,0.034275,0.46919917864476385
41,UN_0,0.037829268292682926,0.034707317073170735,0.4784801613987895
42,UN_0,0.038285714285714284,0.03388095238095238,0.46948201913559884
43,UN_0,0.038883720930232554,0.03469767441860465,0.4715549936788875
44,UN_0,0.038,0.03513636363636364,0.4804226227470479
45,UN_0,0.03891111111111111,0.03586666666666667,0.47964338781575044
46,UN_0,0.03954347826086956,0.036434782608695655,0.4795422031473534
47,UN_0,0.04012765957446808,0.03706382978723405,0.4801543550165381
48,UN_0,0.04070833333333333,0.03770833333333334,0.4808714133900107
49,UN_0,0.041040816326530616,0.03693877551020408,0.4736979848207275
50,UN_0,0.040220000000000006,0.0362,0.4736979848207275
51,UN_0,0.04068627450980392,0.035490196078431374,0.4658944658944659
52,UN_0,0.041096153846153845,0.03594230769230769,0.4665501747378932
53,UN_0,0.040320754716981135,0.03526415094339622,0.4665501747378931
54,UN_0,0.04083333333333333,0.035833333333333335,0.46739130434782616
55,UN_0,0.04130909090909091,0.03641818181818182,0.4685380116959065
56,UN_0,0.041553571428571426,0.03685714285714286,0.4700523798679117
57,UN_0,0.04217543859649123,0.03621052631578948,0.46195165622202333
58,UN_0,0.04270689655172413,0.035586206896551724,0.4545254349262277
59,UN_0,0.04310169491525423,0.03498305084745763,0.448013891903625
60,UN_0,0.04341666666666666,0.0344,0.44206468194474197
61,UN_0,0.043901639344262285,0.033836065573770495,0.435259384226065
62,UN_0,0.044370967741935476,0.03329032258064516,0.4286604361370717
63,UN_0,0.04366666666666666,0.03276190476190476,0.42866043613707167
64,UN_0,0.043953124999999996,0.033109374999999996,0.42964314679643145
65,UN_0,0.044230769230769226,0.0326,0.4243091710052062
66,UN_0,0.04356060606060606,0.0321060606060606,0.42430917100520626
67,UN_0,0.04291044776119402,0.03235820895522388,0.429902835613722
68,UN_0,0.043220588235294115,0.032897058823529404,0.4321870170015456
69,UN_0,0.04259420289855072,0.033246376811594196,0.43837187081979745
70,UN_0,0.04308571428571428,0.03354285714285713,0.4377330350484713
71,UN_0,0.04247887323943662,0.03307042253521126,0.4377330350484712
72,UN_0,0.042694444444444445,0.03261111111111112,0.433050534857986
73,UN_0,0.04297260273972603,0.03216438356164384,0.42807657247037384
74,UN_0,0.042391891891891895,0.03172972972972973,0.4280765724703738
75,UN_0,0.04257333333333333,0.03130666666666667,0.4237502255910486
76,UN_0,0.04201315789473684,0.030894736842105266,0.4237502255910485
77,UN_0,0.041467532467532466,0.030493506493506496,0.4237502255910486
78,UN_0,0.04161538461538462,0.030717948717948723,0.424672102091457
79,UN_0,0.04192405063291139,0.030329113924050636,0.4197617379117029
80,UN_0,0.0422875,0.030637500000000005,0.4201234144669181
81,UN_0,0.04265432098765432,0.030259259259259267,0.4150016931933627
82,UN_0,0.04213414634146342,0.030500000000000003,0.41991269308260576
83,UN_0,0.042518072289156626,0.030855421686746994,0.42052545155993437
84,UN_0,0.04286904761904762,0.031238095238095245,0.4215261044176707
85,UN_0,0.043188235294117645,0.030870588235294125,0.41683876092136624
86,UN_0,0.043430232558139534,0.03051162790697675,0.41264349740525247
87,UN_0,0.04371264367816092,0.03016091954022989,0.4082775789637467
88,UN_0,0.043875,0.02981818181818182,0.4046260601387818
89,UN_0,0.04338202247191011,0.030168539325842698,0.41017415215398717
90,UN_0,0.0429,0.03035555555555556,0.4143788866980131
91,UN_0,0.043065934065934064,0.030626373626373632,0.41559797196540416
92,UN_0,0.04259782608695652,0.030293478260869568,0.4155979719654041
93,UN_0,0.04286021505376344,0.029967741935483874,0.41148678576701614
94,UN_0,0.043127659574468076,0.029648936170212768,0.4073965794474493
95,UN_0,0.04267368421052631,0.030031578947368423,0.4130592152888375
96,UN_0,0.042874999999999996,0.03046875,0.4154239454622923
97,UN_0,0.04306185567010309,0.03015463917525773,0.4118558152633061
98,UN_0,0.04338775510204081,0.0298469387755102,0.4075519019088755
99,UN_0,0.042949494949494946,0.029545454545454545,0.40755190190887564
100,UN_0,0.043129999999999995,0.029249999999999998,0.4041171594363083
101,UN_0,0.04341584158415841,0.02896039603960396,0.40013679890560877
102,UN_0,0.043617647058823525,0.028676470588235293,0.39666395443449964
103,UN_0,0.043669902912621364,0.028398058252427184,0.39404553415061294
104,UN_0,0.043750000000000004,0.028124999999999997,0.391304347826087
105,UN_0,0.04397142857142858,0.02852380952380952,0.3934576983709931
106,UN_0,0.04355660377358491,0.02874528301886792,0.3975730688935281
107,UN_0,0.04314953271028038,0.02847663551401869,0.3975730688935281
108,UN_0,0.04275000000000001,0.028796296296296296,0.40248479358094985
109,UN_0,0.04289908256880735,0.02905504587155963,0.4037995664924136
110,UN_0,0.043172727272727286,0.02879090909090909,0.4000757958564931
111,UN_0,0.04333333333333335,0.02897297297297297,0.40069773236979805
112,UN_0,0.04294642857142857,0.028732142857142855,0.4008470353761834
113,UN_0,0.042566371681415936,0.02847787610619469,0.4008470353761834
114,UN_0,0.04219298245614036,0.028228070175438595,0.4008470353761833
115,UN_0,0.04182608695652174,0.028591304347826085,0.40602617930353174
116,UN_0,0.04146551724137931,0.028344827586206895,0.40602617930353174
117,UN_0,0.04171794871794872,0.0281025641025641,0.4024972456849063
118,UN_0,0.041364406779661016,0.027864406779661014,0.4024972456849063
119,UN_0,0.04157983193277311,0.02819327731092437,0.4040708177767072
120,UN_0,0.04178333333333333,0.02861666666666667,0.40648674242424243
121,UN_0,0.04143801652892562,0.028809917355371903,0.41011764705882353
122,UN_0,0.04159016393442623,0.02857377049180328,0.40724299065420566
123,UN_0,0.04165040650406504,0.028341463414634147,0.404925078406319
124,UN_0,0.04183064516129033,0.028612903225806452,0.4061820263308529
125,UN_0,0.041496000000000005,0.028384,0.4061820263308529
126,UN_0,0.041666666666666664,0.028158730158730157,0.40327347124346447
127,UN_0,0.04185826771653543,0.02793700787401575,0.4002707581227437
128,UN_0,0.042015625,0.028249999999999997,0.40204580831665554
129,UN_0,0.04168992248062016,0.02803100775193798,0.4020458083166555
130,UN_0,0.04176923076923077,0.02826923076923077,0.40362438220757824
131,UN_0,0.04189312977099236,0.028053435114503814,0.40106951871657753
132,UN_0,0.04157575757575757,0.02784090909090909,0.4010695187165776
133,UN_0,0.04177443609022556,0.02763157894736842,0.3981150471238219
134,UN_0,0.04192537313432836,0.02785074626865671,0.3991443850267379
135,UN_0,0.04208888888888889,0.02764444444444444,0.3964308476736775
136,UN_0,0.041779411764705884,0.027441176470588233,0.3964308476736775
137,UN_0,0.04147445255474453,0.027240875912408757,0.3964308476736775
138,UN_0,0.041601449275362315,0.027340579710144926,0.396573470674795
139,UN_0,0.041302158273381295,0.027525179856115106,0.3999163792202362
140,UN_0,0.04100714285714285,0.027757142857142855,0.40365638308922824
141,UN_0,0.040716312056737584,0.02801418439716312,0.40759467547208755
142,UN_0,0.04083098591549296,0.027816901408450702,0.405211325400082
143,UN_0,0.040545454545454544,0.02762237762237762,0.4052113254000821
144,UN_0,0.04026388888888889,0.027430555555555555,0.40521132540008203
145,UN_0,0.040400000000000005,0.02770344827586207,0.40678481012658224
146,UN_0,0.04048630136986301,0.027513698630136987,0.40461321514907334
147,UN_0,0.04070748299319728,0.0273265306122449,0.4016598340165984
148,UN_0,0.040432432432432434,0.027141891891891895,0.4016598340165983
149,UN_0,0.040617449664429525,0.027416107382550334,0.4029791851632633
150,UN_0,0.04034666666666666,0.02766,0.4067248308989315
151,UN_0,0.04007947019867549,0.02747682119205298,0.4067248308989315
152,UN_0,0.040348684210526314,0.027296052631578954,0.40352071581404403
153,UN_0,0.040084967320261435,0.027529411764705886,0.4071532141130982
154,UN_0,0.0403051948051948,0.02770779220779221,0.40738972694290626
155,UN_0,0.040374193548387095,0.02752903225806452,0.40541567695962
156,UN_0,0.040115384615384615,0.027608974358974362,0.4076668244202556
157,UN_0,0.040235668789808915,0.02791082802547771,0.40957098794279845
158,UN_0,0.04040506329113924,0.02809493670886076,0.4101450614432227
159,UN_0,0.040572327044025164,0.028289308176100637,0.41081377294730115
160,UN_0,0.04031875,0.028468750000000004,0.41386516445575144
161,UN_0,0.040378881987577636,0.02867080745341615,0.4152199334352793
162,UN_0,0.040512345679012345,0.02849382716049383,0.41291707666159766
163,UN_0,0.04026380368098159,0.02831901840490798,0.41291707666159766
164,UN_0,0.040432926829268294,0.028536585365853663,0.4137565202015737
165,UN_0,0.04053939393939394,0.02872727272727273,0.4147344474582203
166,UN_0,0.040626506024096384,0.028975903614457833,0.4163060411978536
167,UN_0,0.04076047904191617,0.02880239520958084,0.4140483773779805
168,UN_0,0.040880952380952386,0.028934523809523813,0.4144428340011936
169,UN_0,0.04101183431952663,0.02913609467455622,0.4153521720792915
170,UN_0,0.0411,0.028964705882352948,0.4133993787255479
171,UN_0,0.041140350877192984,0.029070175438596496,0.4140429785107447
172,UN_0,0.041261627906976746,0.02922093023255815,0.4145838488822899
173,UN_0,0.04142196531791908,0.029052023121387292,0.41223753280839903
174,UN_0,0.04153448275862069,0.028885057471264377,0.4101852607524688
175,UN_0,0.04129714285714286,0.029045714285714293,0.4129163281884647
176,UN_0,0.041062499999999995,0.029227272727272727,0.415811171287689
177,UN_0,0.04083050847457627,0.029062146892655367,0.41581117128768896
178,UN_0,0.04094943820224719,0.028898876404494383,0.4137376337167217
179,UN_0,0.04072067039106145,0.029044692737430166,0.416319666880205
180,UN_0,0.040494444444444444,0.028883333333333334,0.416319666880205
181,UN_0,0.04062430939226519,0.028723756906077348,0.4141969407265775
182,UN_0,0.04071978021978022,0.028565934065934065,0.4122918318794607
183,UN_0,0.04049726775956284,0.02840983606557377,0.4122918318794607
184,UN_0,0.040277173913043474,0.028255434782608696,0.4122918318794608
185,UN_0,0.04039459459459459,0.02836756756756757,0.41254618347614186
186,UN_0,0.04052150537634408,0.028215053763440863,0.4104810324599141
187,UN_0,0.040609625668449195,0.028064171122994655,0.40865908736956863
188,UN_0,0.040696808510638297,0.02818617021276596,0.4091891891891892
189,UN_0,0.04048148148148148,0.028328042328042334,0.4116878123798539
190,UN_0,0.0406578947368421,0.028526315789473684,0.4123240775960441
191,UN_0,0.04044502617801047,0.028680628272251308,0.4149057032492615
192,UN_0,0.040515625,0.028531249999999998,0.41321565965150486
193,UN_0,0.04065284974093264,0.028704663212435227,0.41386523233228745
194,UN_0,0.04080412371134021,0.02855670103092783,0.4117122473246135
195,UN_0,0.04092307692307692,0.028410256410256407,0.40976331360946744
196,UN_0,0.04071428571428572,0.028622448979591833,0.41280353200882997
197,UN_0,0.04050761421319797,0.02880203045685279,0.415555881060495
198,UN_0,0.040303030303030306,0.028656565656565654,0.41555588106049507
199,UN_0,0.04039195979899498,0.028512562814070348,0.4137981330221703
200,UN_0,0.040485,0.028369999999999996,0.4120252704959697
201,UN_0,0.04028358208955224,0.028228855721393033,0.4120252704959698
202,UN_0,0.040084158415841585,0.028089108910891086,0.4120252704959697
203,UN_0,0.04019704433497537,0.028177339901477826,0.4121037463976944
204,UN_0,0.04,0.028039215686274505,0.4121037463976945
205,UN_0,0.04018048780487804,0.027902439024390237,0.4098301927348284
206,UN_0,0.03998543689320388,0.02776699029126213,0.40983019273482846
207,UN_0,0.039792270531400956,0.027632850241545888,0.40983019273482835
208,UN_0,0.039600961538461536,0.027759615384615386,0.41210477481978447
209,UN_0,0.039626794258373205,0.02795215311004785,0.41362220334182953
210,UN_0,0.03943809523809524,0.028085714285714283,0.41593794076163615
211,UN_0,0.03925118483412322,0.027952606635071087,0.4159379407616361
212,UN_0,0.03935377358490566,0.02806132075471698,0.4162468513853904
213,UN_0,0.03944600938967137,0.02819718309859155,0.4168517490283175
214,UN_0,0.03954205607476635,0.028065420560747664,0.4151230301354714
215,UN_0,0.03968837209302326,0.028148837209302325,0.41494686321563246
216,UN_0,0.039800925925925934,0.028324074074074074,0.41576622494053683
217,UN_0,0.039903225806451614,0.02844700460829493,0.41619471413160736
218,UN_0,0.039720183486238535,0.028559633027522936,0.4182734296271414
219,UN_0,0.03981735159817352,0.02842922374429224,0.4165663053659842
220,UN_0,0.03991818181818182,0.028645454545454543,0.4177936886767436
221,UN_0,0.03998642533936651,0.028515837104072395,0.41627584384701766
222,UN_0,0.04013063063063063,0.028387387387387386,0.4143054368549076
223,UN_0,0.04024215246636771,0.028520179372197307,0.41476457545324114
224,UN_0,0.040366071428571425,0.028647321428571428,0.4150980011643703
225,UN_0,0.04048444444444444,0.02852,0.4133067113229422
226,UN_0,0.040305309734513274,0.028393805309734513,0.41330671132294217
227,UN_0,0.04012775330396476,0.028356828193832596,0.41406149491830696
228,UN_0,0.04029824561403508,0.028232456140350873,0.411968
229,UN_0,0.04012227074235807,0.028366812227074236,0.41418005610813574
230,UN_0,0.04024347826086957,0.028243478260869568,0.41239207719654647
231,UN_0,0.04033766233766234,0.028121212121212123,0.41077526242569873
232,UN_0,0.04041379310344828,0.02825,0.4114249843063402
233,UN_0,0.04024034334763949,0.028128755364806867,0.4114249843063402
234,UN_0,0.04006837606837607,0.02800854700854701,0.4114249843063402
235,UN_0,0.040170212765957454,0.02788936170212766,0.409778667000125
236,UN_0,0.04000000000000001,0.02801271186440678,0.4118746495545449
237,UN_0,0.04014767932489452,0.02789451476793249,0.4099590723055934
238,UN_0,0.040210084033613445,0.02777731092436975,0.40856560163154315
239,UN_0,0.0402928870292887,0.02766108786610879,0.4070562157502617
240,UN_0,0.04037500000000001,0.027545833333333335,0.4055579412305993
241,UN_0,0.04020746887966806,0.027431535269709546,0.40555794123059935
242,UN_0,0.040247933884297524,0.02731818181818182,0.4043177787291297
243,UN_0,0.04008230452674897,0.02720576131687243,0.4043177787291297
244,UN_0,0.040151639344262295,0.027319672131147544,0.4049079754601227
245,UN_0,0.03998775510204082,0.027461224489795922,0.4071406959152799
246,UN_0,0.04011382113821138,0.02734959349593496,0.4053988912991082
247,UN_0,0.039951417004048584,0.027485829959514173,0.407576394308699
248,UN_0,0.039995967741935486,0.027665322580645163,0.4088796185935638
249,UN_0,0.04011244979919679,0.02779518072289157,0.40930865219705487
250,UN_0,0.039952,0.027684,0.4093086521970548
251,UN_0,0.04003187250996017,0.02757370517928287,0.40786139430726615
252,UN_0,0.04011111111111111,0.02770238095238095,0.4085083972145825
253,UN_0,0.04017391304347827,0.02759288537549407,0.4071741032370953
254,UN_0,0.04024803149606299,0.027484251968503938,0.40577772611020696
255,UN_0,0.040090196078431374,0.027376470588235294,0.40577772611020685
256,UN_0,0.0401640625,0.0274765625,0.40621390621390624
257,UN_0,0.04026459143968871,0.02756809338521401,0.4064131245339299
258,UN_0,0.0403062015503876,0.02746124031007752,0.4052276366964081
259,UN_0,0.04042857142857143,0.027355212355212356,0.4035657325131009
260,UN_0,0.040273076923076925,0.027453846153846155,0.4053608949968766
261,UN_0,0.04032950191570881,0.02734865900383142,0.4040987318840579
262,UN_0,0.04040839694656488,0.027244274809160304,0.4027080394922426
263,UN_0,0.04044106463878327,0.027140684410646387,0.40159783954090245
264,UN_0,0.04054545454545455,0.027037878787878788,0.40006725703396473
265,UN_0,0.040392452830188684,0.027139622641509435,0.4018775145283862
266,UN_0,0.040428571428571425,0.027037593984962405,0.40075782904268364
267,UN_0,0.04055430711610487,0.026936329588014982,0.39911209766925637
268,UN_0,0.04062686567164179,0.02708955223880597,0.4000440819925061
269,UN_0,0.040475836431226764,0.027282527881040894,0.4026444285949416
270,UN_0,0.040514814814814816,0.027425925925925927,0.403674225904928
271,UN_0,0.04036531365313653,0.027324723247232473,0.403674225904928
272,UN_0,0.04021691176470588,0.02722426470588235,0.4036742259049281
273,UN_0,0.04006959706959707,0.02712454212454212,0.403674225904928
274,UN_0,0.04019343065693431,0.027211678832116788,0.4037035031674698
275,UN_0,0.04004727272727273,0.02711272727272727,0.4037035031674698
276,UN_0,0.04013405797101449,0.027014492753623186,0.40230939405384986
277,UN_0,0.04023465703971119,0.027133574007220218,0.4027651251272708
278,UN_0,0.04008992805755396,0.02720503597122302,0.404265554842848
279,UN_0,0.0401505376344086,0.027265232974910392,0.40443404753043755
280,UN_0,0.04000714285714286,0.02716785714285714,0.4044340475304375
281,UN_0,0.04008896797153025,0.027071174377224196,0.40308393387028396
282,UN_0,0.0399468085106383,0.026975177304964536,0.40308393387028396
283,UN_0,0.03980565371024735,0.026879858657243814,0.403083933870284
284,UN_0,0.03989084507042254,0.02703169014084507,0.4039250762916973
285,UN_0,0.03975087719298246,0.026936842105263155,0.4039250762916973
286,UN_0,0.039611888111888115,0.027045454545454543,0.4057385648342425
287,UN_0,0.03967595818815331,0.02713937282229965,0.4061848143512724
288,UN_0,0.03971527777777778,0.02704513888888889,0.4051074010506059
289,UN_0,0.03980622837370242,0.026951557093425605,0.40372155704141394
290,UN_0,0.039668965517241375,0.027089655172413792,0.40578512396694216
291,UN_0,0.03972852233676976,0.02699656357388316,0.4045939125508575
292,UN_0,0.039592465753424656,0.026904109589041096,0.4045939125508575
293,UN_0,0.03945733788395905,0.027017064846416382,0.4064280946757714
294,UN_0,0.0395,0.02692517006802721,0.4053458958472016
295,UN_0,0.03954237288135593,0.027006779661016948,0.4058170334148329
296,UN_0,0.039408783783783784,0.02691554054054054,0.40581703341483294
297,UN_0,0.03927609427609428,0.026824915824915828,0.40581703341483294
298,UN_0,0.039342281879194634,0.026929530201342283,0.4063496885918274
299,UN_0,0.039210702341137126,0.026839464882943146,0.4063496885918274
300,UN_0,0.03932,0.02695,0.40666968462350994
301,UN_0,0.03918936877076412,0.026860465116279073,0.40666968462350994
302,UN_0,0.03928145695364239,0.026937086092715237,0.4067906790679068
303,UN_0,0.03935313531353136,0.027033003300330028,0.4072085508327118
304,UN_0,0.03922368421052631,0.027157894736842107,0.40911793855302286
305,UN_0,0.039304918032786886,0.027275409836065575,0.4096616930122618
306,UN_0,0.03940522875816994,0.027186274509803925,0.4082544044756343
307,UN_0,0.03950814332247558,0.02730293159609121,0.4086587684657013
308,UN_0,0.03937987012987013,0.027357142857142858,0.4099245925565556
309,UN_0,0.039443365695792876,0.027268608414239483,0.408751334044824
310,UN_0,0.039519354838709685,0.027180645161290325,0.40750592445712625
311,UN_0,0.039581993569131835,0.027254019292604504,0.40777446358125663
312,UN_0,0.039698717948717946,0.02716666666666667,0.4062889464097402
313,UN_0,0.03957188498402556,0.027079872204472846,0.4062889464097402
314,UN_0,0.03963057324840764,0.027156050955414016,0.4066091268895141
315,UN_0,0.039504761904761904,0.027215873015873016,0.40790788409382883
316,UN_0,0.039379746835443034,0.02712974683544304,0.4079078840938289
317,UN_0,0.03944479495268139,0.027217665615141957,0.4082907438955139
318,UN_0,0.03952201257861636,0.027311320754716983,0.40864819084364556
319,UN_0,0.03959874608150471,0.027225705329153606,0.40742130693812445
320,UN_0,0.039475,0.027315625,0.40897393908201934
321,UN_0,0.03935202492211839,0.02741433021806854,0.41060097051138483
322,UN_0,0.039229813664596276,0.027329192546583853,0.41060097051138483
323,UN_0,0.03927244582043344,0.027244582043343655,0.4095880847102629
324,UN_0,0.039342592592592596,0.027160493827160497,0.4084095233675222
325,UN_0,0.03922153846153846,0.02707692307692308,0.4084095233675222
326,UN_0,0.03928527607361963,0.027162576687116566,0.40878035269134894
327,UN_0,0.03934556574923547,0.027079510703363917,0.4076699967773123
328,UN_0,0.03939024390243903,0.02714329268292683,0.4079640746001924
329,UN_0,0.03944376899696049,0.02725227963525836,0.40860411065032126
330,UN_0,0.03947272727272727,0.02736060606060606,0.409385626841986
331,UN_0,0.039353474320241694,0.027277945619335348,0.409385626841986
332,UN_0,0.0394487951807229,0.027397590361445782,0.4098589645383679
333,UN_0,0.039330330330330336,0.027315315315315315,0.4098589645383679
334,UN_0,0.03921257485029941,0.02723353293413174,0.4098589645383679
335,UN_0,0.03927462686567164,0.02728656716417911,0.40994708045564626
336,UN_0,0.03936309523809524,0.027205357142857142,0.40868243394286224
337,UN_0,0.03945103857566765,0.027124629080118694,0.4074255660545552
338,UN_0,0.039502958579881654,0.027221893491124263,0.40797233184055337
339,UN_0,0.0396165191740413,0.027303834808259587,0.4080049369655294
340,UN_0,0.03969117647058824,0.027414705882352945,0.40852910238429174
341,UN_0,0.03974193548387096,0.027334310850439886,0.4075110392165436
342,UN_0,0.03981286549707602,0.02739181286549708,0.4075878872258963
343,UN_0,0.039868804664723034,0.02731195335276968,0.40654428676821597
344,UN_0,0.039950581395348836,0.027232558139534884,0.4053481026351088
345,UN_0,0.039834782608695656,0.0271536231884058,0.40534810263510884
346,UN_0,0.03971965317919075,0.02707514450867052,0.40534810263510884
347,UN_0,0.03977809798270893,0.026997118155619598,0.40429847654395584
348,UN_0,0.03983908045977012,0.026919540229885058,0.403236914600551
349,UN_0,0.03992550143266476,0.026842406876790834,0.40202557720367355
350,UN_0,0.04001142857142857,0.026765714285714285,0.4008214958069485
351,UN_0,0.04008547008547009,0.02668945868945869,0.39969280655346023
352,UN_0,0.03997159090909091,0.026741477272727274,0.40084316313929225
353,UN_0,0.04002549575070822,0.026813031161473086,0.4011613121980164
354,UN_0,0.039912429378531074,0.026887005649717514,0.4025034888146488
355,UN_0,0.03997464788732394,0.026969014084507047,0.4028613507258574
356,UN_0,0.04006741573033708,0.026893258426966295,0.40162765332662137
357,UN_0,0.040128851540616246,0.026817927170868353,0.4005857740585774
358,UN_0,0.04022346368715084,0.026905027932960898,0.4007989347536618
359,UN_0,0.040111420612813364,0.026994428969359333,0.4022664065418622
360,UN_0,0.04017222222222222,0.02691944444444444,0.4012338011841179
361,UN_0,0.04006094182825485,0.027002770083102496,0.4026435357290376
362,UN_0,0.040104972375690606,0.027091160220994476,0.4031654676258993
363,UN_0,0.04015426997245179,0.027201101928374657,0.4038445807770961
364,UN_0,0.040043956043956046,0.02712637362637363,0.40384458077709606
365,UN_0,0.04010958904109589,0.027221917808219177,0.40429687499999994
366,UN_0,0.04,0.02714754098360656,0.404296875
367,UN_0,0.03989100817438692,0.027261580381471386,0.40596469872185026
368,UN_0,0.03992934782608695,0.027187499999999996,0.4050771286286894
369,UN_0,0.03997831978319783,0.027292682926829268,0.4057124441042581
370,UN_0,0.04005135135135135,0.02721891891891892,0.40462032944957815
371,UN_0,0.0401266846361186,0.027296495956873314,0.4048532821619893
372,UN_0,0.040018817204301074,0.027362903225806447,0.406087927870422
373,UN_0,0.03991152815013405,0.027450402144772117,0.4075061689087001
374,UN_0,0.0398048128342246,0.027377005347593582,0.4075061689087002
375,UN_0,0.03986133333333333,0.027469333333333328,0.4079765535268723
376,UN_0,0.03975531914893617,0.02739627659574468,0.40797655352687234
377,UN_0,0.039649867374005304,0.027323607427055703,0.4079765535268724
378,UN_0,0.03971693121693122,0.027251322751322752,0.4069289721102947
379,UN_0,0.039612137203166226,0.027179419525065963,0.4069289721102947
380,UN_0,0.0395078947368421,0.027265789473684212,0.40833136281232757
381,UN_0,0.03955905511811023,0.027370078740157483,0.4089411764705883
382,UN_0,0.039604712041884815,0.02744764397905759,0.4093464511595221
383,UN_0,0.039647519582245425,0.02750391644908616,0.4095804658034916
384,UN_0,0.03968489583333334,0.027432291666666664,0.4087223062895277
385,UN_0,0.03958181818181818,0.0275012987012987,0.4099585704882487
386,UN_0,0.03947927461139897,0.027551813471502592,0.4110303779856226
387,UN_0,0.039563307493540055,0.02748062015503876,0.4098897710629769
388,UN_0,0.039461340206185566,0.027536082474226804,0.41100211579149837
389,UN_0,0.03949357326478149,0.027609254498714653,0.4114469601195265
390,UN_0,0.03939230769230769,0.027664102564102563,0.4125497093912512
391,UN_0,0.039447570332480815,0.027593350383631712,0.411589669248083
392,UN_0,0.039482142857142855,0.027653061224489794,0.4119010525515826
393,UN_0,0.03952671755725191,0.027727735368956744,0.41228103363474705
394,UN_0,0.03942639593908629,0.02780710659898477,0.4135900339750849
395,UN_0,0.03949113924050633,0.02790632911392405,0.41405604387348804
396,UN_0,0.03958838383838384,0.027835858585858585,0.41284644194756553
397,UN_0,0.03964987405541562,0.02776574307304786,0.4118592138693768
398,UN_0,0.03970100502512563,0.027695979899497486,0.4109379660005964
399,UN_0,0.03961152882205514,0.0276265664160401,0.41087669598926496
400,UN_0,0.039695,0.027714999999999997,0.4111407802996588
401,UN_0,0.03973815461346634,0.027805486284289273,0.41166697434004057
402,UN_0,0.039820895522388065,0.027736318407960196,0.4105604241844023
403,UN_0,0.03988585607940446,0.02783622828784119,0.4110362010845669
404,UN_0,0.03978712871287128,0.027767326732673268,0.41103620108456695
405,UN_0,0.039688888888888885,0.02785679012345679,0.4124140956280158
406,UN_0,0.0395911330049261,0.027923645320197043,0.41359308306884096
407,UN_0,0.03964619164619165,0.027855036855036854,0.4126597022531212
408,UN_0,0.039723039215686276,0.02778676470588235,0.4115959918675573
409,UN_0,0.039809290953545226,0.02771882640586797,0.41047829392809304
410,UN_0,0.039902439024390245,0.02765121951219512,0.4093223092753728
411,UN_0,0.039914841849148425,0.027722627737226273,0.4098708586639806
412,UN_0,0.03995873786407767,0.027655339805825237,0.40901748214093403
413,UN_0,0.04000968523002422,0.02774334140435835,0.40947752126366943
414,UN_0,0.03991304347826087,0.027809178743961348,0.41063594535791986
415,UN_0,0.039985542168674705,0.02774216867469879,0.4096132635998149
416,UN_0,0.040067307692307694,0.027675480769230768,0.40853766722259677
417,UN_0,0.04008872901678657,0.02776978417266187,0.40923066049404533
418,UN_0,0.03999282296650718,0.027851674641148325,0.4105222328008745
419,UN_0,0.04004057279236277,0.027785202863961814,0.4096555121573595
420,UN_0,0.04009285714285714,0.02771904761904762,0.4087637372283277
421,UN_0,0.03999762470308788,0.02773871733966746,0.4095101167724515
422,UN_0,0.03990284360189573,0.02781990521327014,0.4107911403478079
423,UN_0,0.03980851063829787,0.02775413711583924,0.4107911403478078
424,UN_0,0.03987028301886793,0.027816037735849057,0.4109550855430503
425,UN_0,0.03993882352941176,0.027750588235294117,0.4099694104560623
426,UN_0,0.040014084507042254,0.027685446009389672,0.4089459084604715
427,UN_0,0.039920374707259954,0.027620608899297426,0.4089459084604715
428,UN_0,0.0399696261682243,0.027556074766355142,0.40808276530223875
429,UN_0,0.040048951048951044,0.027589743589743587,0.40789881793431443
430,UN_0,0.039955813953488364,0.027525581395348834,0.40789881793431443
431,UN_0,0.03997911832946636,0.027461716937354986,0.40719716517012416
432,UN_0,0.040009259259259265,0.027398148148148147,0.4064560439560439
433,UN_0,0.040066974595842964,0.027334872979214782,0.4055507966421107
434,UN_0,0.04012211981566821,0.027426267281105993,0.4060240141902033
435,UN_0,0.040204597701149425,0.0273632183908046,0.4049741426238432
436,UN_0,0.04011238532110092,0.027440366972477065,0.4062064984891182
437,UN_0,0.04002059496567506,0.027521739130434784,0.40747391245426207
438,UN_0,0.03992922374429224,0.027458904109589042,0.4074739124542621
439,UN_0,0.039961275626423695,0.0275375854214123,0.4079711123110151
440,UN_0,0.03987045454545454,0.02761590909090909,0.40920724725533775
441,UN_0,0.03978004535147392,0.02755328798185941,0.4092072472553378
442,UN_0,0.03969004524886878,0.027624434389140272,0.41037878533257155
443,UN_0,0.03972686230248307,0.027562076749435668,0.40960783655942834
444,UN_0,0.03966666666666667,0.027500000000000004,0.4094292803970223
445,UN_0,0.03971011235955056,0.02759325842696629,0.40998330550918194
446,UN_0,0.03977802690582959,0.027531390134529148,0.4090273151232512
447,UN_0,0.039816554809843405,0.027588366890380314,0.40929306339196814
448,UN_0,0.03985044642857143,0.027526785714285712,0.408547291701176
449,UN_0,0.03976169265033408,0.02760133630289532,0.40974013092640343
450,UN_0,0.03967333333333334,0.02754,0.4097401309264035
451,UN_0,0.03958536585365854,0.027478935698447893,0.40974013092640343
452,UN_0,0.03963274336283186,0.027418141592920352,0.40891543207839776
453,UN_0,0.039688741721854305,0.027357615894039733,0.40804030027657057
454,UN_0,0.03976431718061674,0.02729735682819383,0.4070485449648558
455,UN_0,0.03967692307692307,0.027237362637362636,0.4070485449648559
456,UN_0,0.0397280701754386,0.02732236842105263,0.4074897792313981
457,UN_0,0.03964113785557987,0.02735010940919037,0.4082639229136044
458,UN_0,0.039554585152838426,0.027290393013100434,0.4082639229136044
459,UN_0,0.03959912854030501,0.027344226579520698,0.40846812249812864
460,UN_0,0.03951304347826087,0.027284782608695653,0.40846812249812864
461,UN_0,0.03942733188720174,0.027342733188720176,0.40950586400701733
462,UN_0,0.039341991341991345,0.027283549783549785,0.40950586400701733
463,UN_0,0.039395248380129595,0.027347732181425485,0.40974694194550504
464,UN_0,0.03945258620689655,0.027288793103448276,0.4088736760526996
465,UN_0,0.039507526881720434,0.02736989247311828,0.4092546144446588
466,UN_0,0.039568669527897,0.02746351931330472,0.40970643787815736
467,UN_0,0.03948394004282655,0.027541755888650963,0.4109133893485831
468,UN_0,0.0395405982905983,0.027600427350427354,0.4110814079307491
469,UN_0,0.03945628997867805,0.027656716417910447,0.4120917524463083
470,UN_0,0.03937234042553192,0.02759787234042553,0.41209175244630825
471,UN_0,0.039424628450106164,0.027539278131634818,0.41125554850982876
472,UN_0,0.039463983050847466,0.02750635593220339,0.41072445428661813
473,UN_0,0.03951797040169133,0.02744820295983087,0.4098816101026046
474,UN_0,0.03943459915611815,0.027508438818565403,0.4109230720746273
475,UN_0,0.03935157894736842,0.02754105263157895,0.41172027443821996
476,UN_0,0.03940756302521009,0.027483193277310927,0.41086683417085423
477,UN_0,0.03948427672955976,0.027553459119496856,0.411014166432123
478,UN_0,0.03940167364016737,0.027608786610878663,0.4120071181043364
479,UN_0,0.039446764091858044,0.027703549060542797,0.41256023628167254
480,UN_0,0.03936458333333334,0.02764583333333333,0.4125602362816726
481,UN_0,0.03928274428274429,0.02758835758835759,0.4125602362816726
482,UN_0,0.03932365145228216,0.027531120331950206,0.41180486593843096
483,UN_0,0.03934989648033126,0.027474120082815735,0.4111414053786095
484,UN_0,0.039402892561983476,0.027417355371900827,0.4103150799295012
485,UN_0,0.03944329896907217,0.02736082474226804,0.4095679012345678
486,UN_0,0.03948559670781893,0.027304526748971193,0.40881084411583485
487,UN_0,0.03953593429158111,0.027365503080082135,0.4090420797397257
488,UN_0,0.03945491803278689,0.027309426229508202,0.4090420797397256
489,UN_0,0.03952556237218815,0.027370143149284255,0.4091464905844949
490,UN_0,0.039444897959183677,0.027420408163265304,0.41008423879868144
491,UN_0,0.0394806517311609,0.0275010183299389,0.41057528581853564
492,UN_0,0.03952439024390244,0.027571138211382115,0.4109236315167672
493,UN_0,0.039444219066937125,0.027515212981744426,0.4109236315167672
494,UN_0,0.03948785425101215,0.02745951417004049,0.4101656990807934
495,UN_0,0.03940808080808081,0.027404040404040406,0.4101656990807935
496,UN_0,0.03945362903225806,0.027348790322580644,0.4093982012434358
497,UN_0,0.03937424547283702,0.027293762575452716,0.4093982012434358
498,UN_0,0.039295180722891565,0.027238955823293172,0.4093982012434358
499,UN_0,0.03934268537074149,0.027334669338677356,0.40995431594133197
500,UN_0,0.039264,0.027280000000000002,0.409954315941332
501,UN_0,0.03931337325349302,0.02722554890219561,0.4091672666186705
502,UN_0,0.03935258964143426,0.027171314741035856,0.40844437790088334
503,UN_0,0.03938767395626243,0.02722465208747515,0.40870291888020055
504,UN_0,0.039424603174603175,0.02717063492063492,0.4079966630914075
505,UN_0,0.03934653465346535,0.027237623762376238,0.4090706319702602
506,UN_0,0.03941699604743083,0.027183794466403163,0.40816023738872403
507,UN_0,0.03945759368836292,0.02724457593688363,0.40845112070495
508,UN_0,0.03949212598425197,0.027285433070866144,0.40860183356424845
509,UN_0,0.03951866404715128,0.02731434184675835,0.4086953965547651
510,UN_0,0.03955294117647059,0.02726078431372549,0.4080117388114453
511,UN_0,0.03947553816046967,0.027207436399217223,0.40801173881144537
512,UN_0,0.0393984375,0.027154296874999997,0.40801173881144526
513,UN_0,0.039321637426900584,0.027241715399610136,0.40925996427211764
514,UN_0,0.03935408560311284,0.027188715953307394,0.4085898897757507
515,UN_0,0.03927766990291263,0.027256310679611647,0.40966000291842986
516,UN_0,0.0392015503875969,0.02720348837209302,0.40966000291842986
517,UN_0,0.0391257253384913,0.027150870406189555,0.40966000291842986
518,UN_0,0.039050193050193055,0.02722200772200772,0.4107605814326079
519,UN_0,0.03897495183044316,0.027169556840077068,0.41076058143260796
520,UN_0,0.03900192307692307,0.027238461538461534,0.41120627086659894
521,UN_0,0.03892706333973128,0.02729174664107485,0.4121449275362319
522,UN_0,0.03898850574712644,0.027356321839080454,0.4123354123354123
523,UN_0,0.03903824091778203,0.027418738049713193,0.41257876111286934
524,UN_0,0.039104961832061066,0.02736641221374046,0.4117022192874164
525,UN_0,0.03913333333333334,0.02745523809523809,0.4123115649761148
526,UN_0,0.039188212927756656,0.027494296577946768,0.41231646471846045
527,UN_0,0.03911385199240987,0.027542694497153696,0.41320314279207465
528,UN_0,0.03916666666666667,0.02762121212121212,0.4135662431941924
529,UN_0,0.03919848771266541,0.027568998109640832,0.4129105322763307
530,UN_0,0.03912452830188679,0.027630188679245285,0.4139061616732617
531,UN_0,0.03918832391713748,0.027578154425612053,0.41305390234958955
532,UN_0,0.03920488721804511,0.027526315789473683,0.4124954226641503
533,UN_0,0.03926454033771107,0.027474671669793622,0.41167210165298557
534,UN_0,0.03927715355805243,0.02742322097378277,0.4111404346117132
535,UN_0,0.03930654205607476,0.02747663551401869,0.4114304906378572
536,UN_0,0.03935820895522388,0.027425373134328357,0.41066040898424405
537,UN_0,0.03928491620111732,0.027374301675977653,0.41066040898424405
538,UN_0,0.03921189591078067,0.02732342007434944,0.410660408984244
539,UN_0,0.039139146567718,0.02727272727272727,0.41066040898424405
540,UN_0,0.03919444444444444,0.02722222222222222,0.4098703471350899
541,UN_0,0.03923844731977819,0.027171903881700554,0.4091516366065464
542,UN_0,0.03925830258302584,0.027121771217712178,0.4085830229584746
543,UN_0,0.03918600368324126,0.02718232044198895,0.4095676785615183
544,UN_0,0.03923529411764706,0.02713235294117647,0.40881896742743185
545,UN_0,0.03926422018348624,0.02717798165137614,0.4090469746762033
546,UN_0,0.03931684981684982,0.027128205128205123,0.408280272333857
547,UN_0,0.039371115173674594,0.027168190127970747,0.408302882105668
548,UN_0,0.0394051094890511,0.027215328467153282,0.40851320258573454
549,UN_0,0.039459016393442625,0.02727140255009107,0.408680223829671
550,UN_0,0.03948181818181818,0.027221818181818177,0.4081009621936926
551,UN_0,0.03954264972776769,0.027264972776769508,0.408111705740132
552,UN_0,0.03959057971014492,0.02732608695652174,0.40835995451838214
553,UN_0,0.03960578661844485,0.027276672694394214,0.40782998972584217
554,UN_0,0.039534296028880866,0.027332129963898916,0.40875715365511284
555,UN_0,0.03957477477477477,0.027378378378378376,0.40891843160472563
556,UN_0,0.03961690647482015,0.02732913669064748,0.4082263177690613
557,UN_0,0.03965350089766607,0.027280071813285456,0.40756933640899096
558,UN_0,0.03968279569892473,0.027231182795698923,0.40695805881407676
559,UN_0,0.039713774597495526,0.0272737030411449,0.40714629065854835
560,UN_0,0.03975892857142857,0.02730535714285714,0.4071519863670252
561,UN_0,0.03968805704099822,0.027256684491978607,0.40715198636702515
562,UN_0,0.03972064056939502,0.027291814946619215,0.4072648097501394
563,UN_0,0.0397619893428064,0.02735523978685613,0.40757403339772935
564,UN_0,0.03969148936170213,0.027413120567375885,0.4085132242978307
565,UN_0,0.039621238938053104,0.02747256637168141,0.40946502057613154
566,UN_0,0.03955123674911661,0.027514134275618374,0.41025843673437123
567,UN_0,0.0395978835978836,0.027590828924162255,0.4106467870642587
568,UN_0,0.039582746478873235,0.02754225352112676,0.41031290161827577
569,UN_0,0.03962390158172232,0.027493848857644988,0.4096360303744435
570,UN_0,0.039661403508771925,0.02752456140350877,0.4096772508878212
571,UN_0,0.03969877408056042,0.02759369527145359,0.4100562148657089
572,UN_0,0.039746503496503494,0.027645104895104893,0.41021583480336204
573,UN_0,0.03979755671902269,0.027596858638743452,0.4094828702384959
574,UN_0,0.03983797909407665,0.027623693379790936,0.40947240658006867
575,UN_0,0.03976869565217391,0.02757565217391304,0.40947240658006867
576,UN_0,0.039796875,0.027527777777777776,0.4088810954382527
577,UN_0,0.03972790294627383,0.027596187175043328,0.4099006332698348
578,UN_0,0.03974740484429066,0.027667820069204152,0.4104090745778371
579,UN_0,0.03976511226252159,0.02771157167530225,0.41068366223860353
580,UN_0,0.03980344827586207,0.027779310344827588,0.41104137966222765
581,UN_0,0.03984509466437177,0.02773149741824441,0.41037135143395653
582,UN_0,0.039867697594501726,0.02779553264604811,0.4107922803453529
583,UN_0,0.03991423670668954,0.02774785591766724,0.41009455725403704
584,UN_0,0.03984589041095891,0.027804794520547946,0.41100536600182236
585,UN_0,0.03987008547008547,0.027882051282051283,0.41153021319540806
586,UN_0,0.03980204778156996,0.027834470989761093,0.4115302131954081
587,UN_0,0.0398603066439523,0.027787052810902896,0.4107633030295399
588,UN_0,0.03979251700680272,0.02773979591836735,0.41076330302953995
589,UN_0,0.03972495755517827,0.027730050933786075,0.4110895774080692
590,UN_0,0.0397864406779661,0.027781355932203388,0.4111626740248338
591,UN_0,0.03982741116751269,0.027827411167512688,0.4113145258103241
592,UN_0,0.039760135135135134,0.0277804054054054,0.41131452581032407
593,UN_0,0.03979763912310287,0.027733558178752105,0.4106777206212855
594,UN_0,0.03983333333333334,0.02778619528619529,0.41091968331424583
595,UN_0,0.03976638655462185,0.027739495798319334,0.41091968331424594
596,UN_0,0.03979697986577181,0.027780201342281884,0.41108848942298143
597,UN_0,0.03973031825795645,0.027733668341708546,0.4110884894229815
598,UN_0,0.03974247491638796,0.02777759197324415,0.4113975778289621
599,UN_0,0.03967612687813021,0.027836393989983305,0.4123145400593472
600,UN_0,0.03961,0.027888333333333334,0.41317069557273023
601,UN_0,0.03963227953410982,0.027841930116472548,0.4126306963898204
602,UN_0,0.03956644518272426,0.027795681063122926,0.4126306963898205
603,UN_0,0.039600331674958536,0.027749585406301826,0.41202107751403527
604,UN_0,0.03964072847682119,0.027703642384105963,0.4113727996853182
605,UN_0,0.03967438016528926,0.027657851239669424,0.4107668892380204
606,UN_0,0.039727722772277235,0.027612211221122115,0.410042148598314
607,UN_0,0.03966227347611203,0.027660626029654033,0.4108650434357029
608,UN_0,0.03959703947368421,0.027715460526315787,0.41174314616625124
609,UN_0,0.0395320197044335,0.027669950738916253,0.4117431461662513
610,UN_0,0.039467213114754096,0.02773770491803279,0.41273326015367734
611,UN_0,0.03940261865793781,0.027692307692307697,0.41273326015367734
612,UN_0,0.03944117647058823,0.027647058823529413,0.4120999561595792
613,UN_0,0.0393768352365416,0.02768515497553018,0.41282930745092317
614,UN_0,0.039428338762214986,0.027729641693811074,0.412901661210137
615,UN_0,0.039465040650406506,0.027764227642276422,0.41297828084941707
616,UN_0,0.03940097402597403,0.0277987012987013,0.4136731489310303
617,UN_0,0.03943598055105348,0.027753646677471634,0.41306445387881124
618,UN_0,0.03948705501618123,0.027708737864077668,0.4123582247694271
619,UN_0,0.03951211631663974,0.027663974151857833,0.41181280361694966
620,UN_0,0.03955645161290322,0.027619354838709677,0.4111503277389614
621,UN_0,0.0394927536231884,0.027574879227053137,0.4111503277389614
622,UN_0,0.03942926045016077,0.02753054662379421,0.4111503277389613
623,UN_0,0.03946067415730337,0.027486356340288922,0.41056871583389276
624,UN_0,0.0393974358974359,0.027535256410256413,0.41138725278935023
625,UN_0,0.0394352,0.0275824,0.4115694981616769
626,UN_0,0.03947444089456869,0.027626198083067093,0.41171289132246164
627,UN_0,0.03951834130781499,0.02758213716108453,0.4110572352158205
628,UN_0,0.03945541401273885,0.02761783439490446,0.4117563268600732
629,UN_0,0.03939268680445151,0.027682034976152622,0.41270443232993603
630,UN_0,0.03943809523809524,0.027638095238095236,0.4120403237256851
631,UN_0,0.03948177496038035,0.027594294770206022,0.4113880685174247
632,UN_0,0.03953006329113924,0.027550632911392405,0.4107088100011793
633,UN_0,0.03956556082148499,0.02761137440758294,0.4110246219692873
634,UN_0,0.03950315457413249,0.02766876971608833,0.4119097377133868
635,UN_0,0.03954645669291338,0.027716535433070868,0.4120621839295749
636,UN_0,0.039606918238993705,0.027779874213836476,0.41224508843156477
637,UN_0,0.0396530612244898,0.027736263736263735,0.41158245393342185
638,UN_0,0.03970376175548589,0.02777115987460815,0.41157750470394205
639,UN_0,0.03964162754303599,0.02772769953051643,0.41157750470394205
640,UN_0,0.0395796875,0.027684375,0.41157750470394205
641,UN_0,0.03960686427457098,0.02773322932917317,0.41183829491486157
642,UN_0,0.03963084112149533,0.027690031152647978,0.4113142063859324
643,UN_0,0.039685847589424575,0.02764696734059098,0.41060168610694076
644,UN_0,0.03970652173913044,0.027604037267080748,0.41009965857709696
645,UN_0,0.03964496124031008,0.027657364341085268,0.41094217922137755
646,UN_0,0.03968575851393189,0.02761455108359133,0.4103183365535007
647,UN_0,0.03962442040185472,0.027571870170015455,0.41031833655350075
648,UN_0,0.03967438271604939,0.027617283950617286,0.410411650040133
649,UN_0,0.039613251155624044,0.027574730354391373,0.410411650040133
650,UN_0,0.039658461538461545,0.027532307692307693,0.4097632458671063
651,UN_0,0.03969124423963134,0.027490015360983104,0.4091917228764148
652,UN_0,0.03972239263803681,0.027447852760736198,0.40863112227423226
653,UN_0,0.03973506891271057,0.02740581929555896,0.4081837465501904
654,UN_0,0.03967431192660551,0.027460244648318043,0.4090329339953537
655,UN_0,0.03961374045801527,0.02741832061068702,0.4090329339953536
656,UN_0,0.03955335365853659,0.027376524390243902,0.4090329339953537
657,UN_0,0.03958904109589041,0.027421613394216133,0.4092127379275882
658,UN_0,0.03952887537993921,0.027472644376899693,0.4100301676231088
659,UN_0,0.03958573596358119,0.027520485584218518,0.4101033398910069
660,UN_0,0.03961818181818182,0.027551515151515146,0.4101777497067581
661,UN_0,0.03966565809379728,0.027509833585476547,0.4095218791523094
662,UN_0,0.03972054380664653,0.02755438066465257,0.40957876773845875
663,UN_0,0.0396606334841629,0.027512820512820512,0.4095787677384588
664,UN_0,0.03971385542168675,0.02756024096385542,0.40967092008059103
665,UN_0,0.03975488721804511,0.0275187969924812,0.409057379797483
666,UN_0,0.03978528528528529,0.027575075075075072,0.4093665017163746
667,UN_0,0.0397256371814093,0.027617691154422787,0.41010285408967445
668,UN_0,0.039742514970059886,0.027576347305389222,0.40963775045031015
669,UN_0,0.0396831091180867,0.027603886397608367,0.4102410307675219
670,UN_0,0.03962388059701493,0.027562686567164176,0.4102410307675219
671,UN_0,0.03966318926974665,0.027521609538002978,0.4096404250127547
672,UN_0,0.03960416666666667,0.027555059523809527,0.41029447608074276
673,UN_0,0.03963595839524517,0.027514115898959884,0.40974066206408216
674,UN_0,0.03966320474777448,0.027473293768545997,0.4092154696132597
675,UN_0,0.03960444444444444,0.027497777777777777,0.4097893760763015
676,UN_0,0.039652366863905324,0.027457100591715976,0.40913900277741044
677,UN_0,0.03959379615952733,0.027416543574593798,0.4091390027774104
678,UN_0,0.03965044247787611,0.027376106194690265,0.4084367573277
679,UN_0,0.03966715758468336,0.027335787923416788,0.40797889878008564
680,UN_0,0.03969117647058824,0.027382352941176465,0.4082438061828546
681,UN_0,0.03963289280469898,0.027427312775330392,0.4089953577997722
682,UN_0,0.03967448680351906,0.027460410557184754,0.4090333289651859
683,UN_0,0.03971010248901903,0.02742020497803807,0.4084623773173392
684,UN_0,0.03974853801169591,0.0274766081871345,0.4087251533208646
685,UN_0,0.03969051094890511,0.02743649635036496,0.4087251533208647
686,UN_0,0.039632653061224495,0.027396501457725944,0.40872515332086456
687,UN_0,0.0396448326055313,0.02735662299854439,0.4082989354768628
688,UN_0,0.03967441860465116,0.02731686046511628,0.40776741158602736
689,UN_0,0.03969956458635704,0.027359941944847605,0.4079949787897152
690,UN_0,0.039742028985507244,0.027395652173913043,0.40805180787911494
691,UN_0,0.03968451519536903,0.0274370477568741,0.4087665207735927
692,UN_0,0.039708092485549136,0.02739739884393064,0.4082735749510089
693,UN_0,0.03973737373737374,0.027357864357864362,0.40774673634858166
694,UN_0,0.03977809798270893,0.027318443804034587,0.407151293890261
695,UN_0,0.039812949640287774,0.027358273381294967,0.4072915774141033
696,UN_0,0.03984770114942529,0.02739942528735632,0.4074438082215195
697,UN_0,0.039790530846484935,0.027360114777618363,0.4074438082215195
698,UN_0,0.039733524355300864,0.027320916905444127,0.40744380822151954
699,UN_0,0.03976967095851216,0.027379113018597995,0.4077380318298996
700,UN_0,0.03977428571428571,0.02741285714285714,0.4080074844251663
701,UN_0,0.03981027104136947,0.027373751783166905,0.40744436894853064
702,UN_0,0.039753561253561255,0.027334757834757833,0.4074443689485307
703,UN_0,0.03969701280227596,0.027295874822190612,0.4074443689485307
704,UN_0,0.039735795454545454,0.02733522727272727,0.4075564403405481
705,UN_0,0.039775886524822696,0.027360283687943264,0.4075341742198559
706,UN_0,0.03979886685552408,0.027321529745042494,0.4070525671597696
707,UN_0,0.039833097595473835,0.027394625176803397,0.4074900063118031
708,UN_0,0.03988559322033899,0.027355932203389832,0.40683092822484085
709,UN_0,0.0398293370944993,0.02731734837799718,0.4068309282248409
710,UN_0,0.03977323943661972,0.027278873239436622,0.40683092822484085
711,UN_0,0.03982559774964838,0.027240506329113928,0.40617397869306265
712,UN_0,0.039769662921348314,0.02727387640449438,0.4068084214936629
713,UN_0,0.039805049088359044,0.027329593267882188,0.40708630162742604
714,UN_0,0.03974929971988796,0.027291316526610643,0.407086301627426
715,UN_0,0.039777622377622376,0.027342657342657343,0.40736804817569966
716,UN_0,0.03972206703910614,0.02730446927374302,0.40736804817569966
717,UN_0,0.03966666666666666,0.027350069735006973,0.4081080518615638
718,UN_0,0.03968523676880223,0.027395543175487466,0.40839631259862136
719,UN_0,0.0397134909596662,0.02745062586926287,0.408709697459154
720,UN_0,0.03965833333333334,0.027484722222222223,0.4093457170634839
721,UN_0,0.03960332871012483,0.027549237170596392,0.4102484664477353
722,UN_0,0.03954847645429363,0.027601108033240992,0.41103914854997725
723,UN_0,0.03957676348547717,0.027562932226832638,0.4105310864818096
724,UN_0,0.03952209944751381,0.027593922651933705,0.41113763582482715
725,UN_0,0.0395751724137931,0.027635862068965518,0.41118043014283373
726,UN_0,0.039595041322314055,0.0276831955922865,0.4114732618131193
727,UN_0,0.03963548830811554,0.027645116918844564,0.4108928096824975
728,UN_0,0.039581043956043956,0.027607142857142854,0.4108928096824975
729,UN_0,0.039607681755829904,0.027635116598079563,0.41097511219910243
730,UN_0,0.03965068493150685,0.027661643835616437,0.4109446863934226
731,UN_0,0.039690834473324214,0.02770725034199726,0.411098481773159
732,UN_0,0.03963661202185792,0.027748633879781416,0.41179094189676846
733,UN_0,0.03966848567530695,0.02771077762619372,0.41126566644394497
734,UN_0,0.03970572207084468,0.02767302452316076,0.41070850857327723
735,UN_0,0.039730612244897955,0.02771700680272109,0.41094121918747734
736,UN_0,0.0396766304347826,0.02776086956521739,0.4116533021718983
737,UN_0,0.039622795115332426,0.027723202170963364,0.4116533021718983
738,UN_0,0.039646341463414635,0.027685636856368562,0.41118109919301277
739,UN_0,0.03968741542625169,0.027729364005412715,0.41131249874550885
740,UN_0,0.03972837837837838,0.02769189189189189,0.41073540317893004
741,UN_0,0.03974898785425101,0.02765452091767881,0.4102831057542145
742,UN_0,0.039695417789757416,0.027617250673854444,0.4102831057542145
743,UN_0,0.03973485868102288,0.027667563930013458,0.4104832268370607
744,UN_0,0.03976747311827957,0.02769758064516129,0.4105470773399211
745,UN_0,0.03978389261744966,0.027660402684563757,0.41012219878199263
746,UN_0,0.03981903485254691,0.02762332439678284,0.40958419462553664
747,UN_0,0.03987282463186077,0.027586345381526104,0.40893395777107483
748,UN_0,0.0398903743315508,0.027622994652406415,0.4091485148514852
749,UN_0,0.03992256341789052,0.02758611481975968,0.4086306463096274
750,UN_0,0.03994933333333333,0.02762,0.4087653175997001
751,UN_0,0.03989613848202397,0.0275832223701731,0.4087653175997001
752,UN_0,0.039924202127659576,0.027618351063829785,0.4089029768467475
753,UN_0,0.03994555112881806,0.027581673306772907,0.4084526431718061
754,UN_0,0.0399867374005305,0.027620689655172413,0.408545197740113
755,UN_0,0.03993377483443709,0.027667549668874174,0.40927526009522136
756,UN_0,0.039964285714285716,0.027630952380952385,0.4087706939063051
757,UN_0,0.03998414795244386,0.027594451783355355,0.4083312156694099
758,UN_0,0.039931398416886546,0.0275580474934037,0.4083312156694099
759,UN_0,0.03987878787878788,0.027521739130434788,0.4083312156694099
760,UN_0,0.03991052631578947,0.027567105263157896,0.40853694206657176
761,UN_0,0.03992641261498029,0.027530880420499344,0.40812311288594527
762,UN_0,0.03994356955380578,0.027578740157480314,0.4084389333747959
763,UN_0,0.03998165137614679,0.027612057667103534,0.4085004071819133
764,UN_0,0.040013089005235605,0.02757591623036649,0.40799411286262044
765,UN_0,0.03996078431372549,0.027539869281045747,0.4079941128626205
766,UN_0,0.039979112271540475,0.02750391644908616,0.4075679021898939
767,UN_0,0.04000521512385919,0.027468057366362448,0.40709537795640743
768,UN_0,0.04004036458333334,0.02751822916666667,0.4073238893707237
769,UN_0,0.03998829648894669,0.027561768530559166,0.4080198667847379
770,UN_0,0.040010389610389614,0.027603896103896103,0.4082553829014848
771,UN_0,0.03995849546044099,0.027634241245136183,0.40883447825920094
772,UN_0,0.0399779792746114,0.02759844559585492,0.40840345799229427
773,UN_0,0.039926261319534286,0.027562742561448896,0.4084034579922942
774,UN_0,0.039874677002583986,0.027527131782945732,0.4084034579922942
775,UN_0,0.03990322580645162,0.027581935483870966,0.4087111145102387
776,UN_0,0.03992396907216495,0.027546391752577316,0.4082739652768493
777,UN_0,0.03987258687258687,0.027588159588159588,0.40895129442738043
778,UN_0,0.03990745501285347,0.027552699228791774,0.4084292355765567
779,UN_0,0.03985622593068036,0.027517329910141206,0.40842923557655664
780,UN_0,0.03980512820512821,0.027538461538461536,0.4089247639354249
781,UN_0,0.03982714468629962,0.02750320102432778,0.40848150613292755
782,UN_0,0.03986828644501279,0.02752557544757033,0.4084285226367121
783,UN_0,0.039817369093231164,0.027569604086845466,0.4091236449094079
784,UN_0,0.03984311224489796,0.027608418367346937,0.40930751484437045
785,UN_0,0.039877707006369424,0.027639490445859873,0.4093696345351975
786,UN_0,0.03991094147582697,0.027604325699745545,0.4088604971074302
787,UN_0,0.039933926302414234,0.02765057179161372,0.409125947094324
788,UN_0,0.03995558375634518,0.027615482233502537,0.40868797656161965
789,UN_0,0.0399873257287706,0.02764765525982256,0.4087774529645453
790,UN_0,0.040013924050632914,0.0276126582278481,0.408310715956949
791,UN_0,0.04004045512010114,0.027577749683944375,0.4078450435628015
792,UN_0,0.03998989898989899,0.027612373737373738,0.40845333482751534
793,UN_0,0.03993947036569988,0.027577553593947035,0.40845333482751534
794,UN_0,0.039889168765743076,0.027542821158690178,0.4084533348275154
795,UN_0,0.03992830188679245,0.02750817610062893,0.4079124076699246
796,UN_0,0.0399535175879397,0.027473618090452262,0.4074564018482636
797,UN_0,0.039903387703889584,0.02750439146800502,0.40802993075720345
798,UN_0,0.039923558897243104,0.027557644110275687,0.4083751160631383
799,UN_0,0.03987359198998748,0.027600750938673337,0.40905549784834544
800,UN_0,0.03990875,0.027631249999999996,0.40910941664198996
801,UN_0,0.0399438202247191,0.02759675405742821,0.40859519408502765
802,UN_0,0.03989401496259352,0.02756234413965087,0.4085951940850277
803,UN_0,0.039937733499377334,0.027528019925280197,0.40802953391785873
804,UN_0,0.0399589552238806,0.02749378109452736,0.4076006785661602
805,UN_0,0.03990931677018634,0.027531677018633537,0.4082335605083809
806,UN_0,0.03985980148883375,0.027558312655086844,0.4087671837906475
807,UN_0,0.03988599752168526,0.027535315985130107,0.4084066974213824
808,UN_0,0.03983663366336634,0.02757549504950495,0.409058363472801
809,UN_0,0.03985414091470953,0.027620519159456118,0.40934654771282536
810,UN_0,0.03988395061728395,0.027660493827160494,0.40951545393065386
811,UN_0,0.039918618988902595,0.027690505548705304,0.4095675803833598
812,UN_0,0.039951970443349756,0.0276564039408867,0.409067725600204
813,UN_0,0.03990282902829029,0.02762238622386224,0.40906772560020405
814,UN_0,0.039927518427518426,0.027663390663390665,0.4092767952889002
815,UN_0,0.03995092024539878,0.02762944785276074,0.40883837466865175
816,UN_0,0.03998039215686275,0.02759558823529412,0.40836386057814367
817,UN_0,0.04000122399020808,0.02764749082007344,0.4086920335088386
818,UN_0,0.04003300733496332,0.02767481662591687,0.4087388282025819
819,UN_0,0.04006105006105006,0.02764102564102564,0.4082744192757177
820,UN_0,0.0401,0.027673170731707317,0.40832043761471193
821,UN_0,0.04011936662606578,0.0276394640682095,0.4079094014021211
822,UN_0,0.04014720194647202,0.02767639902676399,0.4080644293375904
823,UN_0,0.04009842041312272,0.02767557715674362,0.4083509627451684
824,UN_0,0.04012985436893204,0.027641990291262138,0.40786834753957457
825,UN_0,0.04016121212121212,0.0276969696969697,0.40815961988460786
826,UN_0,0.04019007263922519,0.027663438256658596,0.40769354291933546
827,UN_0,0.04022007255139057,0.027629987908101575,0.40722127174222983
828,UN_0,0.04023671497584541,0.027596618357487925,0.40682975465584165
829,UN_0,0.04026055488540411,0.027563329312424608,0.40639561768576815
830,UN_0,0.040295180722891566,0.02753012048192771,0.4058975042188471
831,UN_0,0.04024669073405535,0.02749699157641396,0.4058975042188471
832,UN_0,0.04025721153846154,0.027538461538461536,0.40619792220685735
833,UN_0,0.04030132052821128,0.027505402160864344,0.40564417612378945
834,UN_0,0.040335731414868105,0.02753717026378897,0.4057167084761333
835,UN_0,0.0402874251497006,0.027560479041916164,0.4062097329355903
836,UN_0,0.04023923444976077,0.027595693779904305,0.406806559689649
837,UN_0,0.04024731182795699,0.027562724014336917,0.4064696865584862
838,UN_0,0.04019928400954654,0.02761217183770883,0.40719037060500474
839,UN_0,0.04022169249106078,0.027641239570917762,0.4073098336758172
840,UN_0,0.04024166666666666,0.027608333333333335,0.40690248096290843
841,UN_0,0.040262782401902494,0.027575505350772894,0.40648881721937885
842,UN_0,0.04029216152019002,0.027609263657957246,0.40660801427247134
843,UN_0,0.04031435349940688,0.02765005931198102,0.40683143086536105
844,UN_0,0.04026658767772512,0.027689573459715636,0.4074622962252637
845,UN_0,0.0402189349112426,0.027656804733727808,0.40746229622526375
846,UN_0,0.040243498817966905,0.027624113475177303,0.4070293994705308
847,UN_0,0.04019598583234947,0.027663518299881933,0.40765871566017703
848,UN_0,0.040221698113207555,0.027630896226415097,0.40721945115486885
849,UN_0,0.040254416961130746,0.02766666666666667,0.40733547212347176
850,UN_0,0.04028235294117647,0.02770470588235294,0.4074996971742027
851,UN_0,0.04030787309048178,0.02773678025851939,0.407626152730287
852,UN_0,0.04034507042253521,0.027704225352112675,0.4071199420469833
853,UN_0,0.04037866354044548,0.027740914419695194,0.4072384951640106
854,UN_0,0.040331381733021074,0.027708430913348948,0.40723849516401067
855,UN_0,0.04028654970760234,0.027676023391812864,0.40722447855716937
856,UN_0,0.0403107476635514,0.027643691588785047,0.4067974350599116
857,UN_0,0.04033722287047842,0.027611435239206533,0.40635732930347573
858,UN_0,0.04035780885780886,0.02757925407925408,0.4059529936524275
859,UN_0,0.04039231664726426,0.02760302677532014,0.4059546637446925
860,UN_0,0.040345348837209305,0.027570930232558143,0.4059546637446925
861,UN_0,0.04029849012775842,0.027538908246225322,0.4059546637446925
862,UN_0,0.04032714617169374,0.02750696055684455,0.4055033947291912
863,UN_0,0.04028041714947856,0.02747508690614137,0.4055033947291913
864,UN_0,0.040233796296296295,0.027443287037037037,0.4055033947291913
865,UN_0,0.04025202312138728,0.027411560693641618,0.40511541287225133
866,UN_0,0.0402863741339492,0.027444572748267903,0.4051998977069303
867,UN_0,0.04023990772779701,0.027468281430219142,0.4056862511285623
868,UN_0,0.04019354838709678,0.027494239631336407,0.40619202423706025
869,UN_0,0.040231300345224395,0.027462600690448796,0.4056879611056336
870,UN_0,0.040185057471264364,0.02743103448275862,0.40568796110563354
871,UN_0,0.04019977037887485,0.02746268656716418,0.40587776156378325
872,UN_0,0.04022821100917432,0.02748738532110092,0.4059239940387481
873,UN_0,0.04018213058419245,0.027528064146620845,0.4065571551826224
874,UN_0,0.040136155606407334,0.027568649885583524,0.40718896812789396
875,UN_0,0.040090285714285724,0.027537142857142857,0.4071889681278939
876,UN_0,0.040109589041095885,0.027505707762557077,0.40679711637487126
877,UN_0,0.04013454960091221,0.027474344355758264,0.4063717470865026
878,UN_0,0.04015489749430524,0.027443052391799543,0.40597462553284697
879,UN_0,0.04017633674630262,0.02746302616609784,0.4060213606929611
880,UN_0,0.04020340909090909,0.027489772727272727,0.4060936713110626
881,UN_0,0.040157775255391596,0.027458569807037456,0.4060936713110626
882,UN_0,0.040112244897959184,0.027498866213151923,0.4067211107943588
883,UN_0,0.04013137032842582,0.02746772366930917,0.4063327190484168
884,UN_0,0.040161764705882355,0.027436651583710406,0.4058771357330522
885,UN_0,0.0401774011299435,0.027463276836158193,0.40601717283084426
886,UN_0,0.040197516930022575,0.027432279909706547,0.40562416555407205
887,UN_0,0.040251409244644876,0.027401352874859074,0.40502932942274356
888,UN_0,0.040206081081081084,0.027370495495495493,0.4050293294227436
889,UN_0,0.040241844769403824,0.027397075365579303,0.4050489764015233
890,UN_0,0.040196629213483145,0.027422471910112357,0.40554327777870086
891,UN_0,0.04015151515151515,0.027391694725028056,0.4055432777787009
892,UN_0,0.04017264573991032,0.02743946188340807,0.4058365113579837
893,UN_0,0.04021500559910414,0.02746696528555431,0.4058239576439444
894,UN_0,0.04024944071588366,0.027436241610738255,0.40534778800548665
895,UN_0,0.04027597765363128,0.027468156424581006,0.40546914944500345
896,UN_0,0.04023102678571428,0.027497767857142856,0.4059981873609624
897,UN_0,0.04018617614269788,0.027467112597547378,0.4059981873609623
898,UN_0,0.04020601336302896,0.02748663697104677,0.40605053629005716
899,UN_0,0.04016129032258065,0.027456062291434928,0.4060505362900572
900,UN_0,0.04018444444444444,0.027494444444444443,0.4062484608691369
901,UN_0,0.040139844617092114,0.027463928967813536,0.4062484608691369
902,UN_0,0.04009534368070953,0.027433481152993346,0.40624846086913696
903,UN_0,0.04011960132890366,0.027452934662236986,0.4062735586220459
904,UN_0,0.04015597345132744,0.027472345132743364,0.40622546453807906
905,UN_0,0.04011160220994475,0.027441988950276244,0.406225464538079
906,UN_0,0.0400673289183223,0.027411699779249447,0.406225464538079
907,UN_0,0.040099228224917315,0.027381477398015438,0.4057675026550119
908,UN_0,0.04005506607929516,0.027351321585903084,0.4057675026550118
909,UN_0,0.04008690869086909,0.027381738173817383,0.40584389114448305
910,UN_0,0.04011208791208792,0.027430769230769227,0.4061239099310165
911,UN_0,0.04013940724478595,0.027400658616904498,0.4056948755871215
912,UN_0,0.0401578947368421,0.02743421052631579,0.4058789176562196
913,UN_0,0.04018400876232202,0.027404162102957284,0.40545796331107803
914,UN_0,0.04020787746170678,0.02737417943107221,0.40505099562894614
915,UN_0,0.04016393442622951,0.027399999999999997,0.40554180618236524
916,UN_0,0.040199781659388645,0.02737008733624454,0.4050634956538598
917,UN_0,0.04021919302071974,0.02739803707742639,0.40519312958632364
918,UN_0,0.040245098039215686,0.027441176470588233,0.40541714947856317
919,UN_0,0.04026441784548422,0.02741131664853101,0.4050390712930508
920,UN_0,0.040288043478260864,0.027381521739130433,0.40463569776407093
921,UN_0,0.04029750271444083,0.027351791530944625,0.40431747050798483
922,UN_0,0.0403177874186551,0.02738937093275488,0.40452695992054594
923,UN_0,0.040351029252437706,0.027424702058504873,0.4046389692600348
924,UN_0,0.040369047619047624,0.027395021645021642,0.40427061040661827
925,UN_0,0.04037837837837838,0.027424864864864864,0.4044771835836602
926,UN_0,0.04040280777537797,0.027395248380129588,0.4040712954556315
927,UN_0,0.04041963322545847,0.0274185544768069,0.4041758101962281
928,UN_0,0.04044935344827587,0.027389008620689655,0.4037392381739047
929,UN_0,0.04047470398277718,0.027425188374596343,0.40390621284421124
930,UN_0,0.040508602150537636,0.027396774193548388,0.40345515581454267
931,UN_0,0.04052309344790548,0.02736734693877551,0.40311046419643703
932,UN_0,0.04054613733905579,0.027337982832618023,0.40271543276221783
933,UN_0,0.04056698821007503,0.02730868167202572,0.4023338807478524
934,UN_0,0.040584582441113494,0.027279443254817987,0.4019720754121638
935,UN_0,0.04061283422459893,0.027250267379679144,0.4015476265523545
936,UN_0,0.040638888888888884,0.027221153846153846,0.40113670355967695
937,UN_0,0.040656350053361795,0.027192102454642476,0.40077704722056184
938,UN_0,0.04068336886993604,0.027163113006396587,0.4003614079195474
939,UN_0,0.040699680511182106,0.027134185303514375,0.40000941974378296
940,UN_0,0.040658510638297875,0.027105319148936168,0.3999968601839932
941,UN_0,0.040615302869287995,0.02714240170031881,0.4005803011292346
942,UN_0,0.040629511677282376,0.027168789808917196,0.4007296527103623
943,UN_0,0.040586426299045596,0.027196182396606577,0.4012265523553248
944,UN_0,0.04060169491525424,0.02716737288135593,0.40088160815331225
945,UN_0,0.04062751322751323,0.02713862433862434,0.40047471072315305
946,UN_0,0.040635306553911205,0.02718498942917548,0.4008385548177936
947,UN_0,0.04059239704329462,0.027218585005279832,0.40138904028528266
948,UN_0,0.040619198312236295,0.02718987341772152,0.4009769301370502
949,UN_0,0.040622760800843,0.02721496311907271,0.4011774208580571
950,UN_0,0.04064421052631579,0.027186315789473687,0.4007976535948727
951,UN_0,0.040658254468980026,0.02715772870662461,0.4004620656505357
952,UN_0,0.0406155462184874,0.027129201680672267,0.4004620656505357
953,UN_0,0.04063483735571878,0.027160545645330537,0.40062529988082163
954,UN_0,0.04066876310272537,0.027132075471698113,0.40017315481896043
955,UN_0,0.040626178010471206,0.02710366492146597,0.40017315481896043
956,UN_0,0.040583682008368205,0.027075313807531382,0.4001731548189605
957,UN_0,0.040600835945663535,0.027104493207941484,0.4003302774948297
958,UN_0,0.04063152400835073,0.027076200417536535,0.39989824864331525
959,UN_0,0.04058915537017727,0.027104275286757042,0.4003974244431437
960,UN_0,0.04062187500000001,0.027138541666666665,0.40050730207532664
961,UN_0,0.04063891779396462,0.027163371488033296,0.40062617023235825
962,UN_0,0.0405966735966736,0.027194386694386695,0.40115004216821276
963,UN_0,0.040554517133956386,0.027166147455867082,0.4011500421682128
964,UN_0,0.04056846473029046,0.02721473029045643,0.4014967173224369
965,UN_0,0.04052642487046632,0.027249740932642486,0.4020549201883677
966,UN_0,0.04053623188405797,0.027221532091097306,0.40174779234271396
967,UN_0,0.04049431230610134,0.027252326783867634,0.4022683213506129
968,UN_0,0.040452479338842974,0.02728202479338843,0.40277883691491145
969,UN_0,0.04047368421052632,0.027253869969040247,0.40240446151033094
970,UN_0,0.04049072164948454,0.02722577319587629,0.40205526375884904
971,UN_0,0.04051596292481978,0.027197734294541708,0.401657794676806
972,UN_0,0.040547325102880664,0.02722530864197531,0.4017153700189753
973,UN_0,0.04050565262076054,0.027242548818088384,0.40211471654606407
974,UN_0,0.04053285420944559,0.027279260780287473,0.4022770973065451
975,UN_0,0.04055897435897436,0.027323076923076922,0.4025081211754929
976,UN_0,0.04059323770491803,0.027295081967213114,0.40205858826725427
977,UN_0,0.04061924257932446,0.027267144319344933,0.4016584998115341
978,UN_0,0.040654396728016365,0.027239263803680983,0.40120481927710844
979,UN_0,0.040676200204290094,0.027271705822267622,0.4013619759173795
980,UN_0,0.040701020408163265,0.02724387755102041,0.4009701739104316
981,UN_0,0.04072273190621814,0.027216106014271154,0.40059716720681793
982,UN_0,0.04075050916496945,0.02718839103869654,0.4001888602434198
983,UN_0,0.040709053916581896,0.027214649033570706,0.4006649792568408
984,UN_0,0.040723577235772364,0.027244918699186993,0.40084627921233235
985,UN_0,0.040747208121827416,0.027217258883248732,0.4004630666965419
986,UN_0,0.04077687626774848,0.02726166328600406,0.4006797245326894
987,UN_0,0.040802431610942255,0.0272887537993921,0.4007677885903045
988,UN_0,0.04082894736842105,0.02726113360323887,0.40036864715413323
989,UN_0,0.04078766430738119,0.02723356926188069,0.40036864715413323
990,UN_0,0.04074646464646464,0.027234343434343437,0.4006181186015067
991,UN_0,0.04075782038345106,0.027261352169525733,0.4007892355393357
992,UN_0,0.04079435483870968,0.027296370967741936,0.4008823616498386
993,UN_0,0.040817724068479354,0.027328298086606244,0.40102558039870545
994,UN_0,0.04084004024144869,0.027300804828973842,0.40065257190102166
995,UN_0,0.04085125628140704,0.027324623115577887,0.4007960492371194
996,UN_0,0.040877510040160644,0.027297188755020078,0.4004005773025831
997,UN_0,0.04090972918756269,0.027269809428284855,0.3999705774181684
998,UN_0,0.040936873747494995,0.02724248496993988,0.39957085960348604
999,UN_0,0.04096096096096096,0.027215215215215215,0.3991895225230516
1000,UN_0,0.040920000000000005,0.027242,0.39966550277280594
