MapHeight,MapWidth,Scene0,Scene1,Probability,Obs0,Obs1,Obs2,Obs3,Obs4,Obs5,Obs6,Obs7,Obs8,Obs9,Obs10,Obs11,Obs12,Obs13,Obs14,Obs15,Obs16,Obs17,Obs18,Obs19,Obs20,Obs21
11,11,72,92,0.0007534489350825542,64,63,62,73,72,83,82,81,92,91,90,79,80,81,82,71,72,73,74,63,64,65
11,11,72,92,0.0005348885246707368,64,63,74,73,72,71,82,81,92,91,90,91,80,81,82,71,72,73,62,63,64,65
11,11,72,92,0.0018490405547785835,64,63,74,73,72,83,94,93,92,91,90,91,92,93,82,71,72,73,62,63,64,65
11,11,72,92,0.00011366381149253155,64,63,74,73,72,71,70,81,92,91,90,91,92,81,82,83,84,73,74,63,64,65
11,11,72,92,0.0034154934800498327,64,63,62,73,72,83,82,93,92,91,90,79,80,81,70,71,72,73,74,63,64,65
11,11,72,92,0.00033107297176846845,64,63,74,73,72,83,82,93,92,91,90,91,92,81,82,83,84,73,62,63,64,65
11,11,72,92,0.0010289962272204683,64,63,74,73,72,71,70,81,92,91,90,79,80,81,70,71,72,73,74,63,64,65
11,11,72,92,0.0008594967841377213,64,63,74,73,72,83,94,93,92,91,90,91,80,81,82,83,72,73,62,63,64,65
11,11,72,92,0.007604671330262877,64,63,62,73,72,83,82,81,92,91,90,79,68,69,70,71,72,73,74,63,64,65
11,11,72,92,0.0009660317005580684,64,63,62,73,72,71,82,93,92,91,90,91,92,93,82,83,72,73,62,63,64,65
11,11,72,92,0.0017642022755344515,64,63,62,73,72,71,82,81,92,91,90,91,92,81,70,71,72,73,74,63,64,65
11,11,72,92,0.000991536318952965,64,63,62,73,72,83,94,93,92,91,90,91,92,93,94,95,84,73,74,63,64,65
11,11,72,92,0.00023892868204663037,64,63,74,73,72,71,82,93,92,91,90,79,80,81,82,83,84,73,62,63,64,65
11,11,72,92,0.00021701065061351669,64,63,62,73,72,83,82,81,92,91,90,91,92,81,82,83,84,73,74,63,64,65
11,11,72,92,0.0009046612125453499,64,63,62,73,72,71,70,81,92,91,90,91,92,93,82,71,72,73,74,63,64,65
11,11,72,92,0.0004533268804287253,64,63,74,73,72,83,82,93,92,91,90,91,80,81,82,83,72,73,62,63,64,65
11,11,72,92,0.00016090934591502128,64,63,74,73,72,71,82,81,92,91,90,91,92,93,94,95,84,73,62,63,64,65
11,11,72,92,0.00036069552334170706,64,63,74,73,72,83,82,81,92,91,90,91,92,81,82,71,72,73,74,63,64,65
11,11,72,92,0.007422375299131312,64,63,62,73,72,83,82,93,92,91,90,79,80,69,70,71,72,73,74,63,64,65
11,11,72,92,0.0002054538704033293,64,63,74,73,72,71,82,81,92,91,90,91,92,93,94,83,72,73,62,63,64,65
11,11,72,92,0.00013677737191290613,64,63,74,73,72,71,70,81,92,91,90,91,92,93,82,83,84,73,74,63,64,65
11,11,72,92,0.0004343755320380735,64,63,74,73,72,71,82,93,92,91,90,91,92,93,82,83,84,85,74,63,64,65
11,11,72,92,0.0005119963585072623,64,63,74,73,72,83,94,93,92,91,90,91,92,93,82,83,84,73,74,63,64,65
11,11,72,92,0.0018544425746469468,64,63,62,73,72,83,82,93,92,91,90,91,80,81,82,71,72,73,74,63,64,65
11,11,72,92,0.01476354318483164,64,63,62,73,72,83,94,93,92,91,90,79,80,69,70,71,72,73,62,63,64,65
11,11,72,92,0.007772311061587669,64,63,62,73,72,83,94,93,92,91,90,79,80,81,70,71,72,73,62,63,64,65
11,11,72,92,0.0002612452231421645,64,63,74,73,72,71,70,81,92,91,90,91,92,93,82,83,72,73,62,63,64,65
11,11,72,92,0.00021895892007423785,64,63,74,73,72,83,82,93,92,91,90,91,92,81,82,83,84,73,74,63,64,65
11,11,72,92,0.0002529207990827192,64,63,74,73,72,71,82,93,92,91,90,91,80,81,82,83,84,73,62,63,64,65
11,11,72,92,0.0004247670212886074,64,63,74,73,72,71,82,93,92,91,90,91,92,93,94,83,72,73,62,63,64,65
11,11,72,92,0.0008426708206133105,64,63,62,73,72,83,82,93,92,91,90,91,92,93,94,83,72,73,62,63,64,65
11,11,72,92,0.000947788813789497,64,63,62,73,72,83,94,93,92,91,90,91,80,81,82,83,84,73,74,63,64,65
11,11,72,92,0.0008466116383861328,64,63,62,73,72,71,82,93,92,91,90,91,80,81,82,83,84,85,74,63,64,65
11,11,72,92,0.0009554490550782416,64,63,62,73,72,83,82,93,92,91,90,91,92,93,82,83,72,73,62,63,64,65
11,11,72,92,0.0009496042466960778,64,63,62,73,72,71,70,81,92,91,90,91,92,81,82,71,72,73,62,63,64,65
11,11,72,92,0.0002729791187578719,64,63,74,73,72,71,82,81,92,91,90,91,92,93,94,95,84,85,74,63,64,65
11,11,72,92,0.00021550516966659572,64,63,74,73,72,71,70,81,92,91,90,91,92,81,82,83,72,73,62,63,64,65
11,11,72,92,0.0008322652905390044,64,63,74,73,72,83,82,81,92,91,90,91,80,81,70,71,72,73,74,63,64,65
11,11,72,92,0.0019611546064728144,64,63,62,73,72,83,94,93,92,91,90,91,80,81,82,83,72,73,62,63,64,65
11,11,72,92,0.0009929089633457446,64,63,74,73,72,71,70,81,92,91,90,91,80,81,70,71,72,73,62,63,64,65
11,11,72,92,0.00016073223050950124,64,63,74,73,72,71,70,81,92,91,90,79,80,81,82,83,84,73,74,63,64,65
11,11,72,92,0.00028714835119948083,64,63,62,73,72,71,82,81,92,91,90,91,92,93,94,83,84,73,74,63,64,65
11,11,72,92,0.000653290173260931,64,63,62,73,72,83,82,93,92,91,90,91,92,93,82,83,72,73,74,63,64,65
11,11,72,92,0.00047493495990217905,64,63,74,73,72,71,82,93,92,91,90,91,80,81,82,83,72,73,62,63,64,65
11,11,72,92,0.00025690589570692175,64,63,74,73,72,71,70,81,92,91,90,91,92,81,82,83,72,73,74,63,64,65
11,11,72,92,0.00046576923766651347,64,63,74,73,72,83,82,81,92,91,90,79,80,81,82,71,72,73,62,63,64,65
11,11,72,92,0.0002599168576007636,64,63,74,73,72,71,70,81,92,91,90,79,80,81,82,83,84,85,74,63,64,65
11,11,72,92,0.00027519306132687323,64,63,74,73,72,71,82,81,92,91,90,91,92,93,82,83,72,73,74,63,64,65
11,11,72,92,0.0009597441036621043,64,63,74,73,72,83,94,93,92,91,90,91,92,81,82,83,84,85,74,63,64,65
11,11,72,92,0.003734743998499834,64,63,62,73,72,83,94,93,92,91,90,91,92,81,82,71,72,73,62,63,64,65
11,11,72,92,0.003936965512752418,64,63,62,73,72,71,82,93,92,91,90,91,92,81,70,71,72,73,62,63,64,65
11,11,72,92,0.00039819971046059076,64,63,74,73,72,71,82,93,92,91,90,79,80,81,82,83,84,85,74,63,64,65
11,11,72,92,0.0019460112393008446,64,63,62,73,72,83,94,93,92,91,90,91,92,93,82,83,84,85,74,63,64,65
11,11,72,92,0.0018704272399951375,64,63,74,73,72,71,82,93,92,91,90,91,92,81,70,71,72,73,62,63,64,65
11,11,72,92,0.0019146618125237855,64,63,62,73,72,71,70,81,92,91,90,91,80,81,70,71,72,73,62,63,64,65
11,11,72,92,0.0004316745221038918,64,63,62,73,72,71,82,81,92,91,90,91,92,93,82,83,72,73,74,63,64,65
11,11,72,92,0.004020563984157911,64,63,74,73,72,71,82,93,92,91,90,91,80,69,70,71,72,73,74,63,64,65
11,11,72,92,0.0037807497250836822,64,63,62,73,72,83,82,93,92,91,90,91,80,81,70,71,72,73,74,63,64,65
11,11,72,92,0.0003686657165901121,64,63,62,73,72,71,82,81,92,91,90,91,92,81,82,83,72,73,62,63,64,65
11,11,72,92,0.0001585625667918798,64,63,74,73,72,83,82,81,92,91,90,91,92,93,82,83,72,73,74,63,64,65
11,11,72,92,0.00011494789818255235,64,63,74,73,72,71,82,81,92,91,90,91,92,81,82,83,84,73,74,63,64,65
11,11,72,92,0.007678971242878575,64,63,62,73,72,71,82,93,92,91,90,91,80,69,70,71,72,73,74,63,64,65
11,11,72,92,7.186457578978524e-05,64,63,74,73,72,71,70,81,92,91,90,91,92,93,94,83,84,73,62,63,64,65
11,11,72,92,0.00017893083842669265,64,63,62,73,72,71,82,81,92,91,90,91,92,93,82,83,84,73,62,63,64,65
11,11,72,92,0.0005933808873437536,64,63,74,73,72,71,82,93,92,91,90,91,80,81,82,83,72,73,74,63,64,65
11,11,72,92,0.0004924251061972902,64,63,74,73,72,83,82,93,92,91,90,79,80,81,82,83,84,85,74,63,64,65
11,11,72,92,0.0020966036128443207,64,63,74,73,72,71,82,81,92,91,90,79,80,69,70,71,72,73,74,63,64,65
11,11,72,92,0.0008722490933351688,64,63,62,73,72,83,82,93,92,91,90,91,80,81,82,83,72,73,74,63,64,65
11,11,72,92,0.007564377575507052,64,63,62,73,72,83,82,93,92,91,90,79,80,69,70,71,72,73,62,63,64,65
11,11,72,92,0.00021559372736935573,64,63,62,73,72,71,82,81,92,91,90,79,80,81,82,83,84,73,62,63,64,65
11,11,72,92,0.007778775773889153,64,63,62,73,72,71,82,93,92,91,90,79,80,69,70,71,72,73,62,63,64,65
11,11,72,92,0.0018501475260630838,64,63,62,73,72,83,94,93,92,91,90,91,92,93,94,83,84,85,74,63,64,65
11,11,72,92,0.0005011037610677756,64,63,62,73,72,83,82,93,92,91,90,91,92,93,94,83,84,73,62,63,64,65
11,11,72,92,0.0004894584231548283,64,63,74,73,72,71,70,81,92,91,90,91,92,93,82,71,72,73,74,63,64,65
11,11,72,92,8.103029802545101e-05,64,63,74,73,72,71,70,81,92,91,90,91,92,93,94,83,84,73,74,63,64,65
11,11,72,92,0.00021209569811033357,64,63,74,73,72,83,82,81,92,91,90,91,92,93,94,83,84,85,74,63,64,65
11,11,72,92,0.0004781230372015411,64,63,74,73,72,83,94,93,92,91,90,91,92,93,94,95,84,73,74,63,64,65
11,11,72,92,0.0009316270330357868,64,63,62,73,72,83,82,81,92,91,90,79,80,81,82,71,72,73,62,63,64,65
11,11,72,92,0.007349492309759789,64,63,62,73,72,71,70,81,92,91,90,79,68,69,70,71,72,73,62,63,64,65
11,11,72,92,0.000973736220698193,64,63,62,73,72,71,82,81,92,91,90,91,80,81,82,71,72,73,74,63,64,65
11,11,72,92,0.0018419116597063992,64,63,62,73,72,83,94,93,92,91,90,79,80,81,82,83,72,73,74,63,64,65
11,11,72,92,0.0003623338408427681,64,63,62,73,72,83,82,81,92,91,90,79,80,81,82,83,84,85,74,63,64,65
11,11,72,92,0.007448544100296905,64,63,62,73,72,83,94,93,92,91,90,91,92,81,70,71,72,73,62,63,64,65
11,11,72,92,0.0016955257770440275,64,63,62,73,72,83,82,93,92,91,90,79,80,81,82,71,72,73,62,63,64,65
11,11,72,92,0.0019030164746108385,64,63,74,73,72,83,94,93,92,91,90,91,80,81,82,71,72,73,62,63,64,65
11,11,72,92,0.0019629257605280155,64,63,74,73,72,83,82,93,92,91,90,91,92,81,70,71,72,73,74,63,64,65
11,11,72,92,0.0002504854622568177,64,63,62,73,72,71,82,81,92,91,90,91,92,93,94,95,84,73,74,63,64,65
11,11,72,92,0.00044920894725038294,64,63,62,73,72,83,82,81,92,91,90,91,92,93,94,83,72,73,74,63,64,65
11,11,72,92,0.0020286355759759765,64,63,74,73,72,71,70,81,92,91,90,91,80,69,70,71,72,73,74,63,64,65
11,11,72,92,0.0010075652631525347,64,63,62,73,72,83,94,93,92,91,90,91,92,93,94,95,84,73,62,63,64,65
11,11,72,92,0.000782938650101653,64,63,74,73,72,83,82,93,92,91,90,91,92,81,82,71,72,73,62,63,64,65
11,11,72,92,0.000613129255059246,64,63,62,73,72,71,70,81,92,91,90,91,80,81,82,83,72,73,74,63,64,65
11,11,72,92,0.0005914326178830322,64,63,74,73,72,83,94,93,92,91,90,91,92,81,82,83,84,73,74,63,64,65
11,11,72,92,0.00023799882616764984,64,63,62,73,72,83,82,81,92,91,90,91,92,81,82,83,84,73,62,63,64,65
11,11,72,92,0.0010030930991631513,64,63,62,73,72,71,82,81,92,91,90,91,92,93,82,71,72,73,74,63,64,65
11,11,72,92,0.0005583563159021512,64,63,74,73,72,71,82,81,92,91,90,91,92,93,94,95,96,85,74,63,64,65
11,11,72,92,0.0019751910023602832,64,63,62,73,72,83,82,93,92,91,90,91,92,93,94,95,96,85,74,63,64,65
11,11,72,92,0.001059592913524067,64,63,74,73,72,83,94,93,92,91,90,91,92,93,82,83,84,85,74,63,64,65
11,11,72,92,0.007462181986521959,64,63,62,73,72,83,94,93,92,91,90,91,92,81,70,71,72,73,74,63,64,65
11,11,72,92,0.0075625178637491,64,63,74,73,72,71,82,93,92,91,90,79,68,69,70,71,72,73,62,63,64,65
11,11,72,92,0.00012823155359656074,64,63,74,73,72,83,82,81,92,91,90,79,80,81,82,83,84,73,62,63,64,65
11,11,72,92,0.00387081290879066,64,63,74,73,72,83,94,93,92,91,90,91,92,81,70,71,72,73,74,63,64,65
11,11,72,92,0.00020660512053921007,64,63,74,73,72,71,82,93,92,91,90,91,92,93,94,83,84,73,74,63,64,65
11,11,72,92,0.001901998061029097,64,63,74,73,72,83,82,81,92,91,90,91,80,69,70,71,72,73,74,63,64,65
11,11,72,92,0.00027656570571965415,64,63,62,73,72,83,82,81,92,91,90,79,80,81,82,83,84,73,74,63,64,65
11,11,72,92,0.00392160075132355,64,63,62,73,72,71,82,93,92,91,90,79,80,81,70,71,72,73,74,63,64,65
11,11,72,92,0.0017617669387085496,64,63,74,73,72,71,70,81,92,91,90,91,80,69,70,71,72,73,62,63,64,65
11,11,72,92,0.001960711817959015,64,63,62,73,72,83,82,81,92,91,90,91,92,81,70,71,72,73,74,63,64,65
11,11,72,92,0.0020482511071373286,64,63,74,73,72,83,94,93,92,91,90,91,92,93,94,95,96,85,74,63,64,65
11,11,72,92,0.00034249691542451567,64,63,62,73,72,83,82,81,92,91,90,91,92,93,94,95,84,73,62,63,64,65
11,11,72,92,0.0019267942178019142,64,63,62,73,72,83,82,93,92,91,90,91,92,81,82,71,72,73,74,63,64,65
11,11,72,92,0.0008481171193330534,64,63,62,73,72,83,94,93,92,91,90,79,80,81,82,83,84,73,62,63,64,65
11,11,72,92,0.00022945300785130447,64,63,74,73,72,83,82,93,92,91,90,91,80,81,82,83,84,73,62,63,64,65
11,11,72,92,0.0035300428685699644,64,63,74,73,72,83,94,93,92,91,90,91,92,81,70,71,72,73,62,63,64,65
11,11,72,92,0.0008448847631823122,64,63,74,73,72,83,94,93,92,91,90,91,92,93,94,83,84,85,74,63,64,65
11,11,72,92,0.001731391646661849,64,63,62,73,72,71,82,93,92,91,90,91,80,81,82,71,72,73,62,63,64,65
11,11,72,92,0.0035263234450540405,64,63,74,73,72,71,82,93,92,91,90,91,80,69,70,71,72,73,62,63,64,65
11,11,72,92,0.001744852417481378,64,63,74,73,72,83,94,93,92,91,90,79,80,81,82,71,72,73,74,63,64,65
11,11,72,92,0.03083322392767128,64,63,62,73,72,83,94,93,92,91,90,79,68,69,70,71,72,73,62,63,64,65
11,11,72,92,8.111885572821106e-05,64,63,74,73,72,71,82,81,92,91,90,79,80,81,82,83,84,73,74,63,64,65
11,11,72,92,0.00036981696672599285,64,63,74,73,72,71,70,81,92,91,90,91,92,81,82,71,72,73,74,63,64,65
11,11,72,92,0.0007775366302332895,64,63,74,73,72,71,82,93,92,91,90,91,92,93,82,71,72,73,62,63,64,65
11,11,72,92,0.0006651569054307786,64,63,74,73,72,71,82,93,92,91,90,79,80,81,82,83,72,73,74,63,64,65
11,11,72,92,0.0007888720161865767,64,63,62,73,72,83,82,81,92,91,90,91,80,81,82,71,72,73,74,63,64,65
11,11,72,92,0.0005619871817153138,64,63,62,73,72,71,82,93,92,91,90,91,92,93,94,95,84,73,62,63,64,65
11,11,72,92,0.0018990756568380161,64,63,62,73,72,71,70,81,92,91,90,91,92,81,70,71,72,73,74,63,64,65
11,11,72,92,0.0002487585870529966,64,63,74,73,72,83,82,81,92,91,90,79,80,81,82,83,72,73,62,63,64,65
11,11,72,92,0.030517648553885744,64,63,62,73,72,83,94,93,92,91,90,79,68,69,70,71,72,73,74,63,64,65
11,11,72,92,0.003656636104665465,64,63,62,73,72,71,82,81,92,91,90,91,80,69,70,71,72,73,62,63,64,65
11,11,72,92,0.002029299758746677,64,63,62,73,72,83,94,93,92,91,90,91,92,93,94,95,84,85,74,63,64,65
11,11,72,92,0.001911163783264764,64,63,74,73,72,83,94,93,92,91,90,79,80,81,82,71,72,73,62,63,64,65
11,11,72,92,0.0006392537773734627,64,63,62,73,72,71,82,81,92,91,90,91,92,93,94,83,72,73,62,63,64,65
11,11,72,92,0.00027165075321647104,64,63,62,73,72,71,70,81,92,91,90,91,80,81,82,83,84,73,62,63,64,65
11,11,72,92,0.0002876796974160411,64,63,74,73,72,71,70,81,92,91,90,91,92,93,82,83,72,73,74,63,64,65
11,11,72,92,0.001882072577908086,64,63,74,73,72,83,82,93,92,91,90,79,80,81,70,71,72,73,62,63,64,65
11,11,72,92,0.00013633458339910583,64,63,62,73,72,71,82,81,92,91,90,79,80,81,82,83,84,73,74,63,64,65
11,11,72,92,0.0004805140951760626,64,63,62,73,72,83,82,81,92,91,90,91,92,81,82,83,72,73,74,63,64,65
11,11,72,92,9.821049236090183e-05,64,63,62,73,72,71,70,81,92,91,90,91,92,93,94,95,84,73,62,63,64,65
11,11,72,92,0.0018966845988634936,64,63,74,73,72,71,82,93,92,91,90,79,80,81,70,71,72,73,62,63,64,65
11,11,72,92,0.0005722155963841002,64,63,62,73,72,71,70,81,92,91,90,79,80,81,82,83,84,85,74,63,64,65
11,11,72,92,0.0008529435141334769,64,63,62,73,72,71,82,93,92,91,90,91,92,93,94,95,84,85,74,63,64,65
11,11,72,92,0.0007600022050867984,64,63,74,73,72,71,70,81,92,91,90,91,80,81,70,71,72,73,74,63,64,65
11,11,72,92,0.0036574331239903053,64,63,62,73,72,83,94,93,92,91,90,91,80,81,82,71,72,73,74,63,64,65
11,11,72,92,0.0004893255866006883,64,63,74,73,72,71,82,81,92,91,90,91,80,81,82,71,72,73,74,63,64,65
11,11,72,92,0.0009376932356748503,64,63,62,73,72,83,82,93,92,91,90,79,80,81,82,83,72,73,74,63,64,65
11,11,72,92,0.0010815995026599407,64,63,62,73,72,83,94,93,92,91,90,91,92,93,94,83,84,73,62,63,64,65
11,11,72,92,0.0003401944151527542,64,63,62,73,72,71,82,93,92,91,90,91,80,81,82,83,84,73,74,63,64,65
11,11,72,92,0.007122386081031628,64,63,62,73,72,83,82,81,92,91,90,79,68,69,70,71,72,73,62,63,64,65
11,11,72,92,0.00034032725170689434,64,63,74,73,72,71,82,93,92,91,90,91,92,81,82,83,72,73,74,63,64,65
11,11,72,92,0.00022281118014430028,64,63,62,73,72,71,70,81,92,91,90,91,92,93,94,95,84,73,74,63,64,65
11,11,72,92,0.00028063936004661655,64,63,74,73,72,83,82,93,92,91,90,91,92,93,94,95,84,73,62,63,64,65
11,11,72,92,0.00027563584984067357,64,63,62,73,72,71,70,81,92,91,90,91,92,93,94,83,84,73,62,63,64,65
11,11,72,92,0.00029923647762622837,64,63,62,73,72,71,70,81,92,91,90,91,92,81,82,83,84,73,74,63,64,65
11,11,72,92,0.0017577818420843473,64,63,62,73,72,83,82,93,92,91,90,91,80,81,82,71,72,73,62,63,64,65
11,11,72,92,0.0008680868813054461,64,63,74,73,72,71,82,81,92,91,90,91,80,81,70,71,72,73,74,63,64,65
11,11,72,92,0.0018555938247828284,64,63,62,73,72,71,82,81,92,91,90,79,80,81,70,71,72,73,74,63,64,65
11,11,72,92,0.0005456925644074635,64,63,74,73,72,83,82,81,92,91,90,91,92,93,94,95,96,85,74,63,64,65
11,11,72,92,0.0001246449666347785,64,63,74,73,72,83,82,81,92,91,90,91,80,81,82,83,84,73,74,63,64,65
11,11,72,92,0.0019938323987912744,64,63,62,73,72,83,94,93,92,91,90,79,80,81,82,83,84,85,74,63,64,65
11,11,72,92,0.00025996113645214365,64,63,74,73,72,71,82,81,92,91,90,91,92,81,82,83,72,73,62,63,64,65
11,11,72,92,0.0004870673651803068,64,63,74,73,72,83,82,93,92,91,90,91,92,93,82,83,84,85,74,63,64,65
11,11,72,92,0.0021836115558060754,64,63,74,73,72,71,82,93,92,91,90,79,80,81,70,71,72,73,74,63,64,65
11,11,72,92,0.001836465360986656,64,63,62,73,72,71,82,93,92,91,90,91,92,93,82,71,72,73,62,63,64,65
11,11,72,92,0.0018710471439144585,64,63,62,73,72,71,82,81,92,91,90,91,92,81,70,71,72,73,62,63,64,65
11,11,72,92,0.0002804179657897166,64,63,74,73,72,71,82,93,92,91,90,91,92,81,82,83,84,73,74,63,64,65
11,11,72,92,0.00042352721344996667,64,63,74,73,72,83,82,81,92,91,90,91,92,81,82,71,72,73,62,63,64,65
11,11,72,92,0.0010296161311397884,64,63,62,73,72,83,82,93,92,91,90,91,92,93,94,95,84,85,74,63,64,65
11,11,72,92,0.00027120796470267075,64,63,74,73,72,71,82,93,92,91,90,91,80,81,82,83,84,73,74,63,64,65
11,11,72,92,0.00023733464339694948,64,63,74,73,72,83,82,93,92,91,90,79,80,81,82,83,84,73,74,63,64,65
11,11,72,92,0.000992333338277805,64,63,74,73,72,83,82,81,92,91,90,91,92,81,70,71,72,73,62,63,64,65
11,11,72,92,0.00047378370976629817,64,63,74,73,72,71,70,81,92,91,90,91,92,93,94,95,96,85,74,63,64,65
11,11,72,92,0.001109760852137639,64,63,74,73,72,71,82,93,92,91,90,91,92,93,94,95,96,85,74,63,64,65
11,11,72,92,0.0008437335130464313,64,63,62,73,72,71,70,81,92,91,90,91,80,81,82,71,72,73,74,63,64,65
11,11,72,92,0.00022427238223984126,64,63,74,73,72,71,70,81,92,91,90,91,92,93,94,83,84,85,74,63,64,65
11,11,72,92,0.001987544801895311,64,63,62,73,72,71,82,93,92,91,90,91,92,93,94,95,96,85,74,63,64,65
11,11,72,92,0.0005287337643289129,64,63,74,73,72,83,82,93,92,91,90,91,92,93,82,83,72,73,62,63,64,65
11,11,72,92,0.0002097931978385721,64,63,74,73,72,71,82,81,92,91,90,91,80,81,82,83,72,73,74,63,64,65
11,11,72,92,0.0001343863139383846,64,63,74,73,72,83,82,81,92,91,90,91,92,81,82,83,84,73,62,63,64,65
11,11,72,92,0.00017432583788316974,64,63,62,73,72,71,70,81,92,91,90,91,92,93,82,83,84,73,62,63,64,65
11,11,72,92,0.0005267854948681918,64,63,62,73,72,71,82,81,92,91,90,91,92,93,82,83,84,85,74,63,64,65
11,11,72,92,0.00794433439919907,64,63,62,73,72,71,82,93,92,91,90,79,80,69,70,71,72,73,74,63,64,65
11,11,72,92,0.0004767946716601402,64,63,62,73,72,83,82,93,92,91,90,91,92,93,94,83,84,73,74,63,64,65
11,11,72,92,0.000535242755481777,64,63,62,73,72,83,82,81,92,91,90,91,92,93,82,83,84,85,74,63,64,65
11,11,72,92,0.0009241439071525623,64,63,62,73,72,83,94,93,92,91,90,91,92,93,94,83,84,73,74,63,64,65
11,11,72,92,0.0010575560863605852,64,63,62,73,72,71,82,93,92,91,90,91,92,81,82,83,72,73,74,63,64,65
11,11,72,92,0.0004975614529573732,64,63,74,73,72,71,82,81,92,91,90,91,92,81,82,71,72,73,62,63,64,65
11,11,72,92,0.0002746174362589329,64,63,74,73,72,71,82,81,92,91,90,91,92,93,94,83,84,85,74,63,64,65
11,11,72,92,0.0004885285672758475,64,63,62,73,72,71,82,81,92,91,90,91,92,81,82,83,84,85,74,63,64,65
11,11,72,92,0.0003555591765816238,64,63,62,73,72,83,82,81,92,91,90,91,80,81,82,83,72,73,74,63,64,65
11,11,72,92,0.000420781924664405,64,63,62,73,72,71,82,81,92,91,90,91,92,93,82,83,72,73,62,63,64,65
11,11,72,92,9.214428972183801e-05,64,63,74,73,72,71,70,81,92,91,90,91,92,93,94,95,84,73,62,63,64,65
11,11,72,92,0.0004300804834542108,64,63,74,73,72,83,94,93,92,91,90,91,92,93,94,83,84,73,62,63,64,65
11,11,72,92,7.890491315920968e-05,64,63,74,73,72,71,70,81,92,91,90,91,92,93,94,95,84,73,74,63,64,65
11,11,72,92,0.001990511484937773,64,63,62,73,72,71,82,81,92,91,90,91,80,81,70,71,72,73,74,63,64,65
11,11,72,92,0.004083705626225832,64,63,62,73,72,83,94,93,92,91,90,91,92,93,94,95,96,85,74,63,64,65
11,11,72,92,0.004000638501036901,64,63,62,73,72,83,82,81,92,91,90,91,80,69,70,71,72,73,62,63,64,65
11,11,72,92,0.000931892706144067,64,63,74,73,72,71,82,93,92,91,90,91,92,81,82,71,72,73,74,63,64,65
11,11,72,92,0.0008198672121525964,64,63,62,73,72,83,94,93,92,91,90,91,92,93,82,83,84,73,74,63,64,65
11,11,72,92,0.0019693019151267406,64,63,62,73,72,83,82,81,92,91,90,91,92,81,70,71,72,73,62,63,64,65
11,11,72,92,0.0004322501471718321,64,63,62,73,72,83,82,93,92,91,90,91,92,93,94,95,84,73,74,63,64,65
11,11,72,92,0.003943961571270465,64,63,62,73,72,71,82,93,92,91,90,91,92,81,70,71,72,73,74,63,64,65
11,11,72,92,0.00027452887855617286,64,63,74,73,72,71,70,81,92,91,90,91,92,93,94,95,84,85,74,63,64,65
11,11,72,92,0.0004740051040231983,64,63,62,73,72,83,82,81,92,91,90,91,92,93,94,83,84,85,74,63,64,65
11,11,72,92,0.0019816114358103877,64,63,74,73,72,83,94,93,92,91,90,91,80,81,82,71,72,73,74,63,64,65
11,11,72,92,0.0007840456213861535,64,63,74,73,72,71,82,93,92,91,90,91,92,93,82,71,72,73,74,63,64,65
11,11,72,92,0.0007381727313564449,64,63,62,73,72,71,82,93,92,91,90,91,80,81,82,83,72,73,62,63,64,65
11,11,72,92,0.0011943334582734918,64,63,62,73,72,83,82,81,92,91,90,91,92,81,82,71,72,73,62,63,64,65
11,11,72,92,0.00029963498728864863,64,63,74,73,72,83,82,81,92,91,90,91,80,81,82,83,84,85,74,63,64,65
11,11,72,92,0.004056961199992296,64,63,74,73,72,71,82,81,92,91,90,79,68,69,70,71,72,73,62,63,64,65
11,11,72,92,0.0016603683690482852,64,63,62,73,72,83,94,93,92,91,90,91,80,81,82,83,84,85,74,63,64,65
11,11,72,92,0.0004928678947110904,64,63,62,73,72,83,82,93,92,91,90,79,80,81,82,83,84,73,74,63,64,65
11,11,72,92,0.0036452564398608,64,63,74,73,72,83,94,93,92,91,90,91,80,81,70,71,72,73,74,63,64,65
11,11,72,92,0.015016995330130936,64,63,62,73,72,83,82,93,92,91,90,79,68,69,70,71,72,73,74,63,64,65
11,11,72,92,0.007325448893460428,64,63,62,73,72,71,82,81,92,91,90,79,68,69,70,71,72,73,62,63,64,65
11,11,72,92,0.00044540096603170047,64,63,74,73,72,83,82,93,92,91,90,79,80,81,82,83,72,73,62,63,64,65
11,11,72,92,0.0018675491146554351,64,63,74,73,72,83,82,93,92,91,90,79,80,81,70,71,72,73,74,63,64,65
11,11,72,92,0.0009924218959805645,64,63,62,73,72,71,82,93,92,91,90,91,92,93,94,83,72,73,62,63,64,65
11,11,72,92,0.00029888224681518807,64,63,62,73,72,83,82,81,92,91,90,91,92,93,94,95,84,73,74,63,64,65
11,11,72,92,0.0005362168902121378,64,63,74,73,72,83,82,81,92,91,90,91,80,81,82,71,72,73,62,63,64,65
11,11,72,92,0.00020602949547126966,64,63,74,73,72,71,70,81,92,91,90,79,80,81,82,83,72,73,62,63,64,65
11,11,72,92,0.0016793639962903173,64,63,62,73,72,71,82,93,92,91,90,91,80,81,82,71,72,73,74,63,64,65
11,11,72,92,0.0037636580884509905,64,63,74,73,72,83,94,93,92,91,90,79,80,81,70,71,72,73,74,63,64,65
11,11,72,92,0.00016006804773880079,64,63,62,73,72,83,82,81,92,91,90,91,92,93,82,83,84,73,74,63,64,65
11,11,72,92,0.0007714261487428457,64,63,62,73,72,83,82,93,92,91,90,91,92,81,82,83,72,73,74,63,64,65
11,11,72,92,0.000519213811282207,64,63,74,73,72,71,82,93,92,91,90,91,92,93,94,83,72,73,74,63,64,65
11,11,72,92,0.0001957568019511032,64,63,74,73,72,83,82,81,92,91,90,91,92,81,82,83,84,85,74,63,64,65
11,11,72,92,0.001719879145303042,64,63,74,73,72,71,82,81,92,91,90,91,80,69,70,71,72,73,62,63,64,65
11,11,72,92,0.00019097468600206018,64,63,74,73,72,71,70,81,92,91,90,79,80,81,82,83,72,73,74,63,64,65
11,11,72,92,0.00016573574071544433,64,63,74,73,72,83,82,93,92,91,90,91,92,93,94,95,84,73,74,63,64,65
11,11,72,92,0.0009186090507300584,64,63,74,73,72,83,82,93,92,91,90,91,92,81,82,71,72,73,74,63,64,65
11,11,72,92,0.007455053091449769,64,63,62,73,72,83,94,93,92,91,90,91,80,81,70,71,72,73,74,63,64,65
11,11,72,92,0.0019771835506723844,64,63,74,73,72,71,82,93,92,91,90,91,80,81,70,71,72,73,62,63,64,65
11,11,72,92,0.0004767946716601402,64,63,62,73,72,71,82,93,92,91,90,79,80,81,82,83,84,73,74,63,64,65
11,11,72,92,0.0011610357620357114,64,63,74,73,72,83,82,81,92,91,90,79,80,81,70,71,72,73,62,63,64,65
11,11,72,92,0.000409845048373538,64,63,62,73,72,71,82,81,92,91,90,79,80,81,82,83,84,85,74,63,64,65
11,11,72,92,0.0017721281899314761,64,63,62,73,72,83,82,81,92,91,90,79,80,81,70,71,72,73,74,63,64,65
11,11,72,92,0.0009980895889572087,64,63,62,73,72,71,82,81,92,91,90,91,92,93,82,71,72,73,62,63,64,65
11,11,72,92,0.0005785474721314442,64,63,62,73,72,71,70,81,92,91,90,91,92,93,94,83,72,73,62,63,64,65
11,11,72,92,0.0001929229554627815,64,63,62,73,72,83,82,81,92,91,90,91,92,93,94,83,84,73,74,63,64,65
11,11,72,92,0.001723952799630005,64,63,62,73,72,83,94,93,92,91,90,79,80,81,82,83,72,73,62,63,64,65
11,11,72,92,0.0002947200347854655,64,63,62,73,72,71,82,81,92,91,90,91,80,81,82,83,84,73,74,63,64,65
11,11,72,92,0.00047723746017394033,64,63,62,73,72,71,82,93,92,91,90,91,92,93,94,83,84,73,62,63,64,65
11,11,72,92,0.0010567590670357452,64,63,62,73,72,83,82,81,92,91,90,91,92,93,82,71,72,73,62,63,64,65
11,11,72,92,0.0009168378966748575,64,63,74,73,72,71,82,93,92,91,90,91,80,81,82,71,72,73,62,63,64,65
11,11,72,92,0.0003952330274181289,64,63,74,73,72,71,82,81,92,91,90,91,92,81,82,71,72,73,74,63,64,65
11,11,72,92,0.0002290544981888842,64,63,74,73,72,71,82,93,92,91,90,91,92,93,82,83,84,73,62,63,64,65
11,11,72,92,0.003987576239879794,64,63,74,73,72,71,82,81,92,91,90,79,68,69,70,71,72,73,74,63,64,65
11,11,72,92,0.0017946661252839107,64,63,62,73,72,71,70,81,92,91,90,79,80,81,70,71,72,73,62,63,64,65
11,11,72,92,0.0008656958233309249,64,63,62,73,72,71,70,81,92,91,90,91,92,81,82,71,72,73,74,63,64,65
11,11,72,92,0.00029777527553068753,64,63,74,73,72,71,70,81,92,91,90,91,92,81,82,83,84,85,74,63,64,65
11,11,72,92,0.0011748064848148996,64,63,62,73,72,71,70,81,92,91,90,91,92,93,94,95,96,85,74,63,64,65
11,11,72,92,0.0010272250731652665,64,63,74,73,72,71,82,93,92,91,90,79,80,81,82,71,72,73,62,63,64,65
11,11,72,92,0.001927369842869853,64,63,62,73,72,71,70,81,92,91,90,91,80,81,70,71,72,73,74,63,64,65
11,11,72,92,0.0002379102684648897,64,63,62,73,72,83,82,81,92,91,90,91,92,93,82,83,84,73,62,63,64,65
11,11,72,92,0.0009617366519742052,64,63,62,73,72,71,82,81,92,91,90,79,80,81,82,71,72,73,74,63,64,65
11,11,72,92,0.006803755466500932,64,63,74,73,72,83,94,93,92,91,90,79,80,69,70,71,72,73,74,63,64,65
11,11,72,92,0.0020437346642965676,64,63,74,73,72,83,94,93,92,91,90,91,92,81,82,71,72,73,62,63,64,65
11,11,72,92,0.00018605973349887714,64,63,62,73,72,83,82,81,92,91,90,79,80,81,82,83,84,73,62,63,64,65
11,11,72,92,0.0010054841571376732,64,63,74,73,72,71,82,93,92,91,90,79,80,81,82,71,72,73,74,63,64,65
11,11,72,92,0.000451112937859724,64,63,62,73,72,71,82,81,92,91,90,91,92,81,82,83,72,73,74,63,64,65
11,11,72,92,0.0005273168410847519,64,63,62,73,72,83,82,93,92,91,90,91,92,93,82,83,84,73,74,63,64,65
11,11,72,92,0.0021523506867317734,64,63,74,73,72,83,82,81,92,91,90,79,80,69,70,71,72,73,62,63,64,65
11,11,72,92,0.0038446883864764387,64,63,62,73,72,83,94,93,92,91,90,79,80,81,82,71,72,73,62,63,64,65
11,11,72,92,0.00016998651044792705,64,63,74,73,72,71,82,81,92,91,90,91,92,93,94,83,84,73,74,63,64,65
11,11,72,92,0.0004078082212100568,64,63,74,73,72,83,82,93,92,91,90,91,92,93,94,83,72,73,62,63,64,65
11,11,72,92,0.000281214985114557,64,63,62,73,72,71,70,81,92,91,90,91,92,93,82,83,84,73,74,63,64,65
11,11,72,92,0.0002512824815816582,64,63,74,73,72,83,82,81,92,91,90,91,92,93,94,83,72,73,74,63,64,65
11,11,72,92,0.0005057973193140587,64,63,62,73,72,71,82,81,92,91,90,91,80,81,82,83,84,85,74,63,64,65
11,11,72,92,0.0010660576258255516,64,63,74,73,72,71,70,81,92,91,90,79,80,81,70,71,72,73,62,63,64,65
11,11,72,92,0.0010091150229508353,64,63,62,73,72,83,82,93,92,91,90,91,80,81,82,83,84,85,74,63,64,65
11,11,72,92,0.0002726691667982117,64,63,74,73,72,71,82,93,92,91,90,79,80,81,82,83,84,73,74,63,64,65
11,11,72,92,0.00019726228289802423,64,63,74,73,72,83,82,93,92,91,90,91,92,93,94,83,84,73,74,63,64,65
11,11,72,92,0.000520984965337408,64,63,74,73,72,71,70,81,92,91,90,91,92,81,82,71,72,73,62,63,64,65
11,11,72,92,0.0009863556933415007,64,63,74,73,72,71,82,93,92,91,90,91,92,81,82,71,72,73,62,63,64,65
11,11,72,92,0.0002265306036602226,64,63,62,73,72,71,70,81,92,91,90,79,80,81,82,83,84,73,74,63,64,65
11,11,72,92,0.0009874183857746218,64,63,62,73,72,83,82,81,92,91,90,91,92,81,82,71,72,73,74,63,64,65
11,11,72,92,0.0009006318370697672,64,63,74,73,72,83,94,93,92,91,90,91,80,81,82,83,72,73,74,63,64,65
11,11,72,92,0.015085317597810316,64,63,62,73,72,71,82,93,92,91,90,79,68,69,70,71,72,73,62,63,64,65
11,11,72,92,0.0019617745103921356,64,63,62,73,72,83,82,81,92,91,90,91,80,81,70,71,72,73,74,63,64,65
11,11,72,92,0.0038215748260560694,64,63,74,73,72,83,82,93,92,91,90,91,80,69,70,71,72,73,74,63,64,65
11,11,72,92,0.0005288223220316729,64,63,62,73,72,71,70,81,92,91,90,91,92,93,82,83,72,73,62,63,64,65
11,11,72,92,0.00039120365194254635,64,63,62,73,72,71,70,81,92,91,90,79,80,81,82,83,72,73,62,63,64,65
11,11,72,92,0.0005017236649870958,64,63,74,73,72,83,94,93,92,91,90,91,80,81,82,83,84,73,74,63,64,65
11,11,72,92,0.00025234517401477883,64,63,74,73,72,71,82,81,92,91,90,91,92,93,82,83,72,73,62,63,64,65
11,11,72,92,0.00048312654740748404,64,63,62,73,72,71,70,81,92,91,90,79,80,81,82,83,72,73,74,63,64,65
11,11,72,92,0.00035020143556464047,64,63,74,73,72,71,82,81,92,91,90,79,80,81,82,71,72,73,74,63,64,65
11,11,72,92,0.00048737731713996673,64,63,74,73,72,71,82,81,92,91,90,91,92,93,82,71,72,73,62,63,64,65
11,11,72,92,0.0019502177301819463,64,63,62,73,72,71,82,93,92,91,90,79,80,81,82,71,72,73,62,63,64,65
11,11,72,92,0.0005336044379807161,64,63,74,73,72,83,82,93,92,91,90,91,92,93,94,83,72,73,74,63,64,65
11,11,72,92,0.0019352957572668777,64,63,74,73,72,83,82,93,92,91,90,91,80,81,70,71,72,73,62,63,64,65
11,11,72,92,0.0004471278412355217,64,63,74,73,72,71,82,93,92,91,90,91,92,93,94,83,84,85,74,63,64,65
11,11,72,92,0.0004557622172546269,64,63,62,73,72,83,82,93,92,91,90,91,92,81,82,83,84,73,62,63,64,65
11,11,72,92,0.000490698230993469,64,63,74,73,72,83,94,93,92,91,90,91,80,81,82,83,84,73,62,63,64,65
11,11,72,92,0.00010299260830994485,64,63,74,73,72,83,82,81,92,91,90,91,92,93,94,83,84,73,62,63,64,65
11,11,72,92,0.0008861969315198785,64,63,62,73,72,83,94,93,92,91,90,91,80,81,82,83,84,73,62,63,64,65
11,11,72,92,0.0003027787857366306,64,63,74,73,72,83,82,93,92,91,90,79,80,81,82,83,84,73,62,63,64,65
11,11,72,92,0.0004032474995179138,64,63,74,73,72,71,82,93,92,91,90,79,80,81,82,83,72,73,62,63,64,65
11,11,72,92,0.0018314175719293317,64,63,62,73,72,71,82,81,92,91,90,91,80,81,70,71,72,73,62,63,64,65
11,11,72,92,0.004237441798217292,64,63,62,73,72,71,82,93,92,91,90,91,80,81,70,71,72,73,62,63,64,65
11,11,72,92,0.007443363474685448,64,63,74,73,72,83,94,93,92,91,90,91,80,69,70,71,72,73,74,63,64,65
11,11,72,92,0.0008548475047428179,64,63,62,73,72,71,82,81,92,91,90,91,92,81,82,71,72,73,74,63,64,65
11,11,72,92,0.00041334307763256025,64,63,74,73,72,71,70,81,92,91,90,79,80,81,82,71,72,73,62,63,64,65
11,11,72,92,0.0020117653336001857,64,63,74,73,72,83,82,93,92,91,90,91,92,81,70,71,72,73,62,63,64,65
11,11,72,92,0.000536925351834218,64,63,62,73,72,71,70,81,92,91,90,91,92,93,94,83,72,73,74,63,64,65
11,11,72,92,0.0003626880716538083,64,63,74,73,72,71,82,81,92,91,90,91,92,93,82,71,72,73,74,63,64,65
11,11,72,92,0.00012393650501269803,64,63,74,73,72,71,82,81,92,91,90,91,92,93,82,83,84,73,62,63,64,65
11,11,72,92,0.0004659020742206534,64,63,62,73,72,71,70,81,92,91,90,91,80,81,82,83,72,73,62,63,64,65
11,11,72,92,0.003791332370563511,64,63,62,73,72,83,94,93,92,91,90,91,80,81,82,71,72,73,62,63,64,65
11,11,72,92,0.003884893583529512,64,63,74,73,72,83,94,93,92,91,90,91,80,81,70,71,72,73,62,63,64,65
11,11,72,92,0.0005206750133777478,64,63,62,73,72,71,82,93,92,91,90,91,92,81,82,83,84,73,62,63,64,65
11,11,72,92,0.0002141768041251949,64,63,74,73,72,71,70,81,92,91,90,91,80,81,82,83,84,85,74,63,64,65
11,11,72,92,0.0019890502828422314,64,63,62,73,72,83,94,93,92,91,90,91,80,81,82,83,72,73,74,63,64,65
11,11,72,92,0.003817545450580488,64,63,62,73,72,83,94,93,92,91,90,91,92,93,82,71,72,73,74,63,64,65
11,11,72,92,0.0005789459817938644,64,63,74,73,72,71,82,93,92,91,90,91,92,93,82,83,72,73,74,63,64,65
11,11,72,92,0.00030747234398291354,64,63,74,73,72,71,82,93,92,91,90,91,92,81,82,83,84,73,62,63,64,65
11,11,72,92,0.0008826103445580956,64,63,74,73,72,83,82,93,92,91,90,79,80,81,82,71,72,73,62,63,64,65
11,11,72,92,0.0010564048362247053,64,63,74,73,72,83,94,93,92,91,90,79,80,81,82,83,72,73,74,63,64,65
11,11,72,92,0.00045438957286184615,64,63,74,73,72,83,82,93,92,91,90,91,92,81,82,83,72,73,74,63,64,65
11,11,72,92,0.00022258978588740014,64,63,74,73,72,71,82,93,92,91,90,91,92,93,94,83,84,73,62,63,64,65
11,11,72,92,0.0008080890376855087,64,63,62,73,72,83,82,93,92,91,90,79,80,81,82,83,72,73,62,63,64,65
11,11,72,92,0.00030915494033535463,64,63,62,73,72,71,82,93,92,91,90,91,80,81,82,83,84,73,62,63,64,65
11,11,72,92,0.0004930450101166101,64,63,74,73,72,83,82,81,92,91,90,91,80,81,82,71,72,73,74,63,64,65
11,11,72,92,0.0041468915471451285,64,63,74,73,72,83,82,93,92,91,90,79,80,69,70,71,72,73,62,63,64,65
11,11,72,92,0.0021082489507572677,64,63,74,73,72,83,82,93,92,91,90,91,80,81,70,71,72,73,74,63,64,65
11,11,72,92,0.00048529621112510554,64,63,74,73,72,71,70,81,92,91,90,91,80,81,82,71,72,73,62,63,64,65
11,11,72,92,0.0003286819137939469,64,63,74,73,72,83,82,93,92,91,90,91,92,93,82,83,84,73,74,63,64,65
11,11,72,92,0.003609921916459538,64,63,74,73,72,71,70,81,92,91,90,79,68,69,70,71,72,73,74,63,64,65
11,11,72,92,0.0019659810012732375,64,63,62,73,72,83,94,93,92,91,90,91,92,81,82,83,72,73,74,63,64,65
11,11,72,92,0.003945954119582567,64,63,62,73,72,71,70,81,92,91,90,79,80,69,70,71,72,73,74,63,64,65
11,11,72,92,0.0005314790531144746,64,63,74,73,72,83,82,93,92,91,90,79,80,81,82,83,72,73,74,63,64,65
11,11,72,92,0.00019341002282796178,64,63,74,73,72,71,82,81,92,91,90,91,80,81,82,83,84,73,74,63,64,65
11,11,72,92,0.0004913181349127893,64,63,62,73,72,71,82,81,92,91,90,91,92,93,94,83,72,73,74,63,64,65
11,11,72,92,0.0010165095911313002,64,63,74,73,72,83,94,93,92,91,90,91,80,81,82,83,84,85,74,63,64,65
11,11,72,92,0.007939286610141759,64,63,62,73,72,71,82,93,92,91,90,91,80,69,70,71,72,73,62,63,64,65
11,11,72,92,0.000251016808473378,64,63,74,73,72,71,70,81,92,91,90,91,92,93,94,83,72,73,62,63,64,65
11,11,72,92,0.000827527453441341,64,63,62,73,72,71,82,93,92,91,90,91,80,81,82,83,72,73,74,63,64,65
11,11,72,92,0.0017042929896172725,64,63,62,73,72,71,82,93,92,91,90,91,92,81,82,71,72,73,62,63,64,65
11,11,72,92,0.000457267698201548,64,63,62,73,72,83,82,81,92,91,90,79,80,81,82,83,72,73,62,63,64,65
11,11,72,92,0.014806493670670282,64,63,62,73,72,83,94,93,92,91,90,79,80,69,70,71,72,73,74,63,64,65
11,11,72,92,0.016006539100771763,64,63,74,73,72,83,94,93,92,91,90,79,68,69,70,71,72,73,62,63,64,65
11,11,72,92,0.0005343571784541765,64,63,74,73,72,71,82,93,92,91,90,91,80,81,82,83,84,85,74,63,64,65
11,11,72,92,0.0007075317662014654,64,63,74,73,72,83,82,93,92,91,90,91,92,93,82,71,72,73,62,63,64,65
11,11,72,92,0.00797183156590608,64,63,74,73,72,83,94,93,92,91,90,79,80,69,70,71,72,73,62,63,64,65
11,11,72,92,0.003687542742928726,64,63,62,73,72,83,82,81,92,91,90,91,80,69,70,71,72,73,74,63,64,65
11,11,72,92,0.0005264312640571513,64,63,62,73,72,71,82,81,92,91,90,91,80,81,82,83,72,73,62,63,64,65
11,11,72,92,0.0035659087381877883,64,63,74,73,72,83,82,93,92,91,90,79,80,69,70,71,72,73,74,63,64,65
11,11,72,92,0.00026801988740330875,64,63,74,73,72,83,82,93,92,91,90,91,80,81,82,83,84,73,74,63,64,65
11,11,72,92,0.0002648760889553268,64,63,62,73,72,71,82,81,92,91,90,91,92,81,82,83,84,73,74,63,64,65
11,11,72,92,0.0010646407025813908,64,63,74,73,72,83,82,93,92,91,90,91,80,81,82,71,72,73,74,63,64,65
11,11,72,92,0.0010230628611355443,64,63,62,73,72,71,82,81,92,91,90,91,80,81,82,71,72,73,62,63,64,65
11,11,72,92,0.0009000119331504471,64,63,62,73,72,71,70,81,92,91,90,79,80,81,82,71,72,73,74,63,64,65
11,11,72,92,0.0017218274147637628,64,63,62,73,72,71,82,93,92,91,90,91,92,81,82,71,72,73,74,63,64,65
11,11,72,92,0.0005368810729828379,64,63,74,73,72,83,82,81,92,91,90,91,92,93,82,71,72,73,62,63,64,65
11,11,72,92,0.00044420543704443973,64,63,62,73,72,83,82,81,92,91,90,91,92,81,82,83,72,73,62,63,64,65
11,11,72,92,0.0005303278029785939,64,63,62,73,72,83,82,81,92,91,90,91,80,81,82,83,72,73,62,63,64,65
11,11,72,92,0.0002837831584945987,64,63,74,73,72,83,82,81,92,91,90,79,80,81,82,71,72,73,74,63,64,65
11,11,72,92,0.0009773228076599754,64,63,62,73,72,71,82,81,92,91,90,79,80,81,82,71,72,73,62,63,64,65
11,11,72,92,8.913332782799612e-05,64,63,74,73,72,71,70,81,92,91,90,91,80,81,82,83,84,73,74,63,64,65
11,11,72,92,0.0008879680855750796,64,63,74,73,72,83,94,93,92,91,90,91,92,81,82,83,72,73,74,63,64,65
11,11,72,92,0.0019048761863688,64,63,62,73,72,83,94,93,92,91,90,91,92,93,82,83,72,73,74,63,64,65
11,11,72,92,0.0018390335343666973,64,63,62,73,72,83,94,93,92,91,90,91,92,81,82,83,72,73,62,63,64,65
11,11,72,92,0.0038434485786378036,64,63,74,73,72,71,82,93,92,91,90,79,80,69,70,71,72,73,74,63,64,65
11,11,72,92,0.0018795044045280434,64,63,62,73,72,71,82,81,92,91,90,79,80,81,70,71,72,73,62,63,64,65
11,11,72,92,0.0004236600500041067,64,63,74,73,72,71,82,81,92,91,90,91,92,93,82,83,84,85,74,63,64,65
11,11,72,92,0.0007660684077258624,64,63,74,73,72,83,94,93,92,91,90,91,92,81,82,83,72,73,62,63,64,65
11,11,72,92,0.000865385871371265,64,63,74,73,72,83,82,93,92,91,90,91,80,81,82,71,72,73,62,63,64,65
11,11,72,92,0.0009774999230654957,64,63,62,73,72,71,70,81,92,91,90,91,80,81,82,71,72,73,62,63,64,65
11,11,72,92,0.007121943292517819,64,63,74,73,72,83,82,93,92,91,90,79,68,69,70,71,72,73,74,63,64,65
11,11,72,92,0.0015827032637277163,64,63,62,73,72,83,82,81,92,91,90,79,80,81,70,71,72,73,62,63,64,65
11,11,72,92,0.007691413600116365,64,63,74,73,72,71,82,93,92,91,90,79,68,69,70,71,72,73,74,63,64,65
11,11,72,92,0.0010282877655983871,64,63,62,73,72,83,82,81,92,91,90,91,92,93,82,71,72,73,74,63,64,65
11,11,72,92,9.121443384285743e-05,64,63,74,73,72,83,82,81,92,91,90,91,92,93,94,83,84,73,74,63,64,65
11,11,72,92,0.0003525924935391619,64,63,62,73,72,71,82,93,92,91,90,91,92,93,94,83,84,73,74,63,64,65
11,11,72,92,0.0003079151324967139,64,63,62,73,72,83,82,81,92,91,90,91,80,81,82,83,84,73,74,63,64,65
11,11,72,92,0.0035606838337249457,64,63,62,73,72,71,82,93,92,91,90,91,80,81,70,71,72,73,74,63,64,65
11,11,72,92,0.0037986383810412147,64,63,62,73,72,83,82,93,92,91,90,91,80,81,70,71,72,73,62,63,64,65
11,11,72,92,0.001853689834173487,64,63,74,73,72,71,82,93,92,91,90,91,80,81,70,71,72,73,74,63,64,65
11,11,72,92,0.0004552751498894466,64,63,62,73,72,71,70,81,92,91,90,91,92,93,82,83,72,73,74,63,64,65
11,11,72,92,0.0004185679820954035,64,63,62,73,72,83,82,81,92,91,90,91,92,93,94,83,72,73,62,63,64,65
11,11,72,92,0.001792230788458008,64,63,62,73,72,71,82,93,92,91,90,91,92,93,82,71,72,73,74,63,64,65
11,11,72,92,0.0010255424768128261,64,63,74,73,72,83,82,81,92,91,90,79,80,81,70,71,72,73,74,63,64,65
11,11,72,92,0.0017995810777870931,64,63,62,73,72,83,82,93,92,91,90,79,80,81,82,71,72,73,74,63,64,65
11,11,72,92,0.00014855554637999353,64,63,74,73,72,71,82,81,92,91,90,91,80,81,82,83,84,73,62,63,64,65
11,11,72,92,0.0009566888629168824,64,63,62,73,72,71,82,81,92,91,90,91,92,81,82,71,72,73,62,63,64,65
11,11,72,92,0.0004660349107747934,64,63,74,73,72,83,82,93,92,91,90,91,92,81,82,83,72,73,62,63,64,65
11,11,72,92,0.007695974321808502,64,63,62,73,72,83,82,93,92,91,90,91,80,69,70,71,72,73,74,63,64,65
11,11,72,92,0.0009843631450294,64,63,62,73,72,71,82,93,92,91,90,91,92,93,82,83,72,73,74,63,64,65
11,11,72,92,0.0008513937543351762,64,63,62,73,72,83,82,93,92,91,90,91,92,93,82,83,84,85,74,63,64,65
11,11,72,92,0.0002917533517430037,64,63,62,73,72,83,82,81,92,91,90,91,80,81,82,83,84,73,62,63,64,65
11,11,72,92,0.0037107891399032395,64,63,62,73,72,71,70,81,92,91,90,91,80,69,70,71,72,73,74,63,64,65
11,11,72,92,0.0001478028059065331,64,63,74,73,72,83,82,81,92,91,90,91,92,93,94,95,84,73,74,63,64,65
11,11,72,92,0.0010519769510867023,64,63,62,73,72,71,70,81,92,91,90,79,80,81,82,71,72,73,62,63,64,65
11,11,72,92,0.000535375592035917,64,63,74,73,72,83,94,93,92,91,90,91,92,93,94,95,84,73,62,63,64,65
11,11,72,92,0.00019504834032902285,64,63,62,73,72,71,82,81,92,91,90,91,92,93,94,83,84,73,62,63,64,65
11,11,72,92,0.0002054538704033293,64,63,74,73,72,71,82,81,92,91,90,79,80,81,82,83,72,73,62,63,64,65
11,11,72,92,0.003501660124835364,64,63,74,73,72,83,82,81,92,91,90,79,68,69,70,71,72,73,62,63,64,65
11,11,72,92,0.007840456213861527,64,63,62,73,72,83,94,93,92,91,90,91,80,81,70,71,72,73,62,63,64,65
11,11,72,92,0.0016186134121969197,64,63,62,73,72,71,82,93,92,91,90,79,80,81,82,71,72,73,74,63,64,65
11,11,72,92,0.0004370322631208752,64,63,62,73,72,83,82,93,92,91,90,91,92,81,82,83,84,73,74,63,64,65
11,11,72,92,0.0018884487325068096,64,63,62,73,72,83,82,93,92,91,90,91,92,93,82,71,72,73,62,63,64,65
11,11,72,92,0.0019167871973900267,64,63,62,73,72,83,82,81,92,91,90,91,80,81,70,71,72,73,62,63,64,65
11,11,72,92,0.0009385345338510708,64,63,62,73,72,83,82,93,92,91,90,79,80,81,82,83,84,85,74,63,64,65
11,11,72,92,0.0004569134673905078,64,63,62,73,72,83,82,81,92,91,90,91,92,93,82,83,72,73,62,63,64,65
11,11,72,92,0.0009866213664497814,64,63,74,73,72,83,94,93,92,91,90,91,92,93,82,83,72,73,62,63,64,65
11,11,72,92,0.014642307689753154,64,63,62,73,72,83,82,93,92,91,90,79,68,69,70,71,72,73,62,63,64,65
11,11,72,92,0.014860690984759417,64,63,62,73,72,83,94,93,92,91,90,91,80,69,70,71,72,73,74,63,64,65
11,11,72,92,0.0005276710718957922,64,63,62,73,72,83,82,93,92,91,90,79,80,81,82,83,84,73,62,63,64,65
11,11,72,92,0.00016307900963264267,64,63,74,73,72,71,82,81,92,91,90,79,80,81,82,83,72,73,74,63,64,65
11,11,72,92,0.0010340882951291705,64,63,74,73,72,71,82,93,92,91,90,91,80,81,82,71,72,73,74,63,64,65
11,11,72,92,0.00042538692520792794,64,63,62,73,72,71,70,81,92,91,90,91,92,81,82,83,72,73,62,63,64,65
11,11,72,92,0.0002376003165052296,64,63,62,73,72,71,70,81,92,91,90,79,80,81,82,83,84,73,62,63,64,65
11,11,72,92,0.00029206330370266383,64,63,74,73,72,83,82,81,92,91,90,91,92,81,82,83,72,73,62,63,64,65
11,11,72,92,0.0005404233810932404,64,63,62,73,72,71,82,81,92,91,90,79,80,81,82,83,72,73,62,63,64,65
11,11,72,92,0.0005688061248278382,64,63,74,73,72,83,94,93,92,91,90,91,92,81,82,83,84,73,62,63,64,65
11,11,72,92,0.00022329824750948058,64,63,74,73,72,71,82,93,92,91,90,91,92,93,94,95,84,73,62,63,64,65
11,11,72,92,0.0008242950972905989,64,63,62,73,72,83,94,93,92,91,90,91,92,93,82,83,84,73,62,63,64,65
11,11,72,92,0.00044637510076206107,64,63,74,73,72,83,94,93,92,91,90,79,80,81,82,83,84,73,62,63,64,65
11,11,72,92,0.001053172480073963,64,63,62,73,72,71,82,93,92,91,90,79,80,81,82,83,84,85,74,63,64,65
11,11,72,92,0.00014970679651587425,64,63,74,73,72,83,82,81,92,91,90,91,92,93,82,83,84,73,62,63,64,65
11,11,72,92,0.00047511207530769907,64,63,62,73,72,71,70,81,92,91,90,91,92,93,94,95,84,85,74,63,64,65
11,11,72,92,0.00025123820273027824,64,63,74,73,72,83,82,93,92,91,90,91,92,93,82,83,84,73,62,63,64,65
11,11,72,92,0.0019206394574600892,64,63,62,73,72,71,70,81,92,91,90,91,92,81,70,71,72,73,62,63,64,65
11,11,72,92,0.00016887953916342631,64,63,62,73,72,71,70,81,92,91,90,91,92,81,82,83,84,73,62,63,64,65
11,11,72,92,0.0007548215794753353,64,63,74,73,72,83,82,93,92,91,90,91,92,93,94,95,96,85,74,63,64,65
11,11,72,92,0.00019540257114006307,64,63,74,73,72,71,82,81,92,91,90,91,92,93,82,83,84,73,74,63,64,65
11,11,72,92,0.0001038781853375454,64,63,74,73,72,83,82,81,92,91,90,91,80,81,82,83,84,73,62,63,64,65
11,11,72,92,0.0002851115240359995,64,63,62,73,72,71,82,81,92,91,90,91,92,93,82,83,84,73,74,63,64,65
11,11,72,92,0.00046758467057309423,64,63,62,73,72,71,82,81,92,91,90,79,80,81,82,83,72,73,74,63,64,65
11,11,72,92,0.00043769644589157573,64,63,74,73,72,83,82,93,92,91,90,91,92,81,82,83,84,85,74,63,64,65
11,11,72,92,0.0002393714705604306,64,63,74,73,72,83,82,81,92,91,90,91,80,81,82,83,72,73,62,63,64,65
11,11,72,92,0.00027271344564959167,64,63,74,73,72,83,82,93,92,91,90,91,92,93,94,83,84,73,62,63,64,65
11,11,72,92,0.000995919925239587,64,63,62,73,72,83,82,81,92,91,90,91,92,93,94,95,96,85,74,63,64,65
11,11,72,92,0.0005545483346834691,64,63,74,73,72,71,70,81,92,91,90,91,80,81,82,71,72,73,74,63,64,65
11,11,72,92,0.0037262867378862474,64,63,62,73,72,71,70,81,92,91,90,79,80,69,70,71,72,73,62,63,64,65
11,11,72,92,0.003865543725476435,64,63,62,73,72,83,82,93,92,91,90,91,92,81,70,71,72,73,62,63,64,65
11,11,72,92,0.0005858977614605291,64,63,62,73,72,83,82,81,92,91,90,91,92,93,82,83,72,73,74,63,64,65
11,11,72,92,0.0008233652414116185,64,63,62,73,72,71,82,93,92,91,90,91,92,93,94,83,84,85,74,63,64,65
11,11,72,92,0.0004208262035157849,64,63,62,73,72,71,70,81,92,91,90,91,92,93,94,83,84,85,74,63,64,65
11,11,72,92,0.0020216395174579337,64,63,62,73,72,83,94,93,92,91,90,91,92,81,82,83,84,85,74,63,64,65
11,11,72,92,0.0003847832184924423,64,63,74,73,72,71,82,93,92,91,90,91,92,81,82,83,84,85,74,63,64,65
11,11,72,92,0.000932601167766147,64,63,74,73,72,83,82,93,92,91,90,79,80,81,82,71,72,73,74,63,64,65
11,11,72,92,0.0019704531652626205,64,63,62,73,72,71,70,81,92,91,90,79,80,81,70,71,72,73,74,63,64,65
11,11,72,92,0.00019132891681310045,64,63,74,73,72,71,82,93,92,91,90,91,92,93,82,83,84,73,74,63,64,65
11,11,72,92,0.00026469897354980664,64,63,74,73,72,83,82,81,92,91,90,91,80,81,82,83,72,73,74,63,64,65
11,11,72,92,0.001012701609912618,64,63,74,73,72,83,94,93,92,91,90,91,92,93,94,83,72,73,74,63,64,65
11,11,72,92,0.0004967644336325327,64,63,74,73,72,83,82,93,92,91,90,91,92,93,82,83,72,73,74,63,64,65
11,11,72,92,0.000493620635184551,64,63,74,73,72,71,82,93,92,91,90,91,92,93,94,95,84,85,74,63,64,65
11,11,72,92,0.0005027863574202165,64,63,62,73,72,71,82,93,92,91,90,91,92,81,82,83,84,73,74,63,64,65
11,11,72,92,0.0010190777645113413,64,63,74,73,72,71,70,81,92,91,90,91,92,81,70,71,72,73,74,63,64,65
11,11,72,92,0.00019712944634388415,64,63,74,73,72,71,82,81,92,91,90,79,80,81,82,83,84,85,74,63,64,65
11,11,72,92,0.0036394116314786363,64,63,62,73,72,71,82,81,92,91,90,91,80,69,70,71,72,73,74,63,64,65
11,11,72,92,0.0001462973249596121,64,63,74,73,72,71,82,81,92,91,90,91,92,93,94,95,84,73,74,63,64,65
11,11,72,92,0.0009574858822417233,64,63,62,73,72,71,70,81,92,91,90,91,92,93,82,71,72,73,62,63,64,65
11,11,72,92,0.0020330191822626,64,63,74,73,72,71,70,81,92,91,90,79,80,69,70,71,72,73,62,63,64,65
11,11,72,92,0.00043951187879815687,64,63,74,73,72,83,82,93,92,91,90,91,92,93,94,83,84,85,74,63,64,65
11,11,72,92,0.007794539044980437,64,63,74,73,72,83,94,93,92,91,90,91,80,69,70,71,72,73,62,63,64,65
11,11,72,92,0.0009420325631100934,64,63,62,73,72,83,94,93,92,91,90,79,80,81,82,83,84,73,74,63,64,65
11,11,72,92,0.003947769552489151,64,63,62,73,72,83,94,93,92,91,90,91,92,81,82,71,72,73,74,63,64,65
11,11,72,92,0.00046532644915271297,64,63,74,73,72,83,94,93,92,91,90,91,92,93,82,83,84,73,62,63,64,65
11,11,72,92,0.0018239787248974873,64,63,62,73,72,83,94,93,92,91,90,91,92,93,82,83,72,73,62,63,64,65
11,11,72,92,0.014550473351990952,64,63,62,73,72,83,94,93,92,91,90,91,80,69,70,71,72,73,62,63,64,65
11,11,72,92,0.0009546077569020212,64,63,62,73,72,83,82,93,92,91,90,91,92,93,94,83,84,85,74,63,64,65
11,11,72,92,0.0010475490659486995,64,63,62,73,72,71,82,93,92,91,90,91,92,93,94,83,72,73,74,63,64,65
11,11,72,92,0.0035242866178905614,64,63,62,73,72,83,82,93,92,91,90,79,80,81,70,71,72,73,62,63,64,65
11,11,72,92,0.002015838987927151,64,63,74,73,72,83,94,93,92,91,90,91,92,93,82,71,72,73,74,63,64,65
11,11,72,92,0.0004175052896622829,64,63,62,73,72,71,70,81,92,91,90,91,92,93,82,83,84,85,74,63,64,65
11,11,72,92,0.0004197635110826641,64,63,74,73,72,83,94,93,92,91,90,91,92,93,94,83,84,73,74,63,64,65
11,11,72,92,0.0002614666173990646,64,63,74,73,72,71,70,81,92,91,90,91,92,93,82,83,84,85,74,63,64,65
11,11,72,92,0.00042419139622066704,64,63,74,73,72,71,70,81,92,91,90,91,92,93,82,71,72,73,62,63,64,65
11,11,72,92,7.000486403182406e-05,64,63,74,73,72,83,82,81,92,91,90,91,92,93,94,95,84,73,62,63,64,65
11,11,72,92,0.00044912038954762285,64,63,74,73,72,71,70,81,92,91,90,79,80,81,82,71,72,73,74,63,64,65
11,11,72,92,0.00044407260049029963,64,63,74,73,72,71,82,93,92,91,90,91,92,93,82,83,72,73,62,63,64,65
11,11,72,92,0.003863728292569856,64,63,62,73,72,83,82,81,92,91,90,79,80,69,70,71,72,73,74,63,64,65
11,11,72,92,0.003870104447168578,64,63,74,73,72,71,82,93,92,91,90,79,80,69,70,71,72,73,62,63,64,65
11,11,72,92,0.0002473416638088357,64,63,62,73,72,71,70,81,92,91,90,91,92,93,94,83,84,73,74,63,64,65
11,11,72,92,6.703818098936221e-05,64,63,74,73,72,71,82,81,92,91,90,91,92,81,82,83,84,73,62,63,64,65
11,11,72,92,0.00398120008528107,64,63,62,73,72,71,82,81,92,91,90,79,80,69,70,71,72,73,74,63,64,65
11,11,72,92,0.000941855447704573,64,63,62,73,72,71,82,93,92,91,90,91,92,93,82,83,84,85,74,63,64,65
11,11,72,92,0.00033917600157101356,64,63,62,73,72,83,82,93,92,91,90,91,80,81,82,83,84,73,74,63,64,65
11,11,72,92,0.0036742148086633323,64,63,74,73,72,83,94,93,92,91,90,79,80,81,70,71,72,73,62,63,64,65
11,11,72,92,0.00037349211139053515,64,63,74,73,72,71,82,81,92,91,90,79,80,81,82,71,72,73,62,63,64,65
11,11,72,92,0.004004623597661101,64,63,74,73,72,83,82,93,92,91,90,91,80,69,70,71,72,73,62,63,64,65
11,11,72,92,0.003811523526792802,64,63,62,73,72,83,82,81,92,91,90,79,80,69,70,71,72,73,62,63,64,65
11,11,72,92,0.0001936756959362419,64,63,74,73,72,71,70,81,92,91,90,91,92,93,94,83,72,73,74,63,64,65
11,11,72,92,0.007416884721560196,64,63,62,73,72,71,82,81,92,91,90,79,68,69,70,71,72,73,74,63,64,65
11,11,72,92,0.001055076470683305,64,63,74,73,72,71,70,81,92,91,90,91,92,81,70,71,72,73,62,63,64,65
11,11,72,92,0.0002928603230275043,64,63,74,73,72,71,82,81,92,91,90,91,80,81,82,83,84,85,74,63,64,65
11,11,72,92,0.0008611793804901623,64,63,74,73,72,83,94,93,92,91,90,91,92,93,94,95,84,85,74,63,64,65
11,11,72,92,0.0010382505071588936,64,63,74,73,72,83,82,81,92,91,90,91,92,81,70,71,72,73,74,63,64,65
11,11,72,92,0.008069776385158683,64,63,62,73,72,83,94,93,92,91,90,79,80,81,70,71,72,73,74,63,64,65
11,11,72,92,0.0016486344734325774,64,63,74,73,72,71,82,93,92,91,90,91,92,81,70,71,72,73,74,63,64,65
11,11,72,92,0.00011561208095325277,64,63,74,73,72,71,70,81,92,91,90,79,80,81,82,83,84,73,62,63,64,65
11,11,72,92,0.000901074625583567,64,63,62,73,72,71,82,81,92,91,90,91,92,93,94,95,96,85,74,63,64,65
11,11,72,92,0.0005503418438023663,64,63,62,73,72,71,70,81,92,91,90,91,80,81,82,83,84,85,74,63,64,65
11,11,72,92,0.0009541649683882208,64,63,74,73,72,83,82,93,92,91,90,91,92,93,82,71,72,73,74,63,64,65
11,11,72,92,0.014752296356581105,64,63,74,73,72,83,94,93,92,91,90,79,68,69,70,71,72,73,74,63,64,65
11,11,72,92,0.0004945062122121513,64,63,62,73,72,83,82,93,92,91,90,91,92,93,94,95,84,73,62,63,64,65
11,11,72,92,0.0005200551094584273,64,63,62,73,72,83,82,81,92,91,90,91,92,93,94,95,84,85,74,63,64,65
11,11,72,92,0.0004873330382885869,64,63,62,73,72,71,82,93,92,91,90,91,92,93,82,83,84,73,74,63,64,65
11,11,72,92,0.0005278924661526924,64,63,62,73,72,71,82,93,92,91,90,79,80,81,82,83,84,73,62,63,64,65
11,11,72,92,0.00047834443145844125,64,63,62,73,72,83,82,93,92,91,90,91,92,93,82,83,84,73,62,63,64,65
11,11,72,92,0.0011275166715410297,64,63,74,73,72,71,82,81,92,91,90,79,80,81,70,71,72,73,62,63,64,65
11,11,72,92,0.00015842973023773977,64,63,74,73,72,83,82,81,92,91,90,79,80,81,82,83,72,73,74,63,64,65
11,11,72,92,0.0018331887259845333,64,63,62,73,72,83,82,93,92,91,90,91,92,81,82,71,72,73,62,63,64,65
11,11,72,92,0.00030702955546911336,64,63,62,73,72,71,70,81,92,91,90,91,80,81,82,83,84,73,74,63,64,65
11,11,72,92,0.0009759501632671941,64,63,62,73,72,71,82,93,92,91,90,79,80,81,82,83,72,73,62,63,64,65
11,11,72,92,0.0038528356951303654,64,63,74,73,72,71,70,81,92,91,90,79,68,69,70,71,72,73,62,63,64,65
11,11,72,92,0.00029511854444788573,64,63,74,73,72,71,82,81,92,91,90,91,92,81,82,83,84,85,74,63,64,65
11,11,72,92,0.001980371627971747,64,63,62,73,72,83,82,93,92,91,90,91,92,93,82,71,72,73,74,63,64,65
11,11,72,92,0.0010165095911313007,64,63,74,73,72,83,94,93,92,91,90,91,92,93,82,83,72,73,74,63,64,65
11,11,72,92,0.0004783444314584411,64,63,74,73,72,83,82,93,92,91,90,91,80,81,82,83,84,85,74,63,64,65
11,11,72,92,0.0008669799100209458,64,63,62,73,72,71,82,93,92,91,90,91,92,81,82,83,84,85,74,63,64,65
11,11,72,92,0.00018433285829505606,64,63,74,73,72,83,82,81,92,91,90,91,92,93,94,95,84,85,74,63,64,65
11,11,72,92,0.0008939900093627628,64,63,62,73,72,83,82,93,92,91,90,91,92,81,82,83,72,73,62,63,64,65
11,11,72,92,6.823370997662295e-05,64,63,74,73,72,83,82,81,92,91,90,79,80,81,82,83,84,73,74,63,64,65
11,11,72,92,0.0011509401839210648,64,63,62,73,72,83,94,93,92,91,90,91,92,81,82,83,84,73,62,63,64,65
11,11,72,92,0.00043109889703595136,64,63,62,73,72,71,82,93,92,91,90,91,92,93,82,83,84,73,62,63,64,65
11,11,72,92,0.0008741530839445102,64,63,74,73,72,83,82,81,92,91,90,91,80,81,70,71,72,73,62,63,64,65
11,11,72,92,0.0008850899602353769,64,63,74,73,72,83,94,93,92,91,90,79,80,81,82,83,72,73,62,63,64,65
11,11,72,92,0.000969972518330891,64,63,74,73,72,71,82,81,92,91,90,91,92,81,70,71,72,73,74,63,64,65
11,11,72,92,0.003976240853926509,64,63,62,73,72,83,94,93,92,91,90,91,92,93,82,71,72,73,62,63,64,65
11,11,72,92,0.0038225932396378105,64,63,74,73,72,83,82,81,92,91,90,79,68,69,70,71,72,73,74,63,64,65
11,11,72,92,0.0010276235828276872,64,63,62,73,72,71,82,93,92,91,90,79,80,81,82,83,72,73,74,63,64,65
11,11,72,92,5.9466497403377434e-05,64,63,74,73,72,71,70,81,92,91,90,91,92,81,82,83,84,73,62,63,64,65
11,11,72,92,0.0004164425972291623,64,63,62,73,72,83,82,81,92,91,90,79,80,81,82,83,72,73,74,63,64,65
11,11,72,92,0.007368000869636639,64,63,62,73,72,83,82,93,92,91,90,91,80,69,70,71,72,73,62,63,64,65
11,11,72,92,0.001055032191831924,64,63,74,73,72,83,94,93,92,91,90,91,92,93,94,83,72,73,62,63,64,65
11,11,72,92,0.00024610185597019493,64,63,74,73,72,83,82,81,92,91,90,79,80,81,82,83,84,85,74,63,64,65
11,11,72,92,0.00012526487055409887,64,63,74,73,72,83,82,81,92,91,90,91,92,93,82,83,84,73,74,63,64,65
11,11,72,92,0.00021612507358591612,64,63,62,73,72,71,82,81,92,91,90,91,92,93,94,95,84,73,62,63,64,65
11,11,72,92,0.0009828576640824786,64,63,74,73,72,71,82,81,92,91,90,91,92,81,70,71,72,73,62,63,64,65
11,11,72,92,0.00020487824533538902,64,63,74,73,72,71,70,81,92,91,90,91,92,93,82,83,84,73,62,63,64,65
11,11,72,92,0.0004708613055752166,64,63,62,73,72,71,82,81,92,91,90,91,92,93,94,83,84,85,74,63,64,65
11,11,72,92,0.0002538949338130799,64,63,62,73,72,83,82,81,92,91,90,91,92,93,94,83,84,73,62,63,64,65
11,11,72,92,0.0008767655361759319,64,63,62,73,72,71,82,93,92,91,90,91,92,81,82,83,72,73,62,63,64,65
11,11,72,92,0.007657186047999595,64,63,62,73,72,71,70,81,92,91,90,79,68,69,70,71,72,73,74,63,64,65
11,11,72,92,0.00029392301546062505,64,63,74,73,72,83,82,81,92,91,90,91,92,93,94,83,72,73,62,63,64,65
11,11,72,92,0.0003063210938470328,64,63,74,73,72,83,82,81,92,91,90,91,92,93,82,83,72,73,62,63,64,65
11,11,72,92,0.00042335009804444655,64,63,74,73,72,71,82,93,92,91,90,91,92,81,82,83,72,73,62,63,64,65
11,11,72,92,0.0005396263617683997,64,63,62,73,72,83,82,93,92,91,90,91,80,81,82,83,84,73,62,63,64,65
11,11,72,92,0.0004533711592801055,64,63,62,73,72,71,70,81,92,91,90,91,92,81,82,83,84,85,74,63,64,65
11,11,72,92,0.0001624591057133223,64,63,62,73,72,71,82,81,92,91,90,91,92,81,82,83,84,73,62,63,64,65
11,11,72,92,0.0003038414781697513,64,63,74,73,72,71,70,81,92,91,90,91,80,81,82,83,72,73,62,63,64,65
11,11,72,92,0.00026412334848186625,64,63,74,73,72,71,82,81,92,91,90,91,80,81,82,83,72,73,62,63,64,65
11,11,72,92,0.0008984178945007658,64,63,74,73,72,71,82,81,92,91,90,91,80,81,70,71,72,73,62,63,64,65
11,11,72,92,0.01575605363851497,64,63,62,73,72,71,82,93,92,91,90,79,68,69,70,71,72,73,74,63,64,65
11,11,72,92,0.0008951412594986436,64,63,62,73,72,83,94,93,92,91,90,91,92,81,82,83,84,73,74,63,64,65
11,11,72,92,0.0018064885786023771,64,63,74,73,72,71,82,81,92,91,90,79,80,69,70,71,72,73,62,63,64,65
11,11,72,92,0.002023189277256233,64,63,62,73,72,83,94,93,92,91,90,91,92,93,94,83,72,73,74,63,64,65
11,11,72,92,0.000979226798269317,64,63,62,73,72,83,82,93,92,91,90,91,80,81,82,83,72,73,62,63,64,65
11,11,72,92,0.0019139976297530851,64,63,74,73,72,83,82,81,92,91,90,91,80,69,70,71,72,73,62,63,64,65
11,11,72,92,0.0004786543834181014,64,63,74,73,72,83,82,81,92,91,90,91,92,93,82,71,72,73,74,63,64,65
11,11,72,92,0.000181056223292934,64,63,74,73,72,71,70,81,92,91,90,91,80,81,82,83,72,73,74,63,64,65
11,11,72,92,0.00025128248158165815,64,63,74,73,72,83,82,81,92,91,90,91,92,81,82,83,72,73,74,63,64,65
11,11,72,92,0.0005204536191208475,64,63,62,73,72,83,82,81,92,91,90,91,80,81,82,83,84,85,74,63,64,65
11,11,72,92,0.00047794592179602094,64,63,62,73,72,71,82,81,92,91,90,91,92,93,94,95,84,85,74,63,64,65
11,11,72,92,0.00011127275351801005,64,63,74,73,72,71,82,81,92,91,90,79,80,81,82,83,84,73,62,63,64,65
11,11,72,92,0.008025408976075909,64,63,74,73,72,83,82,93,92,91,90,79,68,69,70,71,72,73,62,63,64,65
11,11,72,92,0.003701357744559293,64,63,62,73,72,83,94,93,92,91,90,79,80,81,82,71,72,73,74,63,64,65
11,11,72,92,0.0004443382735985797,64,63,62,73,72,71,82,93,92,91,90,91,92,93,94,95,84,73,74,63,64,65
11,11,72,92,0.000545161218190903,64,63,62,73,72,71,82,81,92,91,90,91,80,81,82,83,72,73,74,63,64,65
11,11,72,92,0.0009386230915538312,64,63,62,73,72,83,82,81,92,91,90,91,80,81,82,71,72,73,62,63,64,65
11,11,72,92,0.0001951811768831629,64,63,74,73,72,71,82,81,92,91,90,91,92,93,94,83,84,73,62,63,64,65
11,11,72,92,0.0007920158146345588,64,63,62,73,72,83,82,93,92,91,90,91,92,81,82,83,84,85,74,63,64,65
11,11,72,92,0.00039226634437566693,64,63,74,73,72,83,94,93,92,91,90,79,80,81,82,83,84,73,74,63,64,65
11,11,72,92,0.00027749556159863473,64,63,74,73,72,71,82,93,92,91,90,91,92,93,94,95,84,73,74,63,64,65
11,11,72,92,0.0005560538156303901,64,63,62,73,72,83,82,81,92,91,90,91,92,81,82,83,84,85,74,63,64,65
11,11,72,92,0.00021523949655831553,64,63,74,73,72,71,82,81,92,91,90,91,92,81,82,83,72,73,74,63,64,65
11,11,72,92,0.0020026438902159007,64,63,74,73,72,83,94,93,92,91,90,91,92,81,82,71,72,73,74,63,64,65
11,11,72,92,0.0009849387700973402,64,63,62,73,72,83,82,93,92,91,90,91,92,93,94,83,72,73,74,63,64,65
11,11,72,92,0.0010610098367682284,64,63,74,73,72,83,94,93,92,91,90,79,80,81,82,83,84,85,74,63,64,65
11,11,72,92,0.00046762894942447447,64,63,62,73,72,71,70,81,92,91,90,91,92,81,82,83,72,73,74,63,64,65
11,11,72,92,0.001721915972466525,64,63,74,73,72,83,82,81,92,91,90,79,80,69,70,71,72,73,74,63,64,65
11,11,72,92,0.00028528863944151967,64,63,62,73,72,71,82,81,92,91,90,91,80,81,82,83,84,73,62,63,64,65
11,11,72,92,0.0005484378531930253,64,63,74,73,72,83,82,93,92,91,90,91,92,93,94,95,84,85,74,63,64,65
11,11,72,92,0.00020288569702328773,64,63,74,73,72,83,82,81,92,91,90,91,92,93,82,83,84,85,74,63,64,65
11,11,72,92,0.0017802312197340193,64,63,74,73,72,71,82,81,92,91,90,91,80,69,70,71,72,73,74,63,64,65
11,11,72,92,0.0039924911923829775,64,63,62,73,72,71,82,81,92,91,90,79,80,69,70,71,72,73,62,63,64,65
11,11,72,92,0.0009308300137109458,64,63,74,73,72,71,82,81,92,91,90,79,80,81,70,71,72,73,74,63,64,65
11,11,72,92,0.00042330581919306653,64,63,74,73,72,83,82,93,92,91,90,91,80,81,82,83,72,73,74,63,64,65
11,11,72,92,0.0017626082368847685,64,63,62,73,72,83,94,93,92,91,90,91,92,93,94,83,72,73,62,63,64,65
11,11,72,92,0.00024118690346701185,64,63,74,73,72,71,82,81,92,91,90,91,92,93,94,83,72,73,74,63,64,65
11,11,72,92,0.0017817367006809416,64,63,74,73,72,71,70,81,92,91,90,79,80,69,70,71,72,73,74,63,64,65
11,11,72,92,8.036611525475059e-05,64,63,74,73,72,83,82,81,92,91,90,91,92,81,82,83,84,73,74,63,64,65
11,11,72,92,0.0036903323105656645,64,63,62,73,72,83,82,93,92,91,90,91,92,81,70,71,72,73,74,63,64,65
11,11,72,92,0.004102037070697167,64,63,62,73,72,71,82,93,92,91,90,79,80,81,70,71,72,73,62,63,64,65
11,11,72,92,0.0001712263182865678,64,63,74,73,72,71,70,81,92,91,90,91,80,81,82,83,84,73,62,63,64,65
11,11,72,92,0.003313519285321629,64,63,62,73,72,71,70,81,92,91,90,91,80,69,70,71,72,73,62,63,64,65
