1,P1_1,0.0,0.0,0
2,P1_1,0.122,0.0,0.0
3,P1_1,0.17166666666666666,0.19133333333333333,0.527089072543618
4,P1_1,0.194,0.1435,0.4251851851851851
5,P1_1,0.20339999999999997,0.221,0.5207351555136663
6,P1_1,0.21166666666666667,0.18416666666666667,0.4652631578947368
7,P1_1,0.18142857142857144,0.15785714285714286,0.4652631578947368
8,P1_1,0.15875,0.138125,0.4652631578947368
9,P1_1,0.1411111111111111,0.21655555555555553,0.6054675365020192
10,P1_1,0.127,0.1949,0.6054675365020193
11,P1_1,0.14081818181818181,0.2538181818181818,0.6431697765491823
12,P1_1,0.12908333333333333,0.27899999999999997,0.6836838880947519
13,P1_1,0.11915384615384615,0.32446153846153847,0.7314028090861799
14,P1_1,0.12914285714285714,0.3627142857142857,0.737438280569271
15,P1_1,0.12053333333333333,0.37453333333333333,0.7565311069216267
16,P1_1,0.11300000000000002,0.4035625,0.7812462189957652
17,P1_1,0.1177058823529412,0.42988235294117644,0.7850467289719626
18,P1_1,0.1265,0.45288888888888884,0.7816665068558826
19,P1_1,0.13378947368421054,0.42905263157894735,0.7622966149242565
20,P1_1,0.12710000000000002,0.40759999999999996,0.7622966149242566
21,P1_1,0.12104761904761906,0.42761904761904757,0.7793785801076202
22,P1_1,0.12831818181818183,0.40818181818181815,0.7608235194442091
23,P1_1,0.12273913043478263,0.3904347826086956,0.760823519444209
24,P1_1,0.11762500000000002,0.4099166666666667,0.7770318300292236
25,P1_1,0.11292000000000002,0.39352000000000004,0.7770318300292237
26,P1_1,0.1085769230769231,0.41119230769230775,0.7911055202012727
27,P1_1,0.11318518518518521,0.42744444444444446,0.7906419127217921
28,P1_1,0.10914285714285717,0.44246428571428575,0.8021366137908708
29,P1_1,0.11434482758620693,0.42720689655172417,0.7888570518943012
30,P1_1,0.11053333333333336,0.44173333333333337,0.7998551424432642
31,P1_1,0.11525806451612906,0.42748387096774193,0.7876374442793462
32,P1_1,0.11165625000000001,0.44059375,0.7978157537347216
33,P1_1,0.10827272727272728,0.42724242424242426,0.7978157537347217
34,P1_1,0.10508823529411766,0.43961764705882356,0.8070734341252699
35,P1_1,0.1020857142857143,0.45174285714285717,0.8156727197688816
36,P1_1,0.09925,0.4628888888888889,0.8234422098137075
37,P1_1,0.10337837837837838,0.4733513513513514,0.8207507380851962
38,P1_1,0.10065789473684211,0.4832894736842106,0.8276250563316808
39,P1_1,0.09807692307692308,0.47089743589743593,0.8276250563316809
40,P1_1,0.1022,0.473175,0.8223767108407561
41,P1_1,0.10595121951219513,0.48251219512195126,0.8199527500310855
42,P1_1,0.10342857142857144,0.49114285714285716,0.826045170591062
43,P1_1,0.1010232558139535,0.49974418604651166,0.8318429915224712
44,P1_1,0.09872727272727273,0.4883863636363637,0.8318429915224712
45,P1_1,0.10204444444444445,0.47753333333333337,0.8239331313983359
46,P1_1,0.10554347826086957,0.4856956521739131,0.8214876640805973
47,P1_1,0.10329787234042555,0.4753617021276596,0.8214876640805971
48,P1_1,0.10114583333333334,0.4654583333333333,0.821487664080597
49,P1_1,0.09908163265306123,0.47332653061224483,0.8269038790644608
50,P1_1,0.0971,0.46385999999999994,0.826903879064461
51,P1_1,0.09519607843137255,0.4547647058823529,0.826903879064461
52,P1_1,0.09336538461538463,0.4565384615384615,0.8302150725651337
53,P1_1,0.09671698113207548,0.4479245283018868,0.8224208411279705
54,P1_1,0.09492592592592593,0.4556851851851852,0.8275989641139474
55,P1_1,0.0932,0.4631636363636364,0.832483660130719
56,P1_1,0.0962857142857143,0.4548928571428571,0.8253094019309272
57,P1_1,0.09459649122807018,0.4617719298245614,0.8299750890801878
58,P1_1,0.09296551724137932,0.4636724137931034,0.8329874554746786
59,P1_1,0.09138983050847459,0.4704067796610169,0.8373257708320763
60,P1_1,0.08986666666666668,0.47701666666666664,0.8414723782083321
61,P1_1,0.08839344262295082,0.4830163934426229,0.8453064034886391
62,P1_1,0.08696774193548387,0.4752258064516129,0.845306403488639
63,P1_1,0.08965079365079366,0.4812698412698413,0.8429715302491103
64,P1_1,0.08825000000000001,0.48709375,0.8466134376188148
65,P1_1,0.0868923076923077,0.4929076923076923,0.8501339984610078
66,P1_1,0.08557575757575758,0.48543939393939395,0.8501339984610077
67,P1_1,0.08829850746268657,0.47819402985074627,0.8441312080094849
68,P1_1,0.08700000000000001,0.4711617647058824,0.8441312080094849
69,P1_1,0.08979710144927537,0.4643333333333334,0.8379495226886361
70,P1_1,0.08851428571428573,0.4577,0.837949522688636
71,P1_1,0.08726760563380283,0.4590704225352113,0.8402681103377159
72,P1_1,0.08605555555555555,0.46458333333333335,0.8437168945164708
73,P1_1,0.08854794520547944,0.4582191780821918,0.8380518113944981
74,P1_1,0.09089189189189188,0.4601486486486487,0.835054074600878
75,P1_1,0.09317333333333333,0.4540133333333334,0.8297229464655572
76,P1_1,0.09194736842105262,0.4593026315789474,0.833202052750925
77,P1_1,0.09075324675324675,0.4645844155844156,0.8365800612707841
78,P1_1,0.09289743589743589,0.4586282051282052,0.8315627978335155
79,P1_1,0.09172151898734177,0.4528227848101266,0.8315627978335154
80,P1_1,0.09057499999999999,0.45763750000000003,0.8347812207857356
81,P1_1,0.09255555555555556,0.462246913580247,0.8331738578962594
82,P1_1,0.09457317073170732,0.45660975609756105,0.8284178153417262
83,P1_1,0.09677108433734939,0.45110843373493986,0.8233715969565026
84,P1_1,0.09863095238095239,0.45569047619047626,0.8220690247621503
85,P1_1,0.10045882352941177,0.4604823529411765,0.8209102348993289
86,P1_1,0.0992906976744186,0.46503488372093027,0.8240542322591281
87,P1_1,0.09814942528735632,0.46945977011494255,0.8270827426997692
88,P1_1,0.0998409090909091,0.4704659090909091,0.824934744057226
89,P1_1,0.09871910112359553,0.4651797752808988,0.824934744057226
90,P1_1,0.09762222222222224,0.46951111111111105,0.8278672465812468
91,P1_1,0.09654945054945056,0.46435164835164827,0.8278672465812468
92,P1_1,0.09550000000000002,0.45930434782608687,0.8278672465812468
93,P1_1,0.09707526881720432,0.46369892473118274,0.8268906273968399
94,P1_1,0.09604255319148938,0.46781914893617016,0.829670018678188
95,P1_1,0.09772631578947372,0.4718526315789473,0.8284235815930512
96,P1_1,0.09670833333333333,0.4735833333333333,0.8304230291517498
97,P1_1,0.09841237113402061,0.47748453608247415,0.8291146038451899
98,P1_1,0.09740816326530612,0.48126530612244894,0.8316698994886262
99,P1_1,0.09642424242424241,0.48511111111111105,0.8341902313624678
100,P1_1,0.09545999999999999,0.48599999999999993,0.8358270560313694
101,P1_1,0.09451485148514852,0.4811881188118811,0.8358270560313692
102,P1_1,0.09600980392156862,0.48210784313725485,0.8339268755935422
103,P1_1,0.09507766990291261,0.4774271844660194,0.8339268755935424
104,P1_1,0.09416346153846153,0.47283653846153845,0.8339268755935423
105,P1_1,0.09326666666666666,0.4683333333333333,0.8339268755935423
106,P1_1,0.09468867924528301,0.4718490566037736,0.832864303198841
107,P1_1,0.09619626168224299,0.46743925233644856,0.8293289558772323
108,P1_1,0.09530555555555555,0.4708148148148148,0.8316514286648894
109,P1_1,0.09676146788990825,0.47436697247706416,0.8305784460186658
110,P1_1,0.09809090909090909,0.47770909090909086,0.8296441314850485
111,P1_1,0.0972072072072072,0.4734054054054054,0.8296441314850486
112,P1_1,0.09633928571428571,0.4767410714285714,0.8318921866479707
113,P1_1,0.09548672566371681,0.47252212389380527,0.8318921866479707
114,P1_1,0.09464912280701754,0.4683771929824561,0.8318921866479706
115,P1_1,0.09382608695652173,0.471695652173913,0.8340893365111093
116,P1_1,0.09526724137931034,0.47495689655172413,0.8329301847428416
117,P1_1,0.09445299145299144,0.47814529914529913,0.8350449293966624
118,P1_1,0.09365254237288134,0.48139830508474574,0.8371404149964632
119,P1_1,0.09286554621848739,0.48446218487394954,0.8391458763937003
120,P1_1,0.09209166666666667,0.48740833333333333,0.8410842680471671
121,P1_1,0.09317355371900828,0.49042148760330573,0.8403455356510656
122,P1_1,0.09240983606557378,0.4864016393442622,0.8403455356510656
123,P1_1,0.09165853658536587,0.4824471544715447,0.8403455356510656
124,P1_1,0.09091935483870968,0.4853870967741935,0.8422378326942991
125,P1_1,0.09019200000000001,0.48843999999999993,0.8441289109485821
126,P1_1,0.08947619047619049,0.4912857142857142,0.8459330928173171
127,P1_1,0.0887716535433071,0.4874173228346456,0.8459330928173171
128,P1_1,0.088078125,0.48360937499999995,0.8459330928173172
129,P1_1,0.08739534883720931,0.47986046511627906,0.8459330928173172
130,P1_1,0.08672307692307693,0.4761692307692308,0.8459330928173172
131,P1_1,0.08606106870229008,0.47253435114503817,0.8459330928173172
132,P1_1,0.08725000000000001,0.46895454545454546,0.8431332488865281
133,P1_1,0.08659398496240603,0.4654285714285714,0.8431332488865281
134,P1_1,0.08594776119402986,0.46840298507462685,0.8449577965348732
135,P1_1,0.08713333333333334,0.4649333333333333,0.8421688201907981
136,P1_1,0.08649264705882354,0.46770588235294114,0.8439320162927386
137,P1_1,0.08768613138686132,0.4642919708029197,0.8411420108171012
138,P1_1,0.08705072463768117,0.4671086956521739,0.8429139315322854
139,P1_1,0.08835251798561151,0.4699136690647482,0.8417376512583925
140,P1_1,0.08772142857142858,0.4726214285714286,0.8434504385070365
141,P1_1,0.08887234042553192,0.47537588652482266,0.8424942495506479
142,P1_1,0.08824647887323944,0.4759929577464788,0.8436010084620952
143,P1_1,0.08762937062937064,0.4785944055944055,0.8452389773990366
144,P1_1,0.08869444444444445,0.48134027777777777,0.8444051897423404
145,P1_1,0.08808275862068966,0.4839103448275862,0.8460073065747115
146,P1_1,0.08747945205479452,0.4846095890410959,0.8470876982939239
147,P1_1,0.0868843537414966,0.481312925170068,0.847087698293924
148,P1_1,0.08795945945945946,0.4780608108108108,0.8446001599598907
149,P1_1,0.08736912751677853,0.4748523489932886,0.8446001599598906
150,P1_1,0.08852,0.47168666666666664,0.8419868857921482
151,P1_1,0.0879337748344371,0.4685629139072848,0.8419868857921481
152,P1_1,0.08735526315789473,0.471125,0.8435839743665257
153,P1_1,0.08678431372549018,0.47169934640522876,0.8446072465124989
154,P1_1,0.08798701298701299,0.46863636363636363,0.8419272048530099
155,P1_1,0.08741935483870968,0.47098709677419354,0.84344852287038
156,P1_1,0.08685897435897437,0.47344871794871796,0.8449798645432913
157,P1_1,0.08801273885350318,0.47585987261146495,0.8439137899873487
158,P1_1,0.08745569620253164,0.472873417721519,0.8439208421813582
159,P1_1,0.08849056603773585,0.47521383647798743,0.8430195584018565
160,P1_1,0.08963125,0.47758125000000007,0.8419794168852061
161,P1_1,0.08907453416149068,0.4781180124223603,0.842955386670755
162,P1_1,0.08852469135802468,0.4751666666666667,0.8429553866707549
163,P1_1,0.08798159509202454,0.477319018404908,0.8443631706893558
164,P1_1,0.0874451219512195,0.47784146341463424,0.8453083370187796
165,P1_1,0.08691515151515151,0.4749454545454546,0.8453083370187795
166,P1_1,0.08639156626506024,0.4720843373493977,0.8453083370187796
167,P1_1,0.08587425149700599,0.4743892215568863,0.846725236201958
168,P1_1,0.08536309523809524,0.47635119047619057,0.8480311122414378
169,P1_1,0.08485798816568046,0.4785029585798818,0.8493719015208806
170,P1_1,0.08581176470588235,0.47568823529411774,0.8471740610758997
171,P1_1,0.08530994152046784,0.4729064327485381,0.8471740610758997
172,P1_1,0.08481395348837209,0.4750872093023256,0.8485197761232777
173,P1_1,0.08432369942196531,0.4772312138728324,0.8498389072455713
174,P1_1,0.08536206896551723,0.4772126436781609,0.848265364498202
175,P1_1,0.08632,0.47936571428571434,0.8474064346684176
176,P1_1,0.08582954545454546,0.4766420454545454,0.8474064346684175
177,P1_1,0.08534463276836159,0.4771638418079096,0.848278494234864
178,P1_1,0.08646629213483147,0.4775898876404494,0.8467062409115356
179,P1_1,0.0859832402234637,0.4795921787709497,0.8479721053359411
180,P1_1,0.08550555555555557,0.4816222222222222,0.8492305280996835
181,P1_1,0.08503314917127072,0.4837016574585634,0.8504871722637238
182,P1_1,0.08456593406593407,0.48579120879120874,0.8517316121574106
183,P1_1,0.08562295081967214,0.48313661202185787,0.8494566836082741
184,P1_1,0.08646739130434784,0.4805108695652173,0.8474943445420038
185,P1_1,0.08600000000000001,0.47791351351351347,0.8474943445420037
186,P1_1,0.08553763440860217,0.47986559139784946,0.8487139257357486
187,P1_1,0.08508021390374333,0.4772994652406417,0.8487139257357486
188,P1_1,0.08462765957446809,0.47924999999999995,0.8499184031544492
189,P1_1,0.08417989417989419,0.47671428571428565,0.8499184031544492
190,P1_1,0.08520000000000001,0.47865789473684206,0.8488980986250734
191,P1_1,0.0847539267015707,0.48059162303664915,0.8500847371296802
192,P1_1,0.0843125,0.4780885416666667,0.8500847371296802
193,P1_1,0.08387564766839378,0.47997409326424867,0.8512446817308842
194,P1_1,0.08480927835051547,0.4775,0.8491768113816368
195,P1_1,0.08437435897435897,0.4793282051282051,0.8503211368060988
196,P1_1,0.08394387755102041,0.47688265306122446,0.8503211368060989
197,P1_1,0.08351776649746193,0.4744619289340101,0.8503211368060988
198,P1_1,0.08437878787878789,0.4763686868686869,0.8495244442843247
199,P1_1,0.08395477386934674,0.47684924623115577,0.8502956989247312
200,P1_1,0.08478,0.47866,0.8495314496663354
201,P1_1,0.08435820895522388,0.48046268656716423,0.8506460904262347
202,P1_1,0.08518811881188118,0.4823217821782178,0.8498913963205597
203,P1_1,0.08476847290640394,0.48411330049261087,0.8509910549604703
204,P1_1,0.08435294117647057,0.4817401960784314,0.8509910549604704
205,P1_1,0.08394146341463414,0.47939024390243906,0.8509910549604704
206,P1_1,0.08353398058252426,0.48120388349514565,0.8520836198597167
207,P1_1,0.08313043478260869,0.4788792270531401,0.8520836198597166
208,P1_1,0.08273076923076922,0.4807403846153846,0.8531765669527823
209,P1_1,0.08358851674641148,0.4824593301435407,0.852329591560725
210,P1_1,0.08319047619047619,0.4842142857142857,0.8533842474088373
211,P1_1,0.08279620853080569,0.48597630331753555,0.8544300105823633
212,P1_1,0.08240566037735848,0.4876698113207547,0.8554478056530085
213,P1_1,0.082018779342723,0.48942253521126755,0.8564703369291061
214,P1_1,0.08163551401869158,0.4911448598130841,0.8574750152967571
215,P1_1,0.0823767441860465,0.488860465116279,0.8557924048983846
216,P1_1,0.08199537037037036,0.4905648148148148,0.8567917006945736
217,P1_1,0.08161751152073732,0.4883041474654377,0.8567917006945736
218,P1_1,0.08124311926605504,0.4886788990825688,0.8574487093840297
219,P1_1,0.08204109589041095,0.4864474885844749,0.855685587836047
220,P1_1,0.0816681818181818,0.48423636363636363,0.8556855878360468
221,P1_1,0.08129864253393665,0.48204524886877825,0.8556855878360469
222,P1_1,0.08093243243243242,0.47987387387387387,0.855685587836047
223,P1_1,0.08180269058295965,0.4801838565022421,0.8544401267125746
224,P1_1,0.08257589285714285,0.4806026785714286,0.8533752932969751
225,P1_1,0.08220888888888889,0.4822533333333333,0.8543589178293597
226,P1_1,0.08184513274336283,0.4838407079646017,0.8553169854120223
227,P1_1,0.08148458149779736,0.48550220264317173,0.8562848662844001
228,P1_1,0.08112719298245614,0.4857587719298245,0.856889748549323
229,P1_1,0.08077292576419214,0.48731004366812225,0.8578149141754617
230,P1_1,0.08042173913043478,0.48519130434782604,0.8578149141754619
231,P1_1,0.08116450216450216,0.48309090909090907,0.8561564487544402
232,P1_1,0.08081465517241379,0.48100862068965516,0.8561564487544403
233,P1_1,0.08046781115879828,0.4789442060085837,0.8561564487544402
234,P1_1,0.08126495726495726,0.4791239316239316,0.854984709946542
235,P1_1,0.08091914893617021,0.4770851063829787,0.8549847099465421
236,P1_1,0.08057627118644067,0.47860169491525417,0.8559022778594485
237,P1_1,0.08143881856540085,0.48004641350210964,0.8549582181074907
238,P1_1,0.08215126050420168,0.4780294117647058,0.8533486345191751
239,P1_1,0.08290794979079497,0.4760292887029288,0.8516685880256913
240,P1_1,0.08370000000000001,0.4740458333333333,0.8499316444915919
241,P1_1,0.08335269709543569,0.4756016597510373,0.8508774534548802
242,P1_1,0.08415289256198348,0.4771280991735537,0.8500699403666349
243,P1_1,0.08380658436213993,0.4786995884773662,0.8510121516727754
244,P1_1,0.08346311475409837,0.479061475409836,0.8516276155505041
245,P1_1,0.08417551020408162,0.47710612244897954,0.8500298151460942
246,P1_1,0.08498373983739838,0.4751666666666666,0.8482840700450662
247,P1_1,0.08463967611336032,0.47674898785425096,0.8492315902583961
248,P1_1,0.08429838709677419,0.4748266129032258,0.8492315902583963
249,P1_1,0.08395983935742972,0.47622088353413644,0.85012008459691
250,P1_1,0.08468,0.47768399999999994,0.8494213712115284
251,P1_1,0.08434262948207172,0.4757808764940239,0.8494213712115285
252,P1_1,0.08400793650793652,0.4738928571428571,0.8494213712115285
253,P1_1,0.08367588932806325,0.4754466403162055,0.8503442717979894
254,P1_1,0.08440157480314961,0.4735748031496062,0.8487362939756996
255,P1_1,0.08407058823529413,0.4743176470588235,0.8494406169015865
256,P1_1,0.0837421875,0.4758203125,0.8503434602926394
257,P1_1,0.08341634241245136,0.4760739299610895,0.850906536661358
258,P1_1,0.08309302325581396,0.4775503875968992,0.8517898870345533
259,P1_1,0.08277220077220077,0.4757065637065637,0.8517898870345533
260,P1_1,0.08245384615384616,0.4738769230769231,0.8517898870345533
261,P1_1,0.08213793103448275,0.4753026819923371,0.8526516921892612
262,P1_1,0.08284732824427479,0.47348854961832054,0.8510839736553238
263,P1_1,0.08253231939163497,0.4716882129277566,0.8510839736553237
264,P1_1,0.08221969696969697,0.47323863636363633,0.8519786417168459
265,P1_1,0.08190943396226415,0.4714528301886792,0.8519786417168458
266,P1_1,0.08260902255639097,0.46968045112781953,0.8504244123913443
267,P1_1,0.08229962546816479,0.4679213483146067,0.8504244123913444
268,P1_1,0.0829141791044776,0.46617537313432833,0.8489969827937699
269,P1_1,0.08260594795539032,0.46763568773234193,0.8498733236496302
270,P1_1,0.08327037037037036,0.46590370370370365,0.8483716287758721
271,P1_1,0.0829630996309963,0.46418450184501836,0.8483716287758722
272,P1_1,0.08265808823529414,0.46247794117647056,0.8483716287758722
273,P1_1,0.08235531135531136,0.46078388278388277,0.8483716287758722
274,P1_1,0.08205474452554747,0.4623065693430657,0.8492641882605343
275,P1_1,0.08276,0.46062545454545456,0.8476955919454463
276,P1_1,0.08246014492753623,0.45895652173913043,0.8476955919454464
277,P1_1,0.0821624548736462,0.4603429602888086,0.84854998203282
278,P1_1,0.08186690647482014,0.4586870503597122,0.8485499820328201
279,P1_1,0.08157347670250896,0.4570430107526881,0.8485499820328201
280,P1_1,0.08128214285714286,0.4584357142857143,0.8493988261062327
281,P1_1,0.08099288256227759,0.45680427046263344,0.8493988261062327
282,P1_1,0.08070567375886525,0.4581808510638298,0.850236237053025
283,P1_1,0.08042049469964664,0.45656183745583034,0.850236237053025
284,P1_1,0.08111971830985917,0.4579718309859155,0.8495251531658633
285,P1_1,0.08168070175438598,0.45636491228070175,0.8481900054127022
286,P1_1,0.08228321678321679,0.45476923076923076,0.8467873721491956
287,P1_1,0.08301393728222997,0.45608710801393726,0.8460141414924833
288,P1_1,0.0836423611111111,0.45743402777777775,0.8454148751844959
289,P1_1,0.08335294117647059,0.4558512110726643,0.845414875184496
290,P1_1,0.08306551724137931,0.45628620689655175,0.8459900774876608
291,P1_1,0.08278006872852234,0.4576975945017182,0.8468390567081427
292,P1_1,0.08249657534246575,0.4581609589041096,0.8474143610013175
293,P1_1,0.08221501706484641,0.4585153583617748,0.8479556155875633
294,P1_1,0.08193537414965986,0.4569557823129253,0.8479556155875634
295,P1_1,0.08165762711864406,0.458335593220339,0.8487802734497608
296,P1_1,0.0822804054054054,0.4586317567567567,0.8478858284929112
297,P1_1,0.08286868686868687,0.4592962962962963,0.8471522701725841
298,P1_1,0.08259060402684565,0.4596241610738256,0.8476791682138879
299,P1_1,0.08231438127090301,0.4580869565217392,0.8476791682138879
300,P1_1,0.08288333333333334,0.4565600000000001,0.8463539574746808
301,P1_1,0.08260797342192691,0.4550431893687708,0.8463539574746808
302,P1_1,0.08324834437086093,0.455430463576159,0.845458289535963
303,P1_1,0.08386798679867986,0.4567491749174917,0.8448662145085374
304,P1_1,0.0835921052631579,0.4570723684210526,0.8453900536620387
305,P1_1,0.08331803278688524,0.45557377049180325,0.8453900536620387
306,P1_1,0.08304575163398692,0.4540849673202614,0.8453900536620388
307,P1_1,0.08277524429967427,0.4526058631921824,0.8453900536620387
308,P1_1,0.0825064935064935,0.4511363636363636,0.8453900536620387
309,P1_1,0.08223948220064725,0.45149514563106796,0.8459169071814897
310,P1_1,0.0819741935483871,0.4500387096774194,0.8459169071814896
311,P1_1,0.08171061093247588,0.4513408360128618,0.8467115859065383
312,P1_1,0.08224358974358974,0.45268589743589743,0.8462534002804107
313,P1_1,0.08198083067092651,0.45398402555910544,0.8470406600022652
314,P1_1,0.08253184713375795,0.4525382165605096,0.8457550651143966
315,P1_1,0.08226984126984127,0.45385714285714285,0.8465478446234013
316,P1_1,0.08200949367088607,0.4524208860759494,0.8465478446234012
317,P1_1,0.08258359621451104,0.450993690851735,0.8452265525232937
318,P1_1,0.08232389937106918,0.452248427672956,0.8460004470746026
319,P1_1,0.08206583072100312,0.4508307210031348,0.8460004470746026
320,P1_1,0.081809375,0.451225,0.8465213899197402
321,P1_1,0.0815545171339564,0.45253894080996887,0.8473029094048202
322,P1_1,0.08130124223602485,0.4537981366459628,0.848063284233497
323,P1_1,0.08188544891640866,0.45420123839009297,0.8472533438055857
324,P1_1,0.08242592592592593,0.45279938271604947,0.8459977049010167
325,P1_1,0.0828523076923077,0.4514061538461539,0.8449209256251656
326,P1_1,0.08259815950920245,0.4500214723926381,0.8449209256251656
327,P1_1,0.08234556574923547,0.4512293577981652,0.8456719719851673
328,P1_1,0.08209451219512195,0.4524207317073171,0.8464131507349376
329,P1_1,0.0818449848024316,0.45360182370820673,0.8471463766306014
330,P1_1,0.0815969696969697,0.45222727272727276,0.8471463766306014
331,P1_1,0.08135045317220543,0.4534320241691843,0.8478812290622724
332,P1_1,0.08187349397590363,0.45461445783132537,0.8473898739009849
333,P1_1,0.0823213213213213,0.4549189189189189,0.8467700012856273
334,P1_1,0.08207485029940119,0.45609880239520956,0.8474937413073714
335,P1_1,0.08261194029850745,0.4563582089552239,0.8467226053003241
336,P1_1,0.08236607142857141,0.4574553571428572,0.847419781673834
337,P1_1,0.08216617210682492,0.4586023738872404,0.8480566728307333
338,P1_1,0.08269526627218934,0.45972189349112436,0.8475430491390172
339,P1_1,0.08327138643067847,0.46089970501474925,0.8469757255765039
340,P1_1,0.08302647058823528,0.4595441176470588,0.846975725576504
341,P1_1,0.08278299120234604,0.4581964809384164,0.846975725576504
342,P1_1,0.08254093567251462,0.45853216374269007,0.8474495668667961
343,P1_1,0.0823002915451895,0.4596559766763849,0.84814219085378
344,P1_1,0.0820610465116279,0.4583197674418606,0.84814219085378
345,P1_1,0.0818231884057971,0.4569913043478262,0.8481421908537801
346,P1_1,0.08158670520231213,0.45813294797687865,0.8488350299609624
347,P1_1,0.08135158501440921,0.4568126801152738,0.8488350299609624
348,P1_1,0.08111781609195402,0.458,0.8495360129628543
349,P1_1,0.08164469914040115,0.4566876790830946,0.8483377510937948
350,P1_1,0.08212285714285714,0.45776571428571433,0.8478892469874736
351,P1_1,0.08258689458689458,0.45646153846153853,0.8467913279705718
352,P1_1,0.08235227272727273,0.4575681818181818,0.8474733230905226
353,P1_1,0.08211898016997167,0.45864022662889514,0.848141318469469
354,P1_1,0.08188700564971751,0.45975141242937856,0.8488161051423803
355,P1_1,0.08234647887323944,0.46082253521126754,0.8483962141838454
356,P1_1,0.08211516853932585,0.4595280898876404,0.8483962141838454
357,P1_1,0.08259663865546218,0.45824089635854337,0.8472801288591716
358,P1_1,0.0823659217877095,0.45852793296089384,0.8477225779797563
359,P1_1,0.08295543175487466,0.4596267409470751,0.8471099200665342
360,P1_1,0.08353333333333333,0.4606944444444445,0.8465103459540021
361,P1_1,0.08330193905817175,0.46101108033241,0.8469594955648178
362,P1_1,0.08377624309392266,0.4597375690607735,0.8458617955598926
363,P1_1,0.08354545454545455,0.46077961432506886,0.8465155119186193
364,P1_1,0.08331593406593407,0.45951373626373626,0.8465155119186194
365,P1_1,0.08308767123287672,0.45973424657534245,0.8469338313228688
366,P1_1,0.08363661202185793,0.4608087431693989,0.8463819899933256
367,P1_1,0.08340871934604906,0.4595531335149864,0.8463819899933255
368,P1_1,0.08318206521739131,0.4598777173913043,0.846827056833762
369,P1_1,0.08295663956639568,0.4609837398373983,0.847489462618452
370,P1_1,0.08273243243243245,0.4597378378378378,0.8474894626184521
371,P1_1,0.08321832884097036,0.46007008086253365,0.8468247668188132
372,P1_1,0.08375537634408603,0.45883333333333326,0.845637450890048
373,P1_1,0.08353083109919572,0.45760321715817687,0.8456374508900483
374,P1_1,0.08404010695187167,0.456379679144385,0.8444910621075912
375,P1_1,0.08456533333333334,0.4551626666666666,0.8433186098676864
376,P1_1,0.0843404255319149,0.4562021276595744,0.8439707937257679
377,P1_1,0.08489124668435015,0.45724668435013255,0.8434139324611274
378,P1_1,0.08466666666666668,0.45603703703703696,0.8434139324611274
379,P1_1,0.08444327176781004,0.45711609498680733,0.8440738412967537
380,P1_1,0.08422105263157896,0.45818947368421054,0.8447282112984922
381,P1_1,0.08400000000000002,0.4592440944881889,0.8453733766233766
382,P1_1,0.08444240837696336,0.45945549738219893,0.8447458475518484
383,P1_1,0.08422193211488252,0.4604699738903394,0.8453769347656231
384,P1_1,0.08400260416666666,0.46067708333333335,0.8457761394550506
385,P1_1,0.08378441558441557,0.46169350649350654,0.8464018208743436
386,P1_1,0.08426943005181346,0.4604974093264249,0.845311013886247
387,P1_1,0.0840516795865633,0.4593074935400517,0.845311013886247
388,P1_1,0.08383505154639175,0.4581237113402062,0.8453110138862469
389,P1_1,0.08361953727506427,0.4569460154241646,0.845311013886247
390,P1_1,0.0834051282051282,0.4579333333333333,0.845927946874319
391,P1_1,0.08319181585677748,0.45891815856777496,0.8465407024744651
392,P1_1,0.08297959183673469,0.459890306122449,0.847146448626677
393,P1_1,0.08276844783715012,0.4587201017811705,0.8471464486266771
394,P1_1,0.08324365482233503,0.458253807106599,0.846271385048043
395,P1_1,0.08373670886075947,0.4586075949367089,0.845602307843119
396,P1_1,0.0835252525252525,0.4596388888888889,0.846224656311456
397,P1_1,0.08390176322418136,0.4606372795969773,0.845921492076121
398,P1_1,0.08369095477386934,0.4594798994974874,0.8459214920761211
399,P1_1,0.08410025062656641,0.458328320802005,0.844956082595216
400,P1_1,0.08388999999999999,0.4571825,0.844956082595216
401,P1_1,0.08368079800498752,0.45604239401496255,0.8449560825952159
402,P1_1,0.08404477611940299,0.45704726368159204,0.8446756375305146
403,P1_1,0.0838362282878412,0.45800992555831266,0.845276693960543
404,P1_1,0.08367574257425744,0.4568762376237624,0.8452031522600202
405,P1_1,0.08409382716049385,0.4557481481481482,0.8442251047402989
406,P1_1,0.08388669950738918,0.45668226600985223,0.8448177663563751
407,P1_1,0.08432432432432434,0.4555601965601966,0.8438104426736085
408,P1_1,0.08411764705882352,0.45657352941176466,0.844425707835831
409,P1_1,0.08391198044009779,0.45754523227383864,0.8450256484358066
410,P1_1,0.0843780487804878,0.4578195121951219,0.8443776681166527
411,P1_1,0.08417274939172749,0.45875669099756683,0.8449655827627003
412,P1_1,0.08461893203883496,0.45974757281553397,0.8445552191689816
413,P1_1,0.0844140435835351,0.46008474576271186,0.8449692722276079
414,P1_1,0.08421014492753623,0.46101207729468596,0.8455489495928621
415,P1_1,0.08400722891566265,0.45990120481927704,0.845548949592862
416,P1_1,0.08380528846153847,0.4608293269230769,0.8461256664665796
417,P1_1,0.08360431654676259,0.4617170263788969,0.8466879801582241
418,P1_1,0.08340430622009569,0.4606124401913876,0.8466879801582242
419,P1_1,0.08320525059665872,0.4595131264916468,0.8466879801582241
420,P1_1,0.08300714285714286,0.46045238095238095,0.8472615913043859
421,P1_1,0.08348693586698336,0.4613895486935867,0.8467782364762657
422,P1_1,0.08328909952606633,0.4616658767772512,0.847163337986094
423,P1_1,0.08309219858156028,0.4605744680851064,0.847163337986094
424,P1_1,0.08344811320754716,0.4614882075471698,0.8468663034022497
425,P1_1,0.08383294117647058,0.46241647058823526,0.8465299195368631
426,P1_1,0.08363615023474177,0.46335446009389675,0.8470976491086526
427,P1_1,0.08344028103044496,0.4642997658079625,0.8476644504777989
428,P1_1,0.08324532710280373,0.465161214953271,0.8482050801387196
429,P1_1,0.08305128205128205,0.4660862470862471,0.848760505985228
430,P1_1,0.08285813953488372,0.467006976744186,0.8493118819837423
431,P1_1,0.08266589327146172,0.46592343387470997,0.8493118819837423
432,P1_1,0.08310416666666666,0.46681944444444445,0.8488805263357285
433,P1_1,0.08351501154734411,0.4676905311778291,0.8484866259971845
434,P1_1,0.08332258064516129,0.46661290322580645,0.8484866259971844
435,P1_1,0.08371494252873563,0.46750114942528737,0.8481268167771157
436,P1_1,0.08410321100917431,0.46841743119266055,0.8477826807085127
437,P1_1,0.0845400457665904,0.4686132723112128,0.8471670638072544
438,P1_1,0.08434703196347032,0.4694611872146119,0.8476963160845619
439,P1_1,0.08474715261958998,0.46972209567198175,0.84715626181125
440,P1_1,0.08514772727272728,0.4686545454545454,0.8462488663085364
441,P1_1,0.0849546485260771,0.4675918367346938,0.8462488663085365
442,P1_1,0.08539366515837105,0.46846153846153843,0.8458195127530596
443,P1_1,0.08520090293453725,0.4693679458239277,0.846365508763646
444,P1_1,0.08500900900900901,0.4683108108108108,0.846365508763646
445,P1_1,0.0848179775280899,0.4672584269662921,0.8463655087636461
446,P1_1,0.08462780269058295,0.4662107623318385,0.8463655087636461
447,P1_1,0.08443847874720357,0.46516778523489927,0.846365508763646
448,P1_1,0.08425,0.4660245535714286,0.8468946102392069
449,P1_1,0.08419153674832962,0.4668641425389755,0.847217731505432
450,P1_1,0.08400444444444444,0.4677266666666667,0.8477438687927693
451,P1_1,0.08433924611973392,0.466689578713969,0.8469422245829208
452,P1_1,0.08415265486725663,0.4668606194690265,0.8472765379951659
453,P1_1,0.08452317880794702,0.46703532008830023,0.8467557313012296
454,P1_1,0.08433700440528635,0.4679008810572687,0.8472813861101804
455,P1_1,0.08415164835164836,0.4687560439560439,0.847801632130634
456,P1_1,0.0839671052631579,0.4677280701754386,0.8478016321306341
457,P1_1,0.08430853391684902,0.46858862144420127,0.8475149797763125
458,P1_1,0.08412445414847163,0.4675655021834061,0.8475149797763126
459,P1_1,0.08394117647058824,0.46839651416121997,0.8480256229217861
460,P1_1,0.08435000000000001,0.4691978260869565,0.8476193094347921
461,P1_1,0.08416702819956616,0.4700607375271149,0.8481363919232561
462,P1_1,0.0839848484848485,0.47087878787878784,0.8486387591818901
463,P1_1,0.08380345572354211,0.46986177105831534,0.8486387591818901
464,P1_1,0.08362284482758621,0.46884913793103444,0.8486387591818901
465,P1_1,0.08398924731182794,0.4678408602150537,0.8477987225303097
466,P1_1,0.08380901287553646,0.46864592274678113,0.84829710538991
467,P1_1,0.08362955032119913,0.46949464668094215,0.8488051132558292
468,P1_1,0.08345085470085468,0.4703012820512821,0.8492992637639106
469,P1_1,0.08327292110874199,0.4692985074626866,0.8492992637639105
470,P1_1,0.08309574468085104,0.47011276595744683,0.8497930832897449
471,P1_1,0.08291932059447982,0.4709044585987261,0.8502785114874009
472,P1_1,0.0827436440677966,0.4717245762711864,0.8507693659751862
473,P1_1,0.08256871035940803,0.4725496828752643,0.8512592784427832
474,P1_1,0.08239451476793248,0.4727299578059072,0.8515747029023787
475,P1_1,0.08222105263157894,0.4735263157894737,0.8520531858474126
476,P1_1,0.08204831932773109,0.4743193277310925,0.8525285937069301
477,P1_1,0.08187631027253668,0.47332494758909854,0.8525285937069301
478,P1_1,0.0817050209205021,0.4723347280334728,0.8525285937069301
479,P1_1,0.08205010438413361,0.47134864300626306,0.851734206535435
480,P1_1,0.08187916666666667,0.47036666666666666,0.8517342065354349
481,P1_1,0.08224116424116425,0.46938877338877333,0.8509124348933795
482,P1_1,0.08259751037344398,0.46841493775933607,0.8500986490353479
483,P1_1,0.08242650103519668,0.4674451345755693,0.8500986490353479
484,P1_1,0.08225619834710743,0.46818388429752067,0.8505628479090735
485,P1_1,0.08208659793814432,0.4672185567010309,0.8505628479090735
486,P1_1,0.082440329218107,0.46802880658436213,0.8502362369546365
487,P1_1,0.08227104722792608,0.46881724845995887,0.8507116774722407
488,P1_1,0.08210245901639344,0.4678565573770491,0.8507116774722409
489,P1_1,0.08251329243353785,0.468644171779141,0.8502908918208937
490,P1_1,0.08286530612244898,0.46939999999999993,0.8499538080632644
491,P1_1,0.08323217922606925,0.4701812627291242,0.8496021727769885
492,P1_1,0.08306300813008131,0.4709593495934959,0.8500728229247301
493,P1_1,0.0834320486815416,0.4717667342799188,0.8497258076890757
494,P1_1,0.08326315789473686,0.47252024291497974,0.8501877570049207
495,P1_1,0.0830949494949495,0.4732585858585858,0.850643620980773
496,P1_1,0.0829274193548387,0.4734616935483871,0.850954273849599
497,P1_1,0.08276056338028169,0.47360362173038223,0.8512475001175352
498,P1_1,0.08259437751004016,0.472652610441767,0.8512475001175351
499,P1_1,0.08242885771543086,0.47337875751503006,0.8516953430347433
500,P1_1,0.08226399999999999,0.47415599999999997,0.8521548470579778
501,P1_1,0.08209980039920159,0.4749021956087824,0.852604118140315
502,P1_1,0.08246812749003984,0.4750876494023904,0.8520899057854252
503,P1_1,0.08288866799204771,0.4758190854870775,0.8516421734334412
504,P1_1,0.08272420634920634,0.4759781746031746,0.8519351104103188
505,P1_1,0.08256039603960395,0.47503564356435646,0.8519351104103187
506,P1_1,0.08239723320158103,0.474096837944664,0.8519351104103187
507,P1_1,0.0827396449704142,0.4748422090729783,0.8516098679137158
508,P1_1,0.08257677165354331,0.47561614173228345,0.8520640988566874
509,P1_1,0.08241453831041257,0.4746817288801572,0.8520640988566875
510,P1_1,0.08277450980392156,0.475421568627451,0.8517106927076016
511,P1_1,0.08261252446183952,0.47614872798434443,0.8521505847082763
512,P1_1,0.082451171875,0.47521875,0.8521505847082762
513,P1_1,0.08275048732943469,0.47529434697855755,0.8517135501629541
514,P1_1,0.08258949416342411,0.47600000000000003,0.8521463525068352
515,P1_1,0.0829242718446602,0.4750757281553398,0.8513901938267738
516,P1_1,0.08276356589147288,0.47582558139534886,0.8518346332121347
517,P1_1,0.08260348162475822,0.47658607350096716,0.8522799990314804
518,P1_1,0.08300772200772202,0.4772664092664093,0.8518444501106051
519,P1_1,0.08284778420038537,0.4779845857418112,0.8522770998240985
520,P1_1,0.08319807692307693,0.4787230769230769,0.8519399450374574
521,P1_1,0.08303838771593092,0.47945105566218804,0.8523734290598758
522,P1_1,0.08339655172413793,0.48017816091954024,0.8520221900430339
523,P1_1,0.08323709369024856,0.47926003824091784,0.8520221900430339
524,P1_1,0.08307824427480916,0.4794198473282443,0.85230484242525
525,P1_1,0.08292000000000001,0.4785066666666667,0.8523048424252498
526,P1_1,0.08276235741444868,0.4792091254752852,0.8527285459595327
527,P1_1,0.08303605313092981,0.47940607210626185,0.85236516006707
528,P1_1,0.08287878787878787,0.4800757575757576,0.8527788992060288
529,P1_1,0.08272211720226842,0.4791682419659736,0.8527788992060288
530,P1_1,0.08256603773584906,0.479854716981132,0.8531952509871412
531,P1_1,0.08287382297551789,0.48056685499058377,0.8529147322577518
532,P1_1,0.08320488721804511,0.47966353383458643,0.8521770202306926
533,P1_1,0.08304878048780488,0.4803339587242027,0.8525890576556117
534,P1_1,0.0828932584269663,0.4810411985018726,0.8530090555586917
535,P1_1,0.08273831775700935,0.4801420560747663,0.8530090555586919
536,P1_1,0.08304664179104479,0.48084514925373134,0.8527259252397054
537,P1_1,0.08289199255121044,0.47994972067039104,0.8527259252397054
538,P1_1,0.08325278810408922,0.48065799256505576,0.8523653191994304
539,P1_1,0.08309833024118739,0.4813395176252319,0.8527768282100503
540,P1_1,0.0834388888888889,0.4804481481481482,0.8520290707030237
541,P1_1,0.08378003696857672,0.4811182994454713,0.8516900624979548
542,P1_1,0.08362546125461255,0.48023062730627303,0.851690062497955
543,P1_1,0.08347145488029467,0.4793462246777163,0.8516900624979549
544,P1_1,0.08331801470588236,0.4800459558823529,0.8521062420465297
545,P1_1,0.0831651376146789,0.48071376146788986,0.852512414013029
546,P1_1,0.08301282051282052,0.4814029304029304,0.8529225657183837
547,P1_1,0.08286106032906765,0.48205850091407676,0.8533223736371846
548,P1_1,0.08270985401459854,0.4811788321167883,0.8533223736371844
549,P1_1,0.08303278688524592,0.48030236794171216,0.8526049969120932
550,P1_1,0.08332363636363636,0.48098909090909087,0.8523449280218577
551,P1_1,0.08365517241379312,0.4801161524500907,0.8516150631925263
552,P1_1,0.08350362318840582,0.4807880434782608,0.8520204565811312
553,P1_1,0.08335262206148283,0.4799186256781193,0.8520204565811313
554,P1_1,0.08320216606498196,0.48058664259927797,0.852423168416368
555,P1_1,0.08352792792792793,0.48125045045045045,0.8521049474879726
556,P1_1,0.08380755395683455,0.48038489208633095,0.8514557319145273
557,P1_1,0.08365709156193897,0.47952244165170554,0.8514557319145273
558,P1_1,0.08350716845878138,0.47866308243727596,0.8514557319145274
559,P1_1,0.08380858676207514,0.4788837209302325,0.8510578772512678
560,P1_1,0.08414642857142857,0.4795375,0.8507205469123718
561,P1_1,0.08444919786096257,0.4786827094474153,0.850036560235758
562,P1_1,0.08429893238434165,0.47783096085409255,0.8500365602357581
563,P1_1,0.08463587921847246,0.47803552397868565,0.8495820495984645
564,P1_1,0.08495744680851064,0.4782570921985815,0.8491561546719217
565,P1_1,0.08480707964601769,0.478916814159292,0.8495591892095545
566,P1_1,0.08512014134275618,0.4791042402826855,0.8491377825652653
567,P1_1,0.0849700176366843,0.47925573192239856,0.8494042186073844
568,P1_1,0.08482042253521126,0.47991549295774644,0.8498051563425508
569,P1_1,0.0846713532513181,0.4790720562390158,0.8498051563425507
570,P1_1,0.08494385964912281,0.4782315789473684,0.8491698077941496
571,P1_1,0.08527495621716287,0.4789176882661996,0.8488548954847682
572,P1_1,0.08558041958041958,0.4780804195804196,0.848170364810461
573,P1_1,0.08543106457242583,0.4772460732984293,0.8481703648104612
574,P1_1,0.0857404181184669,0.47641463414634144,0.8474790580053738
575,P1_1,0.0855913043478261,0.4770521739130434,0.8478764836795252
576,P1_1,0.08591319444444445,0.47772743055555555,0.8475745171057454
577,P1_1,0.08576429809358753,0.47834662045060655,0.8479655413957947
578,P1_1,0.0856159169550173,0.47751903114186844,0.8479655413957947
579,P1_1,0.08592573402417963,0.47669430051813466,0.8472757300687322
580,P1_1,0.08617586206896552,0.4758724137931034,0.8466753377424935
581,P1_1,0.08646815834767642,0.4760464716006884,0.8462828276028773
582,P1_1,0.08674570446735395,0.4766821305841924,0.8460393699586782
583,P1_1,0.08659691252144083,0.4773310463121784,0.8464397603187638
584,P1_1,0.08644863013698631,0.476513698630137,0.8464397603187639
585,P1_1,0.0863008547008547,0.4756991452991453,0.8464397603187638
586,P1_1,0.08660409556313993,0.4748873720136519,0.8457606204829896
587,P1_1,0.08691482112436115,0.4755332197614992,0.8454704882828473
588,P1_1,0.08718877551020407,0.4747244897959184,0.8448358832342125
589,P1_1,0.08704074702886247,0.47538879456706284,0.8452415092175289
590,P1_1,0.0873542372881356,0.47458305084745767,0.8445480676714634
591,P1_1,0.08720642978003385,0.4752402707275803,0.8449516555056166
592,P1_1,0.08705912162162162,0.4758868243243244,0.8453508329732584
593,P1_1,0.08734569983136595,0.4750843170320405,0.844699434218535
594,P1_1,0.0871986531986532,0.4757239057239057,0.8450965380290452
595,P1_1,0.08705210084033614,0.47492436974789914,0.8450965380290452
596,P1_1,0.08690604026845639,0.47412751677852344,0.8450965380290452
597,P1_1,0.08676046901172531,0.47333333333333333,0.845096538029045
598,P1_1,0.08705518394648828,0.47396822742474914,0.8448278945548626
599,P1_1,0.08690984974958263,0.47458597662771285,0.8452172827172828
600,P1_1,0.086765,0.4752116666666666,0.8456074688747457
601,P1_1,0.08710149750415973,0.4744209650582362,0.8448833246907179
602,P1_1,0.08695681063122923,0.4738139534883721,0.8449334091663111
603,P1_1,0.08722553897180763,0.4730281923714759,0.8443106505285155
604,P1_1,0.08708112582781456,0.473682119205298,0.8447096406565082
605,P1_1,0.08693719008264462,0.474304132231405,0.8450983799193641
606,P1_1,0.08679372937293728,0.4735214521452145,0.8450983799193642
607,P1_1,0.08665074135090609,0.4727413509060956,0.8450983799193641
608,P1_1,0.0869391447368421,0.4719638157894737,0.8444467986804507
609,P1_1,0.08679638752052544,0.4725894909688013,0.8448362912647579
610,P1_1,0.08709180327868853,0.47181475409836066,0.8441746618837132
611,P1_1,0.086949263502455,0.4724009819967267,0.8445530967366275
612,P1_1,0.08680718954248366,0.4730098039215686,0.8449364871806847
613,P1_1,0.08706035889070146,0.4736199021207178,0.8447236955807006
614,P1_1,0.08691856677524429,0.4728485342019544,0.8447236955807004
615,P1_1,0.08677723577235771,0.47350243902439026,0.8451180014626841
616,P1_1,0.08663636363636362,0.4736850649350649,0.8453809559679915
617,P1_1,0.08649594813614261,0.4743435980551053,0.845774163531173
618,P1_1,0.08635598705501617,0.4735760517799352,0.845774163531173
619,P1_1,0.08664135702746364,0.47281098546041994,0.8451318361771984
620,P1_1,0.08695483870967742,0.4729661290322581,0.844701585189154
621,P1_1,0.08681481481481482,0.4722045088566828,0.844701585189154
622,P1_1,0.08667524115755627,0.4727636655948553,0.8450675487325092
623,P1_1,0.08697110754414125,0.4734028892455859,0.8447981026200686
624,P1_1,0.08723717948717949,0.4740128205128205,0.8445662726286334
625,P1_1,0.0870976,0.47325439999999996,0.8445662726286334
626,P1_1,0.08695846645367412,0.4738562300319489,0.8449426040390805
627,P1_1,0.08681977671451356,0.4744178628389155,0.8453065678495919
628,P1_1,0.08668152866242038,0.47366242038216566,0.8453065678495919
629,P1_1,0.08654372019077901,0.47290937996820354,0.845306567849592
630,P1_1,0.08640634920634921,0.4721587301587302,0.845306567849592
631,P1_1,0.08671315372424722,0.47274167987321714,0.8450041924445351
632,P1_1,0.0865759493670886,0.4733306962025316,0.8453743136429276
633,P1_1,0.08643917851500789,0.4725829383886256,0.8453743136429276
634,P1_1,0.0867334384858044,0.4718375394321766,0.8447226191215754
635,P1_1,0.08659685039370078,0.47109448818897637,0.8447226191215754
636,P1_1,0.08685849056603773,0.4716949685534591,0.844493863303682
637,P1_1,0.08714128728414443,0.47183830455259035,0.8441064959137249
638,P1_1,0.08700470219435737,0.472423197492163,0.844475575417116
639,P1_1,0.08686854460093897,0.47168388106416276,0.844475575417116
640,P1_1,0.087109375,0.47094687499999993,0.8439057442686109
641,P1_1,0.08697347893915756,0.471572542901716,0.8442859217714817
642,P1_1,0.08683800623052959,0.47218224299065414,0.844660356487067
643,P1_1,0.08670295489891135,0.47144790046656293,0.8446603564870672
644,P1_1,0.08656832298136646,0.4720419254658385,0.8450291178473641
645,P1_1,0.08643410852713178,0.47263100775193795,0.8453952750577515
646,P1_1,0.08630030959752322,0.4732074303405573,0.8457567189203247
647,P1_1,0.08616692426584235,0.47247604327666154,0.8457567189203248
648,P1_1,0.08603395061728394,0.47174691358024695,0.8457567189203247
649,P1_1,0.0862758089368259,0.4723451463790446,0.8455557241170061
650,P1_1,0.08614307692307693,0.4716184615384615,0.8455557241170061
651,P1_1,0.08601075268817206,0.4708940092165898,0.8455557241170061
652,P1_1,0.08629141104294479,0.4710429447852761,0.8451711972524781
653,P1_1,0.08615926493108729,0.4716416539050536,0.8455376066592722
654,P1_1,0.08602752293577982,0.4722247706422018,0.8458984872513331
655,P1_1,0.08589618320610687,0.47234198473282446,0.846129863310415
656,P1_1,0.08576524390243903,0.47244512195121946,0.8463567695105766
657,P1_1,0.08604109589041095,0.4730304414003044,0.8461000245024639
658,P1_1,0.08627659574468084,0.4723115501519757,0.8455452440613684
659,P1_1,0.08654779969650986,0.47289681335356604,0.8452969289941792
660,P1_1,0.08681818181818181,0.47218030303030306,0.8446897725640281
661,P1_1,0.08707110438729199,0.47273676248108926,0.8444625209102972
662,P1_1,0.08693957703927492,0.4733141993957704,0.8448210780613015
663,P1_1,0.08680844645550528,0.4726003016591252,0.8448210780613015
664,P1_1,0.08705421686746988,0.4718885542168675,0.8442520032979647
665,P1_1,0.0869233082706767,0.47245864661654136,0.844608308310192
666,P1_1,0.0867927927927928,0.4726081081081081,0.8448468841344102
667,P1_1,0.08666266866566717,0.47315742128935534,0.845195500803428
668,P1_1,0.08653293413173653,0.4724491017964072,0.8451955008034279
669,P1_1,0.08681315396113602,0.4717428998505232,0.8445757531966367
670,P1_1,0.08708507462686567,0.4722910447761194,0.8443174965713401
671,P1_1,0.08733233979135617,0.47285245901639344,0.844100839620734
672,P1_1,0.08720238095238095,0.4721488095238095,0.8441008396207341
673,P1_1,0.08707280832095096,0.47144725111441305,0.8441008396207341
674,P1_1,0.08694362017804154,0.47074777448071214,0.844100839620734
675,P1_1,0.08681481481481482,0.4713481481481481,0.8444633188236542
676,P1_1,0.08668639053254439,0.47065088757396445,0.8444633188236543
677,P1_1,0.0869069423929099,0.471192023633678,0.8442804095989498
678,P1_1,0.0867787610619469,0.47135840707964605,0.8445207271343518
679,P1_1,0.08665095729013254,0.4706642120765832,0.8445207271343518
680,P1_1,0.08652352941176471,0.4712102941176471,0.8448659095763054
681,P1_1,0.0863964757709251,0.47051835535976505,0.8448659095763054
682,P1_1,0.08626979472140762,0.4706539589442815,0.8450958606926403
683,P1_1,0.08614348462664714,0.4712196193265007,0.8454445871718692
684,P1_1,0.08601754385964912,0.4718070175438597,0.8457982136117751
685,P1_1,0.08627883211678831,0.47239270072992706,0.8455642948600696
686,P1_1,0.08615306122448979,0.47170408163265315,0.8455642948600696
687,P1_1,0.08643377001455603,0.4722838427947598,0.8452997220188673
688,P1_1,0.0866845930232558,0.4715973837209303,0.844729730433379
689,P1_1,0.08695500725689406,0.47216690856313503,0.8444793437771749
690,P1_1,0.08682898550724638,0.4727333333333334,0.844826961030619
691,P1_1,0.08708538350217077,0.47324746743849494,0.8445827629845811
692,P1_1,0.08695953757225434,0.4738222543352602,0.8449315958058141
693,P1_1,0.08683405483405483,0.47396392496392503,0.8451598294534948
694,P1_1,0.08670893371757925,0.47408789625360237,0.8453826250729073
695,P1_1,0.0865841726618705,0.4734057553956835,0.8453826250729074
696,P1_1,0.08645977011494253,0.47394109195402306,0.8457179923033339
697,P1_1,0.08633572453371592,0.47326111908177915,0.8457179923033338
698,P1_1,0.08621203438395415,0.472583094555874,0.8457179923033338
699,P1_1,0.08646781115879829,0.4731359084406295,0.8454838520003171
700,P1_1,0.08634428571428572,0.47368000000000005,0.8458204618677252
701,P1_1,0.0866077032810271,0.4730042796005706,0.8452361530304265
702,P1_1,0.08648433048433048,0.47355698005698005,0.8455750873078655
703,P1_1,0.08671977240398293,0.47408677098150787,0.8453659761520064
704,P1_1,0.0865965909090909,0.47458664772727277,0.8456892776777963
705,P1_1,0.08647375886524822,0.47513900709219853,0.8460260091883304
706,P1_1,0.0863512747875354,0.4756699716713881,0.8463558533923743
707,P1_1,0.08622913719943423,0.4762065063649222,0.8466862152388329
708,P1_1,0.08652118644067797,0.47553389830508475,0.8460627992008745
709,P1_1,0.08674894217207335,0.476049365303244,0.8458614018204419
710,P1_1,0.08662676056338028,0.4753788732394366,0.8458614018204419
711,P1_1,0.08650492264416315,0.47589029535864974,0.8461848183002678
712,P1_1,0.08638342696629214,0.47624438202247193,0.8464643489244641
713,P1_1,0.08662131837307153,0.4755764375876578,0.8459237564457261
714,P1_1,0.08650000000000001,0.4749103641456583,0.8459237564457263
715,P1_1,0.08672867132867133,0.4742461538461539,0.8453965000984799
716,P1_1,0.08660754189944135,0.4735837988826816,0.8453965000984799
717,P1_1,0.08648675034867503,0.4737433751743375,0.8456228138964612
718,P1_1,0.08672423398328691,0.47308356545961,0.8450821262769255
719,P1_1,0.08697357440890124,0.4736063977746871,0.8448507283088993
720,P1_1,0.08685277777777779,0.47294861111111114,0.8448507283088992
721,P1_1,0.08673231622746187,0.47348404993065196,0.8451806811317204
722,P1_1,0.08661218836565097,0.4728282548476455,0.8451806811317205
723,P1_1,0.08649239280774551,0.47336791147994467,0.845510760192599
724,P1_1,0.0863729281767956,0.4738950276243094,0.8458363943850861
725,P1_1,0.08657379310344829,0.4732413793103449,0.8453528997255251
726,P1_1,0.08681129476584022,0.4725895316804408,0.8448137888581101
727,P1_1,0.08669188445667125,0.4730907840440165,0.8451329608169805
728,P1_1,0.08657280219780221,0.4735934065934066,0.8454515805503174
729,P1_1,0.08645404663923183,0.47408641975308646,0.8457666273486788
730,P1_1,0.08633561643835617,0.47343698630136993,0.8457666273486788
731,P1_1,0.08621751025991793,0.4739384404924761,0.8460830235863571
732,P1_1,0.08644535519125685,0.4732909836065574,0.8455605805817044
733,P1_1,0.0863274215552524,0.47264529331514327,0.8455605805817044
734,P1_1,0.08620980926430519,0.4731880108991826,0.8458881923438497
735,P1_1,0.08609251700680273,0.4725442176870749,0.8458881923438497
736,P1_1,0.08597554347826088,0.4719021739130434,0.8458881923438496
737,P1_1,0.08622659430122118,0.4724355495251017,0.8456552045738268
738,P1_1,0.08610975609756098,0.47297154471544717,0.8459799031512208
739,P1_1,0.08599323410013533,0.47309742895805146,0.846190895713124
740,P1_1,0.08622162162162163,0.4736175675675675,0.845988592283981
741,P1_1,0.08641835357624832,0.4741268556005398,0.8458316079390608
742,P1_1,0.08630188679245283,0.4746401617250674,0.8461483017353845
743,P1_1,0.08618573351278601,0.4740013458950202,0.8461483017353845
744,P1_1,0.08606989247311828,0.4745268817204301,0.8464673782739209
745,P1_1,0.08595436241610739,0.47502818791946305,0.8467789018309199
746,P1_1,0.08583914209115281,0.4743914209115281,0.8467789018309198
747,P1_1,0.08572423025435073,0.4737563587684069,0.8467789018309198
748,P1_1,0.08591310160427808,0.47428743315508015,0.8466386654893443
749,P1_1,0.08579839786381843,0.47365420560747656,0.8466386654893444
750,P1_1,0.08568400000000001,0.4730226666666666,0.8466386654893444
751,P1_1,0.08556990679094541,0.4731491344873502,0.8468462671414068
752,P1_1,0.0854561170212766,0.4736303191489361,0.8471504377629729
753,P1_1,0.08534262948207172,0.4741314741035856,0.8474591961717036
754,P1_1,0.0855291777188329,0.47463925729442963,0.8473152495341728
755,P1_1,0.08541589403973511,0.47401059602649,0.8473152495341728
756,P1_1,0.08530291005291006,0.4744854497354497,0.8476157844990548
757,P1_1,0.08519022457067371,0.47498414795244387,0.8479219529680322
758,P1_1,0.0850778364116095,0.4751002638522427,0.84812359431485
759,P1_1,0.08496574440052701,0.4756258234519104,0.8484355647267028
760,P1_1,0.08485394736842106,0.475,0.8484355647267028
761,P1_1,0.08510775295663602,0.4755019710906701,0.8481871624662466
762,P1_1,0.08534514435695541,0.476,0.8479631556184175
763,P1_1,0.08558453473132373,0.4761087811271297,0.8476312031583958
764,P1_1,0.08547251308900523,0.47661649214659685,0.8479377602250393
765,P1_1,0.0853607843137255,0.4771006535947712,0.8482370904730143
766,P1_1,0.08527284595300262,0.4775665796344647,0.8484952509074882
767,P1_1,0.08516166883963494,0.47694393741851365,0.8484952509074882
768,P1_1,0.08505078124999998,0.4763229166666667,0.8484952509074885
769,P1_1,0.08494018205461637,0.4768088426527959,0.8487933608805861
770,P1_1,0.08482987012987012,0.47618961038961044,0.8487933608805861
771,P1_1,0.08471984435797664,0.47668482490272374,0.8490930891801415
772,P1_1,0.08461010362694299,0.47606735751295337,0.8490930891801416
773,P1_1,0.08450064683053038,0.47658602846054327,0.8493982292723415
774,P1_1,0.08474935400516796,0.47669896640826875,0.8490522619379097
775,P1_1,0.08464,0.47608387096774196,0.8490522619379097
776,P1_1,0.08488917525773196,0.4754703608247423,0.8485094483245523
777,P1_1,0.08477992277992277,0.4748584298584299,0.8485094483245523
778,P1_1,0.0850012853470437,0.47424807197943447,0.8480082556493279
779,P1_1,0.08489216944801027,0.4747381258023107,0.8483066943149705
780,P1_1,0.08512179487179489,0.4741294871794872,0.8477932950648304
781,P1_1,0.08501280409731116,0.47460179257362356,0.8480868715665391
782,P1_1,0.08524424552429667,0.4739948849104859,0.8475710284113646
783,P1_1,0.08513537675606642,0.47338952745849294,0.8475710284113646
784,P1_1,0.08502678571428572,0.4735114795918368,0.8477690948037654
785,P1_1,0.08520254777070063,0.47290828025477716,0.8473375833396102
786,P1_1,0.0850941475826972,0.47301272264631045,0.8475307291096765
787,P1_1,0.08498602287166455,0.4724116899618806,0.8475307291096765
788,P1_1,0.08487817258883248,0.4728895939086295,0.8478252461202082
789,P1_1,0.08477059569074778,0.4730076045627376,0.8480209594921004
790,P1_1,0.08466329113924051,0.4724088607594936,0.8480209594921003
791,P1_1,0.08455625790139064,0.4725145385587864,0.8482127254943345
792,P1_1,0.08477020202020202,0.4719179292929293,0.8477240716085617
793,P1_1,0.08466330390920555,0.47132282471626735,0.8477240716085616
794,P1_1,0.08455667506297229,0.4718098236775819,0.8480198299962649
795,P1_1,0.08445031446540881,0.4712163522012579,0.8480198299962648
796,P1_1,0.08434422110552764,0.47171356783919605,0.8483175260154263
797,P1_1,0.08423839397741531,0.4718042659974906,0.8485037209533223
798,P1_1,0.0841328320802005,0.47227443609022557,0.8487927155285994
799,P1_1,0.08402753441802253,0.47168335419274093,0.8487927155285994
800,P1_1,0.084225,0.4721599999999999,0.8486210088338111
801,P1_1,0.0844469413233458,0.4726479400749064,0.8484155138683154
802,P1_1,0.08434164588528678,0.4731197007481297,0.8487040466668456
803,P1_1,0.08460398505603985,0.4725305105853051,0.8481444144673754
804,P1_1,0.08484701492537314,0.4729875621890547,0.8478993264199027
805,P1_1,0.08506459627329194,0.47346211180124226,0.8476982478303612
806,P1_1,0.0849590570719603,0.47391563275434245,0.8479819204223304
807,P1_1,0.08485377942998762,0.47439900867410156,0.8482729434078485
808,P1_1,0.08474876237623763,0.47487623762376235,0.8485615146281212
809,P1_1,0.08497775030902349,0.47534116192830655,0.8483403853535644
810,P1_1,0.08519135802469135,0.4758037037037037,0.8481424100914161
811,P1_1,0.08541183723797781,0.47521701602959304,0.8476499439153672
812,P1_1,0.08559113300492611,0.47463177339901474,0.8472195049032646
813,P1_1,0.08548585485854858,0.47404797047970476,0.8472195049032647
814,P1_1,0.08538083538083538,0.4734656019656019,0.8472195049032647
815,P1_1,0.0852760736196319,0.47288466257668704,0.8472195049032647
816,P1_1,0.08517156862745098,0.4723051470588235,0.8472195049032647
817,P1_1,0.0850673194614443,0.47276988984088125,0.8475051179037767
818,P1_1,0.08524938875305622,0.4721919315403423,0.8470702015627638
819,P1_1,0.08545909645909645,0.4726434676434676,0.8468756426580555
820,P1_1,0.08535487804878049,0.4730951219512195,0.8471575287872137
821,P1_1,0.08525091352009743,0.47316686967113275,0.8473348878094321
822,P1_1,0.08514720194647202,0.47259124087591237,0.847334887809432
823,P1_1,0.08504374240583232,0.47305103280680433,0.8476177413174487
824,P1_1,0.08524271844660193,0.47353519417475726,0.8474479457380335
825,P1_1,0.08513939393939393,0.473990303030303,0.8477287212594464
826,P1_1,0.0850363196125908,0.4744225181598063,0.8480025448321081
827,P1_1,0.0849334945586457,0.47486698911729136,0.8482789903986349
828,P1_1,0.08483091787439613,0.4743200483091787,0.848286199962417
829,P1_1,0.08503015681544028,0.4747804583835947,0.8481090666971209
830,P1_1,0.0852433734939759,0.4751951807228915,0.8478988055825473
831,P1_1,0.08514079422382671,0.47531768953068587,0.8480872416214162
832,P1_1,0.08535576923076924,0.4757800480769231,0.8478875049532519
833,P1_1,0.08525330132052822,0.47520888355342134,0.847887504953252
834,P1_1,0.08515107913669065,0.4746390887290168,0.8478875049532519
835,P1_1,0.08504910179640719,0.4740706586826347,0.847887504953252
836,P1_1,0.08494736842105263,0.4735035885167464,0.847887504953252
837,P1_1,0.08516129032258064,0.4729378733572282,0.8474083176167612
838,P1_1,0.08505966587112172,0.47237350835322195,0.847408317616761
839,P1_1,0.08495828367103694,0.47181048867699643,0.8474083176167612
840,P1_1,0.08515833333333334,0.4712488095238095,0.8469496043921245
841,P1_1,0.08505707491082046,0.4713281807372176,0.8471255770217131
842,P1_1,0.0849560570071259,0.4707684085510689,0.8471255770217131
843,P1_1,0.0848552787663108,0.4702099644128114,0.8471255770217131
844,P1_1,0.0847547393364929,0.47065284360189574,0.847400824295381
845,P1_1,0.08465443786982249,0.47109230769230764,0.847674433461242
846,P1_1,0.08455437352245863,0.4705354609929078,0.8476744334612419
847,P1_1,0.08445454545454546,0.4699799291617473,0.8476744334612419
848,P1_1,0.08435495283018866,0.47044575471698113,0.8479544966639814
849,P1_1,0.08425559481743226,0.47087396937573617,0.8482235495061585
850,P1_1,0.08444,0.4713270588235294,0.8480658422275943
851,P1_1,0.08467567567567567,0.4707732079905993,0.8475545128171496
852,P1_1,0.08457629107981221,0.4702206572769953,0.8475545128171497
853,P1_1,0.08447713950762016,0.4696694021101993,0.8475545128171496
854,P1_1,0.08437822014051521,0.46911943793911004,0.8475545128171497
855,P1_1,0.08427953216374269,0.46857076023391814,0.8475545128171497
856,P1_1,0.08449182242990654,0.46866355140186916,0.8472548104439062
857,P1_1,0.08439323220536755,0.46811668611435236,0.847254810443906
858,P1_1,0.08429487179487179,0.46823426573426574,0.8474381420465331
859,P1_1,0.08450523864959256,0.4676891734575087,0.8469646979455447
860,P1_1,0.08440697674418605,0.4681220930232558,0.8472352291261114
861,P1_1,0.0843089430894309,0.46855981416957027,0.8475064072938111
862,P1_1,0.08421113689095128,0.46900000000000003,0.8477775820562503
863,P1_1,0.0841135573580533,0.4684565469293164,0.8477775820562504
864,P1_1,0.0840162037037037,0.46859606481481486,0.847965366514681
865,P1_1,0.08391907514450868,0.4690173410404625,0.8482301532543018
866,P1_1,0.08382217090069284,0.46947344110854505,0.848503821318407
867,P1_1,0.08372549019607843,0.46990772779700113,0.8487708333333334
868,P1_1,0.08362903225806452,0.4703548387096774,0.8490406731301132
869,P1_1,0.08381472957422326,0.4698135788262371,0.8486083021723
870,P1_1,0.08371839080459771,0.46927356321839087,0.8486083021722999
871,P1_1,0.08393800229621125,0.46942020665901263,0.8483116344208724
872,P1_1,0.08384174311926605,0.46952981651376147,0.8484892444149708
873,P1_1,0.0840515463917526,0.46899198167239403,0.8480200162797972
874,P1_1,0.08395537757437072,0.4694336384439359,0.8482886809383412
875,P1_1,0.08385942857142858,0.46986399999999995,0.8485535842545427
876,P1_1,0.08405821917808219,0.4702990867579908,0.8483681584458533
877,P1_1,0.08425085518814139,0.4697628278221208,0.8479264000658612
878,P1_1,0.08415489749430524,0.47018906605922556,0.8481901075374861
879,P1_1,0.08405915813424346,0.4706222980659841,0.8484550777845005
880,P1_1,0.08396363636363637,0.47008749999999994,0.8484550777845005
881,P1_1,0.08386833144154371,0.47053234960272416,0.8487225317191719
882,P1_1,0.08377324263038549,0.4709557823129252,0.8489834876786075
883,P1_1,0.0839841449603624,0.47138618346545863,0.8487781203608542
884,P1_1,0.08418778280542986,0.4718042986425339,0.8485809679408013
885,P1_1,0.08409265536723164,0.4722248587570621,0.8488405393822573
886,P1_1,0.08399774266365688,0.4726534988713318,0.8491016701372485
887,P1_1,0.08423788049605413,0.4730744081172491,0.8488497701967891
888,P1_1,0.08414301801801802,0.47254166666666664,0.8488497701967892
889,P1_1,0.0843464566929134,0.47263217097862764,0.8485642850507115
890,P1_1,0.08455617977528089,0.47307303370786513,0.8483648673154809
891,P1_1,0.08446127946127946,0.47351627384960715,0.8486296107072601
892,P1_1,0.08436659192825112,0.4729854260089686,0.8486296107072602
893,P1_1,0.08427211646136618,0.4734199328107503,0.8488913073597594
894,P1_1,0.08417785234899329,0.47289038031319913,0.8488913073597594
895,P1_1,0.08408379888268155,0.4733083798882681,0.8491478673631797
896,P1_1,0.08398995535714285,0.47278013392857143,0.8491478673631797
897,P1_1,0.0841583054626533,0.473190635451505,0.8490024842881774
898,P1_1,0.08437082405345211,0.47266369710467704,0.8485357354907971
899,P1_1,0.08457285873192437,0.47213793103448276,0.8480847501313732
900,P1_1,0.08477666666666668,0.47161333333333333,0.8476308584506071
901,P1_1,0.08468257491675917,0.4710899001109878,0.8476308584506071
902,P1_1,0.08458869179600888,0.47056762749445674,0.8476308584506071
903,P1_1,0.08478848283499447,0.47004651162790695,0.8471825251089785
904,P1_1,0.08469469026548672,0.4695265486725664,0.8471825251089786
905,P1_1,0.08460110497237568,0.46900773480662983,0.8471825251089785
906,P1_1,0.08450772626931567,0.4694205298013245,0.8474392209764098
907,P1_1,0.08441455347298786,0.4689029768467475,0.8474392209764098
908,P1_1,0.0843215859030837,0.46838656387665195,0.8474392209764097
909,P1_1,0.08422882288228822,0.46787128712871284,0.8474392209764098
910,P1_1,0.08413626373626373,0.4673571428571428,0.8474392209764098
911,P1_1,0.08404390779363337,0.4668441273326015,0.8474392209764097
912,P1_1,0.08395175438596492,0.4663322368421053,0.8474392209764098
913,P1_1,0.08413362541073385,0.4667612267250822,0.8472782508594003
914,P1_1,0.08404157549234137,0.46625054704595187,0.8472782508594002
915,P1_1,0.08394972677595629,0.46667213114754097,0.8475365160901037
916,P1_1,0.0838580786026201,0.4661626637554585,0.8475365160901037
917,P1_1,0.08403271537622684,0.4658026172300981,0.8471674874404749
918,P1_1,0.08394117647058824,0.46620588235294114,0.8474204758086074
919,P1_1,0.08384983677910773,0.4656985854189336,0.8474204758086074
920,P1_1,0.08403695652173913,0.46519239130434786,0.8469911397590695
921,P1_1,0.08394571118349621,0.4646872964169381,0.8469911397590696
922,P1_1,0.08385466377440348,0.46478308026030374,0.8471584124749922
923,P1_1,0.08376381365113761,0.4651885157096425,0.8474114979188171
924,P1_1,0.08367316017316018,0.46468506493506495,0.8474114979188172
925,P1_1,0.08386270270270271,0.46418270270270273,0.8469785498143771
926,P1_1,0.0837721382289417,0.4646069114470842,0.8472368003875549
927,P1_1,0.08395037756202806,0.4650064724919094,0.8470729028087006
928,P1_1,0.08385991379310345,0.4654353448275862,0.8473318083908457
929,P1_1,0.08376964477933262,0.4649343379978471,0.8473318083908457
930,P1_1,0.08367956989247312,0.4653709677419355,0.8475922266591203
931,P1_1,0.08358968850698174,0.4657926960257788,0.8478478909037587
932,P1_1,0.0835,0.46588090128755366,0.8480107338928133
933,P1_1,0.08341050375133977,0.46629260450160775,0.8482626303197868
934,P1_1,0.08332119914346896,0.4657933618843684,0.8482626303197869
935,P1_1,0.08323208556149733,0.46529518716577545,0.8482626303197868
936,P1_1,0.0831431623931624,0.4647980769230769,0.8482626303197868
937,P1_1,0.08305442902881537,0.46521878335112055,0.8485163470447626
938,P1_1,0.08296588486140725,0.4647228144989339,0.8485163470447626
939,P1_1,0.08315761448349308,0.4651352502662407,0.8483335825983253
940,P1_1,0.08306914893617022,0.4655457446808511,0.8485838610969986
941,P1_1,0.08327205100956431,0.4650510095642933,0.8481332320358469
942,P1_1,0.08318365180467092,0.4651868365180467,0.8483075701992973
943,P1_1,0.08309544008483565,0.46469353128313895,0.8483075701992974
944,P1_1,0.08329978813559322,0.46508898305084745,0.8481008501407242
945,P1_1,0.0835015873015873,0.4645968253968254,0.847652200103098
946,P1_1,0.0836723044397463,0.4650137420718816,0.8475042240062267
947,P1_1,0.08387328405491024,0.46544244984160504,0.8473131591189575
948,P1_1,0.08378481012658227,0.4658565400843882,0.8475645798948298
949,P1_1,0.08369652265542676,0.46536564805057956,0.8475645798948297
950,P1_1,0.08360842105263158,0.4654568421052631,0.8477258958766285
951,P1_1,0.08378969505783386,0.4649674027339642,0.8473100477515387
952,P1_1,0.08370168067226891,0.46447899159663864,0.8473100477515387
953,P1_1,0.08385729275970619,0.4648824763903463,0.8471820387838966
954,P1_1,0.08376939203354297,0.464395178197065,0.8471820387838968
955,P1_1,0.08368167539267016,0.46479476439790574,0.8474288605274964
956,P1_1,0.08359414225941422,0.4652008368200837,0.8476769186197222
957,P1_1,0.08350679205851619,0.46531347962382447,0.8478430984290422
958,P1_1,0.083419624217119,0.4657275574112735,0.8480924112735062
959,P1_1,0.08362043795620439,0.4661438998957247,0.8478976677844712
960,P1_1,0.08353333333333333,0.4665499999999999,0.8481442205726405
961,P1_1,0.08369198751300728,0.4669573361082206,0.848012185027987
962,P1_1,0.08389501039501039,0.467047817047817,0.8477246526932662
963,P1_1,0.08380789200415369,0.4665628245067497,0.8477246526932662
964,P1_1,0.08372095435684647,0.4666711618257261,0.8478885291135329
965,P1_1,0.0836341968911917,0.46705699481865276,0.8481286823718472
966,P1_1,0.08354761904761904,0.4674523809523809,0.8483709273182958
967,P1_1,0.0834612202688728,0.4669689762150982,0.8483709273182958
968,P1_1,0.08337499999999999,0.4670444214876032,0.8485246037019102
969,P1_1,0.08357585139318885,0.4665624355005159,0.8480821033833316
970,P1_1,0.08348969072164948,0.4669556701030928,0.8483233820037008
971,P1_1,0.08340370751802266,0.4664747682801236,0.8483233820037009
972,P1_1,0.08359053497942387,0.46687551440329217,0.8481458846133
973,P1_1,0.08379136690647482,0.4663956834532374,0.8477038548041217
974,P1_1,0.0837053388090349,0.46679466119096513,0.8479467051606996
975,P1_1,0.08361948717948718,0.467185641025641,0.8481868034671856
976,P1_1,0.08379815573770492,0.4675665983606557,0.8480168434510492
977,P1_1,0.0837123848515865,0.4679467758444217,0.8482534310751413
978,P1_1,0.08362678936605318,0.46746830265848666,0.8482534310751413
979,P1_1,0.08377732379979572,0.4669908069458631,0.8478900300814908
980,P1_1,0.08369183673469388,0.4673765306122449,0.8481280333008053
981,P1_1,0.08360652395514781,0.46775535168195714,0.8483636108163273
982,P1_1,0.0835213849287169,0.4681537678207739,0.8486040480299772
983,P1_1,0.08343641912512716,0.46767751780264494,0.8486040480299771
984,P1_1,0.08364024390243903,0.46806605691056913,0.8483971566407984
985,P1_1,0.08383756345177665,0.4684527918781725,0.8482002036742241
986,P1_1,0.08375253549695741,0.4688387423935091,0.848436740050105
987,P1_1,0.0836676798378926,0.4692350557244174,0.8486755907387555
988,P1_1,0.08358299595141701,0.46961437246963555,0.8489092668861
989,P1_1,0.08374924165824064,0.46913953488372084,0.8485242507868408
990,P1_1,0.08366464646464647,0.46922121212121204,0.8486764579607093
991,P1_1,0.08383753784056508,0.4687477295660948,0.8482812648371475
992,P1_1,0.08375302419354838,0.4691502016129032,0.8485213681446908
993,P1_1,0.0836686807653575,0.46954078549848943,0.8487576842630298
994,P1_1,0.08385311871227363,0.4690684104627767,0.8483453541095043
995,P1_1,0.08376884422110552,0.46945628140703516,0.8485809115665292
996,P1_1,0.08368473895582329,0.4689849397590361,0.848580911566529
997,P1_1,0.08360080240722166,0.4693620862587763,0.8488129960965275
998,P1_1,0.08351703406813626,0.46971943887775547,0.8490391755564812
999,P1_1,0.08343343343343343,0.47010210210210207,0.8492717665312796
1000,P1_1,0.083626,0.470493,0.8490829587146442
