MapHeight,MapWidth,Scene,Probability,Obs0,Obs1,Obs2,Obs3,Obs4,Obs5,Obs6,Obs7,Obs8,Obs9,Obs10,Obs11,Obs12,Obs13,Obs14,Obs15,Obs16,Obs17,Obs18,Obs19,Obs20,Obs21,Obs22
11,11,51,3.946212180883653e-05,4,5,2,2,2,4,6,6,6,6,3,2,5,5,5,5,7,7,6,3,6,7,3
11,11,51,3.946212180883653e-05,2,5,4,2,2,4,6,6,6,6,3,2,5,5,5,5,7,7,6,7,3,6,3
11,11,51,3.946212180883653e-05,2,2,2,5,4,4,0,4,0,0,7,1,1,1,7,7,6,3,3,3,3
11,11,51,3.946212180883653e-05,5,2,4,5,4,4,4,0,0,0,1,7,1,1,7,3,3,3,3,3,3
11,11,51,7.892424361767306e-05,2,2,5,2,4,4,6,6,6,6,3,2,5,5,5,5,7,7,6,3,3,3,3
11,11,51,7.892424361767306e-05,2,2,2,2,2,4,4,0,0,0,7,5,1,7,7,7,6,3,3,3,3
11,11,51,7.892424361767306e-05,5,4,2,2,2,4,4,0,0,0,1,7,1,1,7,3,3,3,6,7,3
11,11,51,0.0007055432758201883,2,2,2,2,2,2,5,6,7,6,3,3,6,7,3
11,11,51,0.00015784848723534613,2,2,5,4,2,4,0,4,0,0,7,1,1,1,7,7,6,3,3,3,3
11,11,51,0.0001183863654265096,2,2,2,2,2,4,0,4,0,0,7,1,1,1,7,3,7,3,6,3,3
11,11,51,0.0001183863654265096,2,2,2,5,4,4,6,6,6,6,3,2,5,5,5,5,7,3,7,3,6,3,3
11,11,51,3.946212180883653e-05,2,2,2,5,4,4,4,0,0,0,1,1,7,1,7,3,3,7,6,3,3
11,11,51,9.668219843164951e-06,4,0,4,0,0,4,0,7,1,1,1,7,7,1,1
11,11,51,3.946212180883653e-05,5,4,2,2,2,4,4,6,4,0,7,1,1,1,7,3,3,3,6,7,3
11,11,51,9.115750137841239e-06,0,4,4,4,0,0,0,7,7,5,1,7,1,7,1
11,11,51,0.0013022500196916062,2,2,2,2,2,4,6,6,6,6,3,2,5,5,5,5,7,3,7,3,6,3,3
11,11,51,3.946212180883653e-05,4,5,5,4,2,4,6,6,6,6,3,2,5,5,5,5,7,3,3,3,7,6,3
11,11,51,3.946212180883653e-05,2,2,2,2,2,4,0,0,4,0,7,1,1,1,7,7,6,3,7,6,3
11,11,51,0.0001183863654265096,5,4,2,2,2,4,6,6,6,6,3,2,5,5,5,5,7,3,7,6,7,6,3
11,11,51,7.892424361767306e-05,2,2,2,2,2,4,4,6,4,0,1,1,7,1,7,3,3,3,3,3,3
11,11,51,7.482018294955407e-05,5,4,2,2,2,2,5,6,3,3,7,3,6,3,3
11,11,51,7.892424361767306e-05,2,2,2,5,4,4,4,0,0,0,7,1,1,1,7,3,7,3,6,3,3
11,11,51,3.946212180883653e-05,2,2,2,2,2,4,0,4,0,0,7,1,7,5,7,3,7,6,3,3,3
11,11,51,3.946212180883653e-05,2,2,5,2,4,4,6,6,6,6,3,2,5,5,5,5,7,3,7,3,6,3,3
11,11,51,3.946212180883653e-05,2,5,4,2,2,4,4,6,4,0,7,5,7,1,7,3,3,3,3,3,3
11,11,51,3.946212180883653e-05,2,2,2,5,4,4,0,4,0,0,1,7,7,5,7,7,6,3,3,3,3
11,11,51,0.00027623485266185577,2,2,2,2,2,4,4,0,6,4,7,7,5,1,7,3,3,3,3,3,3
11,11,51,3.946212180883653e-05,2,2,2,5,4,4,6,4,4,0,7,1,1,1,7,3,3,3,7,6,3
11,11,51,3.946212180883653e-05,5,2,4,2,2,4,4,0,0,0,7,1,1,1,7,7,6,3,7,6,3
11,11,51,5.051151591531076e-06,0,4,4,0,0,4,0,7,1,1,1,7,1,7,1
11,11,51,3.946212180883653e-05,5,2,2,4,2,4,4,0,0,0,1,7,1,1,7,3,3,3,6,7,3
11,11,51,3.946212180883653e-05,2,5,4,2,2,4,4,0,0,0,7,7,5,1,7,3,3,3,6,7,3
11,11,51,3.946212180883653e-05,2,2,2,2,2,4,4,0,6,4,1,7,7,5,7,7,6,3,3,3,3
11,11,51,3.946212180883653e-05,2,2,2,5,4,4,4,0,0,0,7,5,7,1,7,7,6,3,3,3,3
11,11,51,0.00013610485811867723,4,0,4,4,6,4,0,7,1,1,1,7,7,1,1
11,11,51,7.892424361767306e-05,2,2,2,2,2,4,4,0,0,0,1,1,1,7,7,3,3,3,3,3,3
11,11,51,3.946212180883653e-05,4,5,2,2,2,4,4,0,6,4,7,5,7,1,7,3,3,7,6,3,3
11,11,51,0.0001183863654265096,2,5,2,4,2,4,6,6,6,6,3,2,5,5,5,5,7,3,3,3,7,6,3
11,11,51,4.577606129825038e-06,4,0,4,4,0,0,0,1,7,7,5,7,7,1,1
11,11,51,3.946212180883653e-05,2,2,2,5,4,4,6,6,6,6,3,2,5,5,5,5,7,3,7,6,7,6,3
11,11,51,0.0009865530452209136,2,2,5,4,2,4,6,6,6,6,3,2,5,5,5,5,7,3,3,3,6,7,3
11,11,51,9.234136503267748e-06,0,4,4,4,0,0,0,7,5,7,5,7,7,7,1
11,11,51,0.0001183863654265096,4,5,5,4,2,4,6,6,6,6,3,2,5,5,5,5,7,7,6,3,3,3,3
11,11,51,0.00047354546170603833,2,2,2,2,2,4,0,4,0,0,7,1,1,1,7,3,3,7,6,3,3
11,11,51,0.0003551590962795288,2,2,2,2,2,4,4,0,6,4,7,1,1,1,7,3,3,3,7,6,3
11,11,51,3.946212180883653e-05,4,5,5,4,2,4,4,6,4,0,7,1,1,1,7,3,3,3,3,3,3
11,11,51,3.946212180883653e-05,2,5,4,5,4,4,4,0,0,0,7,1,1,1,7,7,6,7,3,6,3
11,11,51,0.0009652829615659505,2,2,2,2,2,2,5,6,3,7,6,3,6,7,3
11,11,51,3.946212180883653e-05,2,2,5,4,2,4,4,0,0,0,1,1,7,1,7,3,3,3,6,7,3
11,11,51,9.979970605454758e-05,0,4,4,6,6,6,6,3,2,5,5,5,5,1,7,7,1
11,11,51,3.733116723115936e-05,4,5,2,2,2,2,5,6,3,7,6,3,7,6,3
11,11,51,3.946212180883653e-05,2,2,2,2,2,4,4,0,0,0,1,7,1,1,7,7,3,6,7,6,3
11,11,51,3.946212180883653e-05,2,2,2,2,2,4,4,0,6,4,7,1,5,7,7,7,6,3,3,3,3
11,11,51,0.00031569697447069226,2,2,2,2,2,4,4,0,0,0,7,1,7,5,7,3,3,3,7,6,3
11,11,51,3.946212180883653e-05,2,2,2,2,2,4,0,4,6,4,7,7,5,1,7,3,3,3,3,3,3
11,11,51,0.0050906137133399166,2,2,2,2,2,4,4,0,6,4,7,1,1,1,7,3,3,3,3,3,3
11,11,51,0.0006307230928706342,2,2,2,2,2,2,5,6,3,3,7,6,6,7,3
11,11,51,3.946212180883653e-05,2,5,4,2,2,4,4,0,0,0,1,7,1,1,7,3,7,6,3,3,3
11,11,51,3.946212180883653e-05,5,4,2,5,4,4,6,6,6,6,3,2,5,5,5,5,7,3,3,7,6,3,3
11,11,51,0.00031569697447069226,2,2,2,2,2,4,4,0,0,0,7,7,5,1,7,3,3,3,7,6,3
11,11,51,0.0001183863654265096,2,5,4,5,4,4,4,0,6,4,7,1,1,1,7,3,3,3,3,3,3
11,11,51,0.0003946212180883653,2,2,5,4,2,4,4,0,0,0,7,5,7,1,7,3,3,3,3,3,3
11,11,51,3.946212180883653e-05,4,5,2,2,2,4,4,0,6,4,1,7,1,1,7,3,3,3,3,3,3
11,11,51,0.0012627878978827695,4,5,5,4,2,4,6,6,6,6,3,2,5,5,5,5,7,3,3,3,3,3,3
11,11,51,0.00015784848723534613,4,5,2,2,2,4,6,6,6,6,3,2,5,5,5,5,7,7,6,7,6,3,3
11,11,51,0.005485234931428282,2,2,2,2,2,4,4,0,0,0,7,1,7,5,7,3,3,3,3,3,3
11,11,51,0.00014833811587941655,2,2,5,4,2,2,5,6,3,7,3,6,3,3,3
11,11,51,3.946212180883653e-05,5,2,4,2,2,4,4,0,0,0,7,1,1,1,7,3,3,3,6,7,3
11,11,51,7.892424361767306e-05,2,5,4,2,2,4,4,0,0,0,7,1,5,7,7,3,7,6,3,3,3
11,11,51,1.3456583536813257e-05,0,4,4,0,4,0,0,7,7,5,1,7,7,1,1
11,11,51,0.0006708560707502211,2,2,2,2,2,4,4,0,0,0,7,1,1,1,7,7,6,7,6,3,3
11,11,51,7.892424361767306e-05,2,2,2,2,2,4,4,0,0,0,1,7,1,1,7,7,6,3,6,7,3
11,11,51,0.005840394027707811,2,2,2,2,2,4,4,0,0,0,7,7,5,1,7,3,3,3,3,3,3
11,11,51,3.946212180883653e-05,2,2,2,5,4,4,4,0,6,4,7,1,1,1,7,7,3,6,3,3,3
11,11,51,0.000591931827132548,4,5,2,5,4,4,4,0,0,0,7,1,1,1,7,3,3,3,3,3,3
11,11,51,4.77491673886922e-06,0,4,4,6,4,0,4,7,7,5,1,7,7,1,1
11,11,51,0.00011132264562272785,2,5,4,2,2,2,5,6,7,6,3,3,6,7,3
11,11,51,3.946212180883653e-05,2,5,4,2,2,4,4,0,0,0,7,7,1,5,7,3,3,3,3,3,3
11,11,51,3.673923540402681e-05,2,2,5,4,2,2,5,6,7,6,7,6,3,3,3
11,11,51,0.00014099816122297291,4,0,4,6,6,6,6,3,2,5,5,5,5,7,1,7,1
11,11,51,3.733116723115936e-05,4,5,2,2,2,2,5,6,3,3,7,3,6,3,3
11,11,51,7.892424361767306e-05,4,5,2,2,2,4,4,0,0,0,7,1,7,5,7,3,3,3,6,7,3
11,11,51,8.957901650605892e-06,0,4,4,4,0,0,0,7,5,1,7,7,7,1,1
11,11,51,0.0011049394106474233,2,2,2,2,2,4,6,6,6,6,3,2,5,5,5,5,7,3,7,6,7,6,3
11,11,51,4.1435227899278354e-06,0,4,4,0,4,0,0,7,1,1,1,7,1,7,1
11,11,51,0.0006708560707502211,2,2,2,2,2,4,4,0,0,0,7,5,7,1,7,7,6,3,3,3,3
11,11,51,3.946212180883653e-05,5,4,2,2,2,4,4,0,0,0,1,7,1,1,7,3,7,6,6,7,3
11,11,51,0.0011444015324562598,2,5,2,4,2,4,6,6,6,6,3,2,5,5,5,5,7,3,3,3,3,3,3
11,11,51,3.6541924794982626e-05,2,5,2,2,4,2,5,6,3,7,6,3,3,3,3
11,11,51,7.347847080805363e-05,2,2,2,5,4,2,5,6,3,3,7,6,6,7,3
11,11,51,0.00015784848723534613,2,5,4,2,2,4,6,6,6,6,3,2,5,5,5,5,7,3,7,6,6,7,3
11,11,51,0.0005130075835148748,4,5,2,2,2,4,4,0,0,0,7,5,7,1,7,3,3,3,3,3,3
11,11,51,8.87897740698822e-06,4,0,4,4,0,0,0,7,7,5,5,7,7,7,1
11,11,51,3.946212180883653e-05,5,4,2,2,2,4,4,0,0,0,7,5,7,1,7,3,3,7,6,3,3
11,11,51,7.892424361767306e-05,4,5,2,2,2,4,6,4,4,0,1,7,1,1,7,3,3,3,3,3,3
11,11,51,3.946212180883653e-05,2,2,5,2,4,4,6,6,6,6,3,2,5,5,5,5,7,3,3,3,6,7,3
11,11,51,3.946212180883653e-05,2,2,2,5,4,4,6,6,6,6,3,2,5,5,5,5,7,3,7,6,6,7,3
11,11,51,3.946212180883653e-05,5,4,5,2,4,4,6,6,6,6,3,2,5,5,5,5,7,3,3,7,6,3,3
11,11,51,0.00047354546170603833,2,2,2,2,2,4,4,0,0,0,7,5,7,1,7,3,3,7,6,3,3
11,11,51,3.7489015718394705e-05,5,2,4,2,2,2,5,6,3,7,6,3,6,7,3
11,11,51,3.946212180883653e-05,2,2,2,5,4,4,4,0,0,0,7,5,7,1,7,3,7,6,6,7,3
11,11,51,0.00047354546170603833,2,2,2,2,2,4,0,4,6,4,7,1,1,1,7,3,3,3,3,3,3
11,11,51,3.946212180883653e-05,4,5,5,4,2,4,0,0,4,0,7,1,1,1,7,3,3,3,7,6,3
11,11,51,3.725224298754169e-05,4,5,5,2,4,2,5,6,7,6,3,3,3,3,3
11,11,51,3.946212180883653e-05,2,2,2,2,2,4,0,4,0,0,7,7,5,1,7,3,3,3,7,6,3
11,11,51,3.946212180883653e-05,5,4,2,5,4,4,4,0,0,0,7,1,1,1,7,3,7,6,3,3,3
11,11,51,0.006708560707502216,5,4,2,2,2,4,4,0,0,0,7,1,1,1,7,3,3,3,3,3,3
11,11,51,0.00047354546170603833,2,5,4,2,2,4,4,0,0,0,7,1,1,1,7,7,6,3,3,3,3
11,11,51,7.892424361767306e-05,2,2,5,4,2,4,4,0,0,0,1,7,1,1,7,3,3,7,6,3,3
11,11,51,0.0005130075835148748,2,2,2,2,2,4,0,4,0,0,7,1,7,5,7,3,3,3,3,3,3
11,11,51,3.946212180883653e-05,2,5,4,2,2,4,4,0,0,0,1,7,7,5,7,3,3,3,3,3,3
11,11,51,3.946212180883653e-05,5,4,2,5,4,4,4,0,0,0,7,5,7,1,7,3,3,3,3,3,3
11,11,51,0.0001183863654265096,2,2,2,2,2,4,0,4,0,0,7,1,1,1,7,7,6,7,6,3,3
11,11,51,0.0005524697053237114,2,2,2,2,2,4,0,4,0,0,7,7,5,1,7,3,3,3,3,3,3
11,11,51,4.77491673886922e-06,4,0,4,4,0,0,0,7,7,5,1,7,1,7,1
11,11,51,3.946212180883653e-05,2,5,4,2,2,4,6,6,6,6,3,2,5,5,5,5,7,7,6,7,6,3,3
11,11,51,3.946212180883653e-05,2,2,2,2,2,4,4,6,4,0,7,5,7,1,7,3,7,6,3,3,3
11,11,51,0.0006312361004541492,4,5,2,2,2,2,5,6,3,3,3,3,7,6,3
11,11,51,3.725224298754169e-05,5,2,4,2,2,2,5,6,3,3,7,6,7,6,3
11,11,51,0.0001183863654265096,2,2,2,2,2,4,4,6,4,0,7,1,1,1,7,3,3,7,3,6,3
11,11,51,0.0003946212180883653,4,5,2,2,2,4,4,0,0,0,7,1,1,1,7,3,3,7,6,3,3
11,11,51,1.842881088472666e-05,0,4,4,0,4,0,0,7,1,7,5,7,7,1,1
11,11,51,3.946212180883653e-05,5,4,2,2,2,4,4,0,0,0,7,1,1,1,7,7,6,7,6,3,3
11,11,51,0.0006708560707502211,5,4,2,2,2,4,4,0,0,0,7,7,5,1,7,3,3,3,3,3,3
11,11,51,3.946212180883653e-05,4,5,2,2,2,4,4,0,0,0,7,7,5,1,7,3,3,3,7,6,3
11,11,51,3.946212180883653e-05,2,2,2,5,4,4,0,4,0,0,7,1,1,1,7,3,7,6,3,3,3
11,11,51,3.946212180883653e-05,2,5,4,5,4,4,4,0,0,0,1,7,1,1,7,3,3,3,6,7,3
11,11,51,0.000591931827132548,2,5,4,2,2,4,4,0,6,4,7,1,1,1,7,3,3,3,3,3,3
11,11,51,0.00019731060904418267,2,5,4,2,2,4,6,6,6,6,3,2,5,5,5,5,7,7,6,3,7,6,3
11,11,51,9.391984990503095e-06,4,0,4,4,6,4,0,7,1,1,1,7,1,7,1
11,11,51,7.892424361767306e-05,2,2,2,5,4,4,6,6,6,6,3,2,5,5,5,5,7,7,6,3,7,6,3
11,11,51,3.946212180883653e-05,2,2,5,4,2,4,4,6,4,0,7,1,1,1,7,3,3,3,6,7,3
11,11,51,9.628757721356113e-06,0,4,4,0,4,0,0,1,7,1,1,7,7,1,1
11,11,51,0.0006708560707502211,4,5,2,2,2,2,5,6,3,3,7,6,3,3,3
11,11,51,0.005406310687810609,2,2,2,2,2,4,4,0,0,0,7,1,5,7,7,3,3,3,3,3,3
11,11,51,3.946212180883653e-05,5,4,5,4,2,4,4,0,0,0,7,7,5,1,7,3,3,7,6,3,3
11,11,51,3.946212180883653e-05,2,2,5,4,2,4,4,0,0,0,7,7,5,1,7,7,6,3,3,3,3
11,11,51,7.892424361767306e-05,5,4,2,2,2,4,4,0,6,4,7,1,7,5,7,3,3,3,3,3,3
11,11,51,3.946212180883653e-05,5,2,4,5,4,4,6,6,6,6,3,2,5,5,5,5,7,3,3,7,6,3,3
11,11,51,3.946212180883653e-05,2,2,2,2,2,4,6,4,4,0,7,5,7,1,7,3,7,6,3,3,3
11,11,51,0.0010765661450668697,2,5,4,5,4,2,5,6,3,3,3,3,3,3,3
11,11,51,3.946212180883653e-05,5,4,2,2,2,4,6,6,6,6,3,2,5,5,5,5,7,7,6,3,7,6,3
11,11,51,3.752847784020354e-05,2,2,2,2,2,2,5,6,7,7,6,6,3,3,3
11,11,51,3.946212180883653e-05,2,5,4,2,2,4,4,0,6,4,7,1,1,1,7,3,3,3,7,6,3
11,11,51,0.00011211188805890458,2,2,2,2,2,2,5,6,7,3,6,3,7,6,3
11,11,51,0.004774916738869224,2,2,2,5,4,4,4,0,0,0,7,1,1,1,7,3,3,3,3,3,3
11,11,51,0.011505891931558793,2,2,2,2,2,2,5,6,3,7,6,3,3,3,3
11,11,51,0.0015390227505446255,2,5,4,2,2,4,6,6,6,6,3,2,5,5,5,5,7,3,3,7,6,3,3
11,11,51,0.00014869327497569606,2,2,5,4,2,2,5,6,3,3,7,3,6,3,3
11,11,51,3.946212180883653e-05,2,2,2,2,2,4,4,0,6,4,7,5,1,7,7,3,3,3,3,3,3
11,11,51,7.892424361767306e-05,5,4,2,2,2,4,4,0,0,0,7,7,5,1,7,3,7,6,3,3,3
11,11,51,0.0006289867595110454,2,2,2,2,2,2,5,6,7,6,3,3,7,6,3
11,11,51,3.946212180883653e-05,2,2,2,2,2,4,0,4,0,0,1,1,7,1,7,3,3,3,3,3,3
11,11,51,3.946212180883653e-05,4,5,2,2,2,4,4,6,4,0,1,7,1,1,7,3,3,7,6,3,3
11,11,51,3.946212180883653e-05,2,2,2,2,2,4,4,6,4,0,7,7,5,1,7,3,3,3,6,7,3
11,11,51,9.597188023909043e-05,4,0,4,4,0,0,0,7,1,5,7,7,7,1,1
11,11,51,0.009836525792679619,2,2,2,2,2,2,5,6,3,3,7,6,3,3,3
11,11,51,7.892424361767306e-05,2,2,5,4,2,4,6,6,6,6,3,2,5,5,5,5,7,7,3,6,3,3,3
11,11,51,0.00011021770621208045,2,2,2,2,2,2,5,6,3,7,3,6,7,6,3
11,11,51,3.946212180883653e-05,5,4,2,2,2,4,4,0,6,4,7,7,5,1,7,3,3,7,6,3,3
11,11,51,7.892424361767306e-05,5,4,2,2,2,4,4,6,4,0,7,1,5,7,7,3,3,3,3,3,3
11,11,51,3.946212180883653e-05,4,5,2,2,2,4,4,0,6,4,7,1,1,1,7,3,3,3,6,7,3
11,11,51,1.8507735128344334e-05,0,4,4,4,0,0,0,1,7,7,5,7,7,1,1
11,11,51,3.946212180883653e-05,2,2,5,4,2,4,4,6,4,0,7,5,7,1,7,3,3,3,7,6,3
11,11,51,0.0006681726464672202,4,5,2,2,2,2,5,6,3,3,3,7,6,3,3
11,11,51,0.004577606129825041,2,2,2,2,2,4,4,0,0,0,7,1,1,1,7,3,3,3,6,7,3
11,11,51,4.577606129825038e-06,0,4,4,6,0,4,4,7,1,1,1,7,7,1,1
11,11,51,3.946212180883653e-05,2,2,2,2,2,4,6,6,6,6,3,2,5,5,5,5,7,7,3,3,3,6,3
11,11,51,0.0011902565179981277,2,2,2,2,2,2,5,6,7,6,7,6,3,3,3
11,11,51,3.946212180883653e-05,4,5,2,2,2,4,0,4,6,4,7,7,5,1,7,3,3,3,3,3,3
11,11,51,3.673923540402681e-05,2,2,5,2,4,2,5,6,3,3,7,6,7,6,3
11,11,51,3.946212180883653e-05,2,5,4,2,2,4,4,0,0,0,7,1,1,1,7,3,7,6,6,7,3
11,11,51,3.946212180883653e-05,2,2,5,2,4,4,4,0,6,4,7,1,1,1,7,3,3,3,3,3,3
11,11,51,9.076288016032403e-06,0,4,4,4,6,4,0,7,1,1,5,7,7,7,1
11,11,51,0.0004340833398972018,4,5,2,2,2,4,6,6,6,6,3,2,5,5,5,5,7,3,3,3,6,7,3
11,11,51,0.00018195984366054524,0,4,4,4,0,0,0,1,7,1,1,7,7,1,1
11,11,51,3.946212180883653e-05,2,2,5,4,2,4,4,0,0,0,7,1,1,1,7,3,3,7,3,6,3
11,11,51,0.00047354546170603833,5,2,4,2,2,4,4,0,0,0,7,1,1,1,7,3,3,3,3,3,3
11,11,51,4.538144008016201e-06,4,0,4,0,4,0,0,1,7,1,1,7,7,1,1
11,11,51,3.946212180883653e-05,2,2,2,5,4,4,4,0,6,4,7,1,5,7,7,7,6,3,3,3,3
11,11,51,0.00019731060904418267,2,2,2,2,2,4,0,4,0,0,7,1,5,7,7,3,3,3,3,3,3
11,11,51,4.814378860678057e-06,4,0,4,0,4,0,0,7,1,1,5,7,7,7,1
11,11,51,3.946212180883653e-05,2,2,2,2,2,4,4,0,6,4,7,7,5,1,7,3,3,7,6,3,3
11,11,51,0.0007804818451351688,2,2,5,4,2,2,5,6,3,3,3,7,6,3,3
11,11,51,3.7489015718394705e-05,2,2,2,5,4,2,5,6,3,7,6,7,6,3,3
11,11,51,0.0007103181925590577,2,2,2,2,2,4,4,0,0,0,7,1,1,1,7,3,7,6,7,6,3
11,11,51,3.946212180883653e-05,5,4,2,2,2,4,0,4,0,0,7,1,7,5,7,3,7,6,6,7,3
11,11,51,3.752847784020354e-05,5,4,2,2,2,2,5,6,3,7,3,6,3,3,3
11,11,51,7.892424361767306e-05,2,5,4,2,2,4,6,6,6,6,3,2,5,5,5,5,7,3,3,7,3,6,3
11,11,51,0.0003946212180883653,2,2,2,2,2,4,4,0,6,4,7,1,1,1,7,3,7,6,3,3,3
11,11,51,7.410986475699502e-05,4,5,2,2,2,2,5,6,3,3,7,6,7,6,3
11,11,51,0.0010654772888385867,2,5,4,5,4,4,6,6,6,6,3,2,5,5,5,5,7,3,3,3,3,3,3
11,11,51,0.0007497803143678943,2,2,2,5,4,4,6,6,6,6,3,2,5,5,5,5,7,3,3,3,6,7,3
11,11,51,3.946212180883653e-05,5,2,4,2,2,4,4,0,0,0,7,7,5,1,7,3,3,3,3,3,3
11,11,51,3.946212180883653e-05,5,4,2,5,4,4,4,0,0,0,7,1,1,1,7,3,3,7,6,3,3
11,11,51,0.00011163834259719855,2,2,5,4,2,2,5,6,7,6,3,7,6,3,3
11,11,51,0.0001183863654265096,2,5,4,2,2,4,4,0,0,0,7,7,5,1,7,3,3,7,6,3,3
11,11,51,7.892424361767306e-05,5,4,2,2,2,4,4,6,4,0,7,7,5,1,7,3,3,3,3,3,3
11,11,51,7.391255414795083e-05,2,2,2,2,2,2,5,6,7,6,3,7,3,6,3
11,11,51,7.892424361767306e-05,2,5,4,2,2,4,4,0,0,0,1,7,1,1,7,7,6,3,3,3,3
11,11,51,3.946212180883653e-05,5,4,2,2,2,4,4,0,0,0,7,1,5,7,7,7,6,3,3,3,3
11,11,51,0.0003551590962795288,2,2,2,2,2,4,4,0,0,0,7,1,7,5,7,3,7,6,3,3,3
11,11,51,0.00031569697447069226,2,5,4,2,2,4,4,0,0,0,7,1,5,7,7,3,3,3,3,3,3
11,11,51,3.946212180883653e-05,2,2,2,5,4,4,0,4,0,0,1,7,1,1,7,3,3,3,3,3,3
11,11,51,0.0001183863654265096,4,5,5,4,2,4,6,6,6,6,3,2,5,5,5,5,7,3,7,6,3,3,3
11,11,51,0.0003551590962795288,2,2,2,2,2,4,4,0,0,0,7,7,5,1,7,3,7,6,3,3,3
11,11,51,0.0001482591916357989,4,5,2,2,2,2,5,6,7,6,3,3,7,6,3
11,11,51,0.0003946212180883653,4,5,2,2,2,4,4,0,0,0,1,7,1,1,7,3,3,3,3,3,3
11,11,51,3.946212180883653e-05,2,5,4,2,2,4,4,0,6,4,7,1,1,1,7,7,6,3,3,3,3
11,11,51,0.0006708560707502211,2,2,2,2,2,4,0,4,0,0,7,1,1,1,7,3,3,3,6,7,3
11,11,51,3.946212180883653e-05,2,2,2,2,2,4,0,4,6,4,7,1,1,1,7,3,3,3,6,7,3
11,11,51,7.892424361767306e-05,2,5,4,2,2,4,4,6,4,0,7,1,1,1,7,7,6,3,7,6,3
11,11,51,3.946212180883653e-05,5,4,2,2,2,4,0,4,0,0,7,1,7,5,7,7,6,3,3,3,3
11,11,51,7.892424361767306e-05,2,2,2,2,2,4,4,0,0,0,7,1,7,5,7,3,7,6,7,6,3
11,11,51,7.892424361767306e-05,5,4,2,2,2,4,4,0,0,0,1,1,7,1,7,3,3,3,3,3,3
11,11,51,3.946212180883653e-05,5,4,2,2,2,4,4,6,4,0,7,1,1,1,7,3,7,6,3,3,3
11,11,51,0.00011199350169347809,2,5,4,2,2,2,5,6,7,6,3,7,6,3,3
11,11,51,3.946212180883653e-05,5,4,2,2,2,4,4,0,6,4,7,1,1,1,7,7,6,3,3,3,3
11,11,51,3.946212180883653e-05,5,4,2,2,2,4,4,0,0,0,1,7,5,7,7,3,3,3,3,3,3
11,11,51,3.946212180883653e-05,2,2,2,2,2,4,4,0,0,0,7,7,5,1,7,3,7,6,7,6,3
11,11,51,3.946212180883653e-05,2,2,2,2,2,4,4,6,4,0,7,5,7,1,7,3,3,7,3,6,3
11,11,51,7.892424361767306e-05,2,2,5,4,2,4,4,0,0,0,7,1,7,5,7,3,3,3,6,7,3
11,11,51,3.946212180883653e-05,5,2,4,2,2,4,4,6,4,0,1,7,1,1,7,3,3,3,3,3,3
11,11,51,7.892424361767306e-05,2,2,2,2,2,4,4,0,0,0,7,1,1,1,7,7,6,7,3,6,3
11,11,51,0.000482582287600262,2,2,5,2,4,2,5,6,3,3,3,3,3,3,3
11,11,51,0.0007497803143678943,2,2,2,5,4,4,4,0,0,0,7,1,1,1,7,7,6,3,3,3,3
11,11,51,3.946212180883653e-05,5,4,2,2,2,4,6,4,4,0,7,7,5,1,7,3,3,3,3,3,3
11,11,51,9.08418044039417e-05,4,0,4,4,0,0,0,7,7,5,1,7,7,1,1
11,11,51,0.0002227636776108822,2,2,5,4,2,2,5,6,3,7,6,3,6,7,3
11,11,51,7.892424361767306e-05,5,4,2,2,2,4,4,0,0,0,7,1,1,1,7,7,6,3,7,6,3
11,11,51,3.946212180883653e-05,2,5,2,2,4,4,6,6,6,6,3,2,5,5,5,5,7,7,6,3,3,3,3
11,11,51,3.946212180883653e-05,2,2,2,2,2,4,4,6,4,0,7,7,5,1,7,3,3,3,7,6,3
11,11,51,7.892424361767306e-05,2,2,2,5,4,4,4,0,0,0,7,5,7,1,7,3,3,7,6,3,3
11,11,51,3.946212180883653e-05,2,2,2,2,2,4,0,4,0,0,1,7,1,1,7,3,3,3,7,6,3
11,11,51,0.00018582713159781124,2,2,2,2,2,2,5,6,7,6,7,3,6,3,3
11,11,51,7.892424361767306e-05,2,2,2,2,2,4,0,4,0,0,7,1,1,1,7,3,7,6,7,6,3
11,11,51,3.946212180883653e-05,2,2,2,2,2,4,4,6,0,4,7,7,5,1,7,7,6,3,3,3,3
11,11,51,0.00031569697447069226,2,2,2,2,2,4,4,0,0,0,7,1,1,1,7,7,6,3,6,7,3
11,11,51,3.946212180883653e-05,5,4,5,4,2,4,4,0,0,0,7,1,1,1,7,3,3,3,6,7,3
11,11,51,0.0001183863654265096,2,2,5,4,2,4,0,4,0,0,7,1,5,7,7,3,3,3,3,3,3
11,11,51,0.0005911031225745624,5,4,2,2,2,2,5,6,3,3,3,3,6,7,3
11,11,51,8.618527403049899e-05,4,0,4,4,0,0,0,7,1,1,1,7,1,7,1
11,11,51,3.946212180883653e-05,5,4,2,2,2,4,4,0,0,0,7,1,1,1,7,7,3,6,3,3,3
11,11,51,3.946212180883653e-05,2,2,2,2,2,4,4,0,6,4,7,1,7,5,7,7,6,3,3,3,3
11,11,51,0.0004340833398972018,2,2,2,2,2,4,4,6,4,0,7,7,5,1,7,3,3,3,3,3,3
11,11,51,0.0009276755594821296,4,5,2,2,2,2,5,6,7,6,3,3,3,3,3
11,11,51,3.946212180883653e-05,2,2,2,2,2,4,4,0,0,0,7,7,5,1,7,7,6,3,7,6,3
11,11,51,0.00011207242593709575,2,2,5,2,4,2,5,6,3,7,6,3,3,3,3
11,11,51,3.946212180883653e-05,2,2,2,2,2,4,6,4,4,0,7,1,1,1,7,3,3,3,7,6,3
11,11,51,0.0001183863654265096,2,5,4,2,2,4,0,4,6,4,7,1,1,1,7,3,3,3,3,3,3
11,11,51,0.00031569697447069226,2,2,5,4,2,4,4,0,6,4,7,1,1,1,7,3,3,3,3,3,3
11,11,51,0.0001183863654265096,5,2,4,2,2,4,6,6,6,6,3,2,5,5,5,5,7,3,3,3,6,7,3
11,11,51,0.00019731060904418267,2,5,4,2,2,4,0,4,0,0,7,1,1,1,7,3,3,3,6,7,3
11,11,51,3.946212180883653e-05,4,5,2,2,2,4,4,0,6,4,7,1,1,1,7,7,6,3,6,7,3
11,11,51,3.946212180883653e-05,2,2,5,4,2,4,4,0,6,4,7,1,1,1,7,3,7,3,6,3,3
11,11,51,3.946212180883653e-05,5,4,2,2,2,4,4,0,6,4,7,7,5,1,7,3,3,3,3,3,3
11,11,51,0.00011116479713549252,2,5,4,2,2,2,5,6,7,3,6,3,3,3,3
11,11,51,1.3732818389475113e-05,0,4,4,4,0,6,4,7,5,7,1,7,7,1,1
11,11,51,0.0007892424361767308,2,2,2,2,2,4,4,0,0,0,1,1,7,1,7,3,3,3,3,3,3
11,11,51,3.733116723115936e-05,2,2,2,2,2,2,5,6,3,7,6,7,3,6,3
11,11,51,7.892424361767306e-05,2,2,2,2,2,4,6,6,6,6,3,2,5,5,5,5,7,7,6,7,3,6,3
11,11,51,0.00027623485266185577,4,5,2,2,2,4,4,0,0,0,7,1,1,1,7,3,3,3,7,6,3
11,11,51,0.0001183863654265096,2,2,2,2,2,4,0,4,0,0,7,5,7,1,7,7,6,3,3,3,3
11,11,51,0.0004340833398972018,2,2,2,2,2,4,4,6,4,0,7,1,1,1,7,3,3,3,7,6,3
11,11,51,0.0006313939489413845,2,2,2,5,4,4,0,4,0,0,7,1,1,1,7,3,3,3,3,3,3
11,11,51,3.946212180883653e-05,5,4,2,2,2,4,4,0,0,0,7,5,7,1,7,3,3,3,6,7,3
11,11,51,3.946212180883653e-05,2,2,2,2,2,4,4,0,6,4,1,7,1,1,7,7,6,7,6,3,3
11,11,51,3.946212180883653e-05,2,2,2,5,4,4,0,0,4,0,7,1,1,1,7,3,3,3,3,3,3
11,11,51,3.946212180883653e-05,2,2,2,2,2,4,0,4,0,0,7,1,7,5,7,3,3,3,6,7,3
11,11,51,3.946212180883653e-05,4,5,2,5,4,4,4,0,0,0,7,5,7,1,7,3,3,3,3,3,3
11,11,51,3.946212180883653e-05,4,5,2,2,2,4,6,6,6,6,3,2,5,5,5,5,7,3,7,3,6,3,3
11,11,51,0.0018204666032852449,0,4,4,6,6,6,6,3,2,5,5,5,5,7,7,1,1
11,11,51,3.946212180883653e-05,4,5,2,2,2,4,4,6,4,0,7,1,1,1,7,7,6,3,7,6,3
11,11,51,0.020717613949638905,2,2,2,2,2,4,6,6,6,6,3,2,5,5,5,5,7,7,6,3,3,3,3
11,11,51,3.946212180883653e-05,2,2,2,2,2,4,4,0,0,0,1,1,1,7,7,7,6,3,3,3,3
11,11,51,0.008172881661462697,2,2,2,2,2,2,5,6,3,3,3,3,6,7,3
11,11,51,7.485964507136291e-05,4,5,5,4,2,2,5,6,3,7,6,3,3,3,3
11,11,51,3.946212180883653e-05,2,2,2,2,2,4,4,0,0,0,7,7,1,5,7,7,6,3,3,3,3
11,11,51,0.0004340833398972018,2,2,2,2,2,4,4,0,0,0,7,1,5,7,7,3,7,6,3,3,3
11,11,51,7.892424361767306e-05,4,5,2,2,2,4,4,0,0,0,7,1,1,1,7,3,3,7,3,6,3
11,11,51,3.946212180883653e-05,4,5,2,2,2,4,4,0,0,0,7,1,5,7,7,3,3,7,6,3,3
11,11,51,7.892424361767306e-05,2,5,2,4,2,4,4,0,0,0,7,1,5,7,7,3,3,3,3,3,3
11,11,51,3.725224298754169e-05,2,2,2,5,4,2,5,6,7,3,3,3,6,3,3
11,11,51,3.946212180883653e-05,2,2,2,2,2,4,0,4,0,0,7,1,1,1,7,7,6,3,6,7,3
11,11,51,4.617068251633874e-06,0,4,4,0,4,6,4,7,5,7,1,7,7,1,1
11,11,51,3.946212180883653e-05,2,5,4,2,2,4,4,0,0,0,7,7,5,1,7,3,7,6,3,3,3
11,11,51,8.579065281241062e-05,4,0,4,4,0,0,0,7,1,7,5,7,7,1,1
11,11,51,3.946212180883653e-05,5,4,2,2,2,4,6,6,6,6,3,2,5,5,5,5,7,7,3,6,3,3,3
11,11,51,3.7489015718394705e-05,5,4,2,5,4,2,5,6,7,6,3,7,6,3,3
11,11,51,3.946212180883653e-05,5,4,2,5,4,4,4,0,0,0,1,7,1,1,7,3,3,3,7,6,3
11,11,51,3.946212180883653e-05,2,2,2,2,2,4,0,4,0,0,7,1,5,7,7,7,6,7,6,3,3
11,11,51,0.01819203815387343,2,2,2,2,2,4,6,6,6,6,3,2,5,5,5,5,7,3,7,6,3,3,3
11,11,51,0.0001183863654265096,5,4,5,4,2,4,6,6,6,6,3,2,5,5,5,5,7,3,3,3,6,7,3
11,11,51,3.946212180883653e-05,2,2,2,2,2,4,4,6,0,4,7,7,5,1,7,3,3,3,3,3,3
11,11,51,0.0004340833398972018,2,2,2,2,2,4,6,4,4,0,7,1,1,1,7,3,3,3,3,3,3
11,11,51,7.892424361767306e-05,2,2,2,2,2,4,0,4,0,0,7,7,5,1,7,3,3,3,6,7,3
11,11,51,0.0001183863654265096,5,4,2,5,4,4,6,6,6,6,3,2,5,5,5,5,7,7,6,3,3,3,3
11,11,51,7.892424361767306e-05,2,2,2,2,2,4,4,0,0,0,7,7,1,5,7,3,3,7,6,3,3
11,11,51,7.892424361767306e-05,2,2,5,4,2,4,4,0,0,0,1,7,1,1,7,3,7,6,3,3,3
11,11,51,0.00011096748652644834,5,4,2,2,2,2,5,6,3,3,7,6,7,6,3
11,11,51,3.946212180883653e-05,5,4,2,2,2,4,0,4,0,0,7,1,1,1,7,3,3,7,6,3,3
11,11,51,3.946212180883653e-05,5,4,2,2,2,4,4,6,0,4,7,1,1,1,7,3,3,3,7,6,3
11,11,51,0.00031569697447069226,2,2,2,2,2,4,4,0,0,0,7,5,7,1,7,3,3,3,6,7,3
11,11,51,9.115750137841239e-06,0,4,4,4,6,4,0,7,1,5,7,7,7,1,1
11,11,51,0.00031569697447069226,2,5,4,2,2,4,4,0,0,0,7,1,1,1,7,3,3,7,6,3,3
11,11,51,7.418878900061268e-05,2,2,5,2,4,2,5,6,3,3,3,7,6,3,3
11,11,51,3.946212180883653e-05,5,4,5,4,2,4,4,0,0,0,7,1,1,1,7,3,3,3,7,6,3
11,11,51,3.946212180883653e-05,4,5,5,4,2,4,4,0,0,0,7,7,1,5,7,7,6,3,3,3,3
11,11,51,7.892424361767306e-05,2,2,5,4,2,4,6,6,6,6,3,2,5,5,5,5,7,3,7,6,6,7,3
11,11,51,3.946212180883653e-05,2,2,5,4,2,4,0,4,0,0,7,1,7,5,7,7,6,3,3,3,3
11,11,51,3.946212180883653e-05,2,2,2,2,2,4,4,6,0,4,7,1,1,1,7,3,3,3,7,6,3
11,11,51,3.725224298754169e-05,4,5,2,2,2,2,5,6,7,6,7,6,3,3,3
11,11,51,0.0001487721992193137,5,4,5,4,2,2,5,6,7,6,3,3,3,3,3
11,11,51,3.946212180883653e-05,2,2,2,2,2,4,4,6,4,0,1,7,1,1,7,3,3,3,7,6,3
11,11,51,0.0001183863654265096,2,5,4,2,2,4,4,0,6,4,7,1,1,1,7,3,7,6,3,3,3
11,11,51,3.7489015718394705e-05,2,5,4,2,2,2,5,6,7,7,6,6,3,3,3
11,11,51,7.892424361767306e-05,4,5,2,2,2,4,4,0,6,4,7,5,7,1,7,3,3,3,3,3,3
11,11,51,7.892424361767306e-05,4,5,5,4,2,4,6,6,6,6,3,2,5,5,5,5,7,3,3,7,6,3,3
11,11,51,3.946212180883653e-05,2,5,4,2,2,4,6,4,4,0,1,7,1,1,7,3,3,3,3,3,3
11,11,51,3.946212180883653e-05,5,4,5,2,4,4,6,6,6,6,3,2,5,5,5,5,7,3,3,3,7,6,3
11,11,51,3.946212180883653e-05,5,2,4,5,4,4,6,6,6,6,3,2,5,5,5,5,7,3,3,3,7,6,3
11,11,51,0.0006313939489413845,2,2,2,2,2,4,4,0,0,0,1,7,1,1,7,7,6,3,3,3,3
11,11,51,7.892424361767306e-05,5,4,5,4,2,4,4,0,0,0,7,5,7,1,7,3,3,3,3,3,3
11,11,51,3.946212180883653e-05,2,2,2,2,2,4,4,0,0,0,1,7,5,7,7,3,7,6,3,3,3
11,11,51,3.946212180883653e-05,2,2,2,5,4,4,6,6,6,6,3,2,5,5,5,5,7,7,3,6,7,6,3
11,11,51,0.00031569697447069226,2,2,2,2,2,4,4,6,0,4,7,1,1,1,7,3,3,3,3,3,3
11,11,51,3.946212180883653e-05,5,4,2,2,2,4,4,0,0,0,7,1,1,1,7,3,7,6,7,6,3
11,11,51,0.00015784848723534613,2,2,2,2,2,4,6,6,6,6,3,2,5,5,5,5,7,3,7,3,3,6,3
11,11,51,7.446502385327454e-05,2,5,2,4,2,2,5,6,3,3,7,6,3,3,3
11,11,51,0.0009674928403872454,2,2,2,5,4,2,5,6,3,7,6,3,3,3,3
11,11,51,7.892424361767306e-05,2,2,2,5,4,4,4,0,6,4,7,5,7,1,7,3,3,3,3,3,3
11,11,51,3.946212180883653e-05,4,5,2,2,2,4,0,4,0,0,7,1,5,7,7,3,3,3,3,3,3
11,11,51,7.892424361767306e-05,2,2,2,2,2,4,4,0,0,0,7,1,1,1,7,7,3,6,6,7,3
11,11,51,3.6541924794982626e-05,4,5,2,2,2,2,5,6,7,7,6,6,7,6,3
11,11,51,3.725224298754169e-05,2,2,5,4,2,2,5,6,3,7,6,7,3,6,3
11,11,51,3.946212180883653e-05,5,4,2,2,2,4,0,4,0,0,7,1,5,7,7,7,6,3,3,3,3
11,11,51,3.946212180883653e-05,2,2,2,2,2,4,4,6,4,0,1,7,7,5,7,3,3,3,3,3,3
11,11,51,0.0003946212180883653,2,2,5,4,2,4,4,6,4,0,7,1,1,1,7,3,3,3,3,3,3
11,11,51,0.0013022500196916062,2,2,5,4,2,4,6,6,6,6,3,2,5,5,5,5,7,3,3,3,7,6,3
11,11,51,3.946212180883653e-05,2,2,5,2,4,4,6,6,6,6,3,2,5,5,5,5,7,7,6,3,7,6,3
11,11,51,0.00011191457744986042,2,5,2,4,2,2,5,6,3,7,6,3,3,3,3
11,11,51,3.946212180883653e-05,2,2,2,2,2,4,4,6,4,0,7,1,5,7,7,3,3,3,7,6,3
11,11,51,7.442556173146571e-05,5,4,5,4,2,2,5,6,3,3,3,3,7,6,3
11,11,51,3.946212180883653e-05,2,2,5,2,4,4,4,0,0,0,1,7,7,5,7,3,3,3,3,3,3
11,11,51,3.946212180883653e-05,2,2,2,2,2,4,4,6,0,4,7,5,7,1,7,3,3,3,3,3,3
11,11,51,3.946212180883653e-05,2,5,4,2,2,4,4,6,4,0,1,7,1,1,7,3,3,3,3,3,3
11,11,51,3.946212180883653e-05,2,2,2,2,2,4,4,6,4,0,1,7,1,1,7,7,6,7,6,3,3
11,11,51,7.892424361767306e-05,4,5,2,2,2,4,4,0,0,0,7,1,1,1,7,7,6,3,7,6,3
11,11,51,3.946212180883653e-05,4,5,2,5,4,4,4,0,0,0,7,5,1,7,7,3,3,3,3,3,3
11,11,51,7.892424361767306e-05,2,5,4,2,2,4,4,0,0,0,1,7,1,1,7,7,6,7,6,3,3
11,11,51,3.946212180883653e-05,2,5,4,2,2,4,0,4,0,0,7,7,5,1,7,3,3,3,3,3,3
11,11,51,4.617068251633874e-06,0,4,4,4,0,0,0,1,1,7,1,7,7,1,1
11,11,51,3.752847784020354e-05,5,4,2,2,2,2,5,6,7,3,6,7,6,3,3
11,11,51,3.946212180883653e-05,2,2,2,2,2,4,6,4,0,4,7,1,1,1,7,3,3,3,3,3,3
11,11,51,7.892424361767306e-05,5,4,2,2,2,4,4,6,4,0,7,1,1,1,7,3,3,3,7,6,3
11,11,51,0.00015784848723534613,2,2,5,4,2,4,6,6,6,6,3,2,5,5,5,5,7,7,6,3,6,7,3
11,11,51,7.407040263518617e-05,2,2,2,5,4,2,5,6,3,3,7,3,6,3,3
11,11,51,7.892424361767306e-05,5,4,2,2,2,4,4,0,0,0,1,7,1,1,7,3,3,3,7,6,3
11,11,51,7.892424361767306e-05,5,4,2,2,2,4,0,4,0,0,7,1,7,5,7,3,3,3,3,3,3
11,11,51,3.946212180883653e-05,5,4,5,4,2,4,0,4,6,4,1,7,1,1,7,3,7,6,7,6,3
11,11,51,0.00010118088031785685,0,4,4,6,6,6,6,3,2,5,5,5,5,7,1,7,1
11,11,51,3.752847784020354e-05,2,2,2,2,2,2,5,6,7,3,3,6,3,3,3
11,11,51,3.946212180883653e-05,5,4,5,4,2,4,4,0,0,0,1,7,5,7,7,3,3,3,3,3,3
11,11,51,0.0003551590962795288,5,4,2,2,2,4,4,0,6,4,7,1,1,1,7,3,3,3,3,3,3
11,11,51,3.946212180883653e-05,2,2,2,5,4,4,4,0,0,0,7,5,1,7,7,3,3,3,3,3,3
11,11,51,8.918439528797056e-06,0,4,4,4,0,0,0,7,1,5,7,1,7,7,1
11,11,51,0.001223325776073933,2,5,4,2,2,4,6,6,6,6,3,2,5,5,5,5,7,3,3,3,7,6,3
11,11,51,0.0003551590962795288,4,5,5,4,2,4,4,0,0,0,7,1,1,1,7,3,3,3,3,3,3
11,11,51,7.892424361767306e-05,2,5,4,2,2,4,4,6,4,0,7,1,1,1,7,3,3,3,6,7,3
11,11,51,3.946212180883653e-05,4,5,2,5,4,4,6,6,6,6,3,2,5,5,5,5,7,7,3,6,3,3,3
11,11,51,0.0003946212180883653,2,5,4,2,2,4,4,0,0,0,7,7,5,1,7,3,3,3,3,3,3
11,11,51,7.478072082774523e-05,2,2,2,2,2,2,5,6,3,3,7,3,3,6,3
11,11,51,3.946212180883653e-05,2,2,5,4,2,4,0,4,6,4,7,1,1,1,7,3,3,3,3,3,3
11,11,51,3.946212180883653e-05,5,4,2,5,4,4,6,6,6,6,3,2,5,5,5,5,7,3,3,7,3,6,3
11,11,51,7.892424361767306e-05,2,2,5,4,2,4,4,0,6,4,7,1,1,1,7,3,3,3,7,6,3
11,11,51,7.892424361767306e-05,2,2,2,2,2,4,4,6,4,0,7,5,1,7,7,3,3,3,3,3,3
11,11,51,3.946212180883653e-05,2,2,2,2,2,4,0,4,0,0,7,1,1,1,7,7,3,6,3,3,3
11,11,51,0.0009277150216039382,5,4,5,4,2,2,5,6,3,3,3,3,3,3,3
11,11,51,3.946212180883653e-05,4,5,2,2,2,4,0,4,0,0,7,7,5,1,7,3,3,3,3,3,3
11,11,51,3.946212180883653e-05,5,4,2,5,4,4,4,0,0,0,1,7,7,5,7,3,3,3,3,3,3
11,11,51,8.563280432517527e-06,4,0,4,4,6,4,0,7,7,5,1,7,7,1,1
11,11,51,0.00031569697447069226,2,2,2,2,2,4,4,0,6,4,7,5,7,1,7,3,3,3,3,3,3
11,11,51,7.892424361767306e-05,4,5,2,2,2,4,4,0,0,0,7,1,1,1,7,3,7,3,6,3,3
11,11,51,0.00011155941835358088,5,4,2,2,2,2,5,6,7,6,7,6,3,3,3
11,11,51,3.946212180883653e-05,4,5,2,2,2,4,4,6,0,4,7,1,1,1,7,3,3,3,3,3,3
11,11,51,7.892424361767306e-05,2,2,2,5,4,4,0,4,0,0,7,1,5,7,7,3,3,3,3,3,3
11,11,51,0.000591931827132548,2,2,5,4,2,4,4,0,0,0,1,7,1,1,7,3,3,3,3,3,3
11,11,51,3.946212180883653e-05,2,2,2,2,2,4,4,6,4,0,7,1,7,5,7,3,7,6,3,3,3
11,11,51,3.946212180883653e-05,2,5,4,2,2,4,4,0,0,0,7,5,7,1,7,3,3,3,6,7,3
11,11,51,7.892424361767306e-05,2,2,2,2,2,4,4,6,4,0,1,7,1,1,7,7,6,3,7,6,3
11,11,51,0.00015784848723534613,5,4,2,2,2,4,6,6,6,6,3,2,5,5,5,5,7,3,7,6,6,7,3
11,11,51,3.946212180883653e-05,2,2,2,2,2,4,4,0,6,4,7,5,7,1,7,7,3,6,3,3,3
11,11,51,0.001115791494144853,5,2,4,2,2,2,5,6,3,3,3,3,3,3,3
11,11,51,0.0013417121415004428,2,2,2,2,2,4,6,6,6,6,3,2,5,5,5,5,7,7,6,7,6,3,3
11,11,51,0.00029746547419500977,2,2,2,5,4,2,5,6,3,3,3,7,6,3,3
11,11,51,0.0001183863654265096,4,5,2,2,2,4,0,4,0,0,7,1,1,1,7,3,7,6,3,3,3
11,11,51,3.946212180883653e-05,2,2,5,4,2,4,4,0,0,0,7,1,1,1,7,3,7,6,6,7,3
11,11,51,7.892424361767306e-05,2,2,5,4,2,4,4,0,0,0,1,7,1,1,7,3,3,3,7,6,3
11,11,51,0.00019731060904418267,2,2,2,2,2,4,4,0,0,0,1,7,1,1,7,3,3,3,7,6,3
11,11,51,3.946212180883653e-05,2,5,2,4,2,4,4,6,4,0,7,5,7,1,7,3,3,3,7,6,3
11,11,51,4.4197576425896915e-06,4,0,4,4,0,0,0,1,1,7,1,7,7,1,1
11,11,51,7.892424361767306e-05,4,5,2,2,2,4,6,6,6,6,3,2,5,5,5,5,7,3,7,6,6,7,3
11,11,51,0.0001183863654265096,4,5,2,2,2,4,4,6,4,0,7,1,1,1,7,3,3,3,7,6,3
11,11,51,7.892424361767306e-05,2,2,2,2,2,4,4,0,0,0,7,5,7,1,7,7,6,7,6,3,3
11,11,51,0.00031569697447069226,2,2,2,5,4,4,4,0,0,0,7,5,7,1,7,3,3,3,3,3,3
11,11,51,3.673923540402681e-05,2,5,2,4,2,2,5,6,3,7,6,3,7,6,3
11,11,51,8.839515285179383e-06,0,4,4,4,0,0,0,1,7,1,1,7,1,7,1
11,11,51,3.946212180883653e-05,2,2,5,4,2,4,4,0,0,0,7,1,7,5,7,3,3,7,6,3,3
11,11,51,0.0005130075835148748,2,2,2,2,2,4,4,0,0,0,7,1,7,5,7,3,3,3,6,7,3
11,11,51,1.3851204754901622e-05,4,0,4,0,4,0,0,7,1,5,7,7,7,1,1
11,11,51,0.00031569697447069226,2,2,2,5,4,4,4,0,0,0,7,1,1,1,7,3,7,6,3,3,3
11,11,51,0.0004340833398972018,2,2,2,2,2,4,4,0,0,0,7,7,5,1,7,3,3,3,6,7,3
11,11,51,0.007103181925590582,2,2,2,2,2,4,4,0,0,0,1,7,1,1,7,3,3,3,3,3,3
11,11,51,7.482018294955407e-05,2,2,5,2,4,2,5,6,7,6,3,3,3,3,3
11,11,51,0.00023677273085301922,2,5,4,5,4,4,4,0,0,0,7,1,1,1,7,3,3,3,3,3,3
11,11,51,3.946212180883653e-05,2,2,5,4,2,4,4,0,0,0,7,5,7,1,7,7,6,3,6,7,3
11,11,51,0.20863623800331402,2,2,2,2,2,4,6,6,6,6,3,2,5,5,5,5,7,3,3,3,3,3,3
11,11,51,7.505695568040708e-05,2,5,4,2,2,2,5,6,3,3,7,6,6,7,3
11,11,51,3.6541924794982626e-05,5,2,4,5,4,2,5,6,3,3,7,6,3,3,3
11,11,51,3.946212180883653e-05,4,5,2,5,4,4,4,0,0,0,7,5,7,1,7,7,6,3,3,3,3
11,11,51,0.0003551590962795288,2,2,5,4,2,4,4,0,0,0,7,7,5,1,7,3,3,3,3,3,3
11,11,51,3.946212180883653e-05,2,2,2,2,2,4,4,0,0,0,1,7,1,1,7,3,3,7,3,6,3
11,11,51,3.946212180883653e-05,2,2,2,5,4,4,4,0,0,0,7,7,5,1,7,3,3,3,6,7,3
11,11,51,0.0001183863654265096,2,2,2,2,2,4,4,0,0,0,1,7,1,1,7,7,3,6,3,3,3
11,11,51,7.892424361767306e-05,5,4,5,4,2,4,4,0,0,0,7,1,1,1,7,3,3,7,6,3,3
11,11,51,3.946212180883653e-05,5,4,5,4,2,4,0,4,0,0,7,1,1,1,7,3,7,6,3,3,3
11,11,51,0.015863772967152127,2,2,5,4,2,4,6,6,6,6,3,2,5,5,5,5,7,3,3,3,3,3,3
11,11,51,7.328116019900945e-05,2,5,4,2,2,2,5,6,3,7,6,3,6,7,3
11,11,51,0.0003551590962795288,2,2,2,2,2,4,4,0,6,4,7,1,1,1,7,7,6,3,3,3,3
11,11,51,3.946212180883653e-05,4,5,2,5,4,4,6,6,6,6,3,2,5,5,5,5,7,3,3,3,6,7,3
11,11,51,0.0003551590962795288,2,2,2,2,2,4,4,6,4,0,7,1,1,1,7,3,7,6,3,3,3
11,11,51,3.946212180883653e-05,4,5,2,2,2,4,4,0,6,4,7,7,5,1,7,3,3,3,3,3,3
11,11,51,0.0004340833398972018,5,4,2,2,2,4,4,0,0,0,7,1,1,1,7,3,3,7,6,3,3
11,11,51,0.0006310782519669138,2,2,5,4,2,2,5,6,3,3,3,3,7,6,3
11,11,51,0.00019336439686329897,0,4,4,4,0,0,0,7,5,7,1,7,7,1,1
11,11,51,3.946212180883653e-05,2,2,2,5,4,4,4,0,6,4,7,1,1,1,7,3,3,7,6,3,3
11,11,51,0.00047354546170603833,2,2,2,2,2,4,4,0,0,0,7,1,7,5,7,7,6,3,3,3,3
11,11,51,0.0001183863654265096,2,5,4,5,4,4,6,6,6,6,3,2,5,5,5,5,7,3,7,6,3,3,3
11,11,51,4.4197576425896915e-06,4,0,4,4,0,0,0,1,7,5,1,7,7,7,1
11,11,51,3.946212180883653e-05,2,2,2,2,2,4,4,6,4,0,7,1,1,1,7,3,7,6,7,6,3
11,11,51,0.00047354546170603833,4,5,2,2,2,4,4,6,4,0,7,1,1,1,7,3,3,3,3,3,3
11,11,51,0.0005524697053237114,2,2,2,2,2,4,4,0,0,0,7,7,5,1,7,7,6,3,3,3,3
11,11,51,3.6541924794982626e-05,2,2,2,5,4,2,5,6,3,7,6,3,6,7,3
11,11,51,0.0015841279557721273,0,4,4,4,0,0,0,7,1,1,1,7,7,1,1
11,11,51,3.946212180883653e-05,4,5,2,5,4,4,4,0,0,0,7,1,1,1,7,3,3,3,7,6,3
11,11,51,0.00027623485266185577,2,2,2,2,2,4,6,6,6,6,3,2,5,5,5,5,7,7,3,6,6,7,3
11,11,51,3.693654601307099e-05,4,5,2,5,4,2,5,6,3,3,3,3,6,7,3
11,11,51,0.0004340833398972018,2,2,2,2,2,4,4,0,6,4,7,1,1,1,7,3,3,7,6,3,3
11,11,51,4.1435227899278354e-06,4,0,4,4,0,6,4,7,7,5,1,7,7,1,1
11,11,51,0.0006708560707502211,5,4,2,2,2,4,4,0,0,0,7,1,7,5,7,3,3,3,3,3,3
11,11,51,0.005485234931428282,2,2,2,2,2,4,4,6,4,0,7,1,1,1,7,3,3,3,3,3,3
11,11,51,0.000928030718578409,5,4,2,2,2,2,5,6,3,3,3,7,6,3,3
11,11,51,3.946212180883653e-05,2,2,2,2,2,4,0,0,4,0,7,1,1,1,7,7,6,3,3,3,3
11,11,51,7.892424361767306e-05,2,2,5,4,2,4,4,0,0,0,7,1,1,1,7,7,3,6,3,3,3
11,11,51,4.617068251633874e-06,4,0,4,4,0,0,0,7,7,1,5,7,7,1,1
11,11,51,7.450448597508338e-05,5,4,2,5,4,2,5,6,3,7,6,3,3,3,3
11,11,51,3.946212180883653e-05,2,2,2,5,4,4,4,6,4,0,7,1,1,1,7,7,6,3,3,3,3
11,11,51,0.00047354546170603833,2,2,2,2,2,4,4,0,0,0,7,1,7,5,7,3,3,7,6,3,3
11,11,51,0.0001183863654265096,4,5,2,2,2,4,4,0,0,0,7,1,5,7,7,3,3,3,3,3,3
11,11,51,3.946212180883653e-05,2,5,4,2,2,4,4,0,0,0,7,7,5,1,7,7,6,3,3,3,3
11,11,51,3.946212180883653e-05,2,2,2,5,4,4,0,4,0,0,7,7,5,1,7,3,7,3,6,3,3
11,11,51,0.0003551590962795288,2,2,2,2,2,4,4,0,0,0,7,7,5,1,7,3,3,7,6,3,3
11,11,51,0.0006313939489413845,2,2,2,2,2,4,0,4,0,0,1,7,1,1,7,3,3,3,3,3,3
11,11,51,4.538144008016201e-06,4,0,4,4,0,6,4,7,5,7,1,7,7,1,1
11,11,51,7.892424361767306e-05,2,5,4,5,4,4,0,4,0,0,7,1,1,1,7,3,3,3,3,3,3
11,11,51,7.501749355859824e-05,5,4,2,5,4,2,5,6,3,3,7,6,3,3,3
11,11,51,3.946212180883653e-05,5,2,4,2,2,4,6,6,6,6,3,2,5,5,5,5,7,3,7,3,6,3,3
11,11,51,7.418878900061268e-05,4,5,2,5,4,2,5,6,3,7,6,3,3,3,3
11,11,51,0.0001217011836584519,0,4,4,0,4,0,0,7,1,1,1,7,7,1,1
11,11,51,3.733116723115936e-05,5,4,2,2,2,2,5,6,7,6,3,7,6,3,3
11,11,51,3.946212180883653e-05,4,5,2,2,2,4,4,0,0,0,7,1,5,7,7,3,3,3,7,6,3
11,11,51,4.617068251633874e-06,4,0,4,4,0,6,4,7,1,5,7,7,1,7,1
11,11,51,4.617068251633874e-06,0,4,4,4,6,0,4,7,1,1,1,7,7,1,1
11,11,51,0.0005524697053237114,2,2,2,2,2,4,0,0,4,0,7,1,1,1,7,3,3,3,3,3,3
11,11,51,0.008310328231722872,4,5,2,2,2,2,5,6,3,3,3,3,3,3,3
11,11,51,0.0001183863654265096,2,5,2,4,2,4,6,6,6,6,3,2,5,5,5,5,7,3,3,3,6,7,3
11,11,51,3.946212180883653e-05,2,2,2,2,2,4,4,6,4,0,1,7,7,5,7,3,7,3,6,3,3
11,11,51,3.946212180883653e-05,5,4,2,5,4,4,4,0,0,0,7,7,5,1,7,3,3,3,3,3,3
11,11,51,7.892424361767306e-05,2,2,2,2,2,4,0,4,6,4,7,1,1,1,7,7,6,3,3,3,3
11,11,51,3.946212180883653e-05,5,4,2,2,2,4,0,0,4,0,7,1,1,1,7,7,6,3,3,3,3
11,11,51,3.946212180883653e-05,2,5,4,5,4,4,6,6,6,6,3,2,5,5,5,5,7,3,3,3,6,7,3
11,11,51,3.752847784020354e-05,4,5,5,4,2,2,5,6,7,6,3,3,7,6,3
11,11,51,7.466233446231872e-05,2,2,5,4,2,2,5,6,3,7,6,3,7,6,3
11,11,51,4.301371277163182e-06,4,0,4,4,0,0,0,7,1,5,7,1,7,7,1
11,11,51,3.946212180883653e-05,2,2,2,2,2,4,4,6,0,4,7,1,1,1,7,3,7,6,3,3,3
11,11,51,0.006669098585693379,2,5,4,2,2,4,4,0,0,0,7,1,1,1,7,3,3,3,3,3,3
11,11,51,3.946212180883653e-05,2,5,4,2,2,4,6,6,6,6,3,2,5,5,5,5,7,7,3,6,7,6,3
11,11,51,0.00027623485266185577,2,2,2,2,2,4,4,0,0,0,7,1,5,7,7,3,3,3,6,7,3
11,11,51,3.946212180883653e-05,5,4,5,4,2,4,4,0,6,4,7,5,7,1,7,3,3,3,6,7,3
11,11,51,3.6541924794982626e-05,5,2,4,5,4,2,5,6,7,6,3,3,3,3,3
11,11,51,3.946212180883653e-05,2,2,2,2,2,4,4,6,4,0,1,7,1,1,7,3,7,3,6,3,3
11,11,51,3.946212180883653e-05,4,5,2,2,2,4,4,0,0,0,7,5,7,1,7,3,3,3,7,6,3
11,11,51,0.00015784848723534613,5,2,4,5,4,4,6,6,6,6,3,2,5,5,5,5,7,3,3,3,3,3,3
11,11,51,3.946212180883653e-05,2,2,2,5,4,4,4,0,0,0,7,5,1,7,7,3,7,3,6,3,3
11,11,51,0.0016179469941622986,2,2,5,4,2,4,6,6,6,6,3,2,5,5,5,5,7,3,7,6,3,3,3
11,11,51,7.892424361767306e-05,2,2,2,2,2,4,0,4,0,0,7,1,5,7,7,3,3,7,6,3,3
11,11,51,0.00027623485266185577,2,5,4,2,2,4,4,0,0,0,7,1,1,1,7,3,3,3,7,6,3
11,11,51,0.0001183863654265096,2,2,2,2,2,4,4,0,0,0,7,7,5,1,7,3,7,3,6,3,3
11,11,51,0.00011096748652644834,5,4,2,2,2,2,5,6,3,7,6,3,6,7,3
11,11,51,0.0009283464155528795,2,2,2,5,4,2,5,6,7,6,3,3,3,3,3
11,11,51,8.918439528797056e-06,4,0,4,4,0,0,0,7,5,1,7,7,7,1,1
11,11,51,3.946212180883653e-05,2,2,2,5,4,4,4,0,0,0,7,1,1,1,7,7,3,6,7,6,3
11,11,51,1.8073651788447133e-05,4,0,4,0,4,0,0,7,1,1,1,7,1,7,1
11,11,51,0.0009666246737074512,2,2,5,4,2,2,5,6,3,7,6,3,3,3,3
11,11,51,3.946212180883653e-05,2,2,5,4,2,4,4,0,0,0,1,7,7,5,7,3,7,6,7,6,3
11,11,51,0.000122885047312717,0,4,4,4,0,6,4,7,1,1,1,7,7,1,1
11,11,51,7.892424361767306e-05,2,2,5,4,2,4,6,6,6,6,3,2,5,5,5,5,7,7,3,6,7,6,3
11,11,51,0.000591931827132548,4,5,2,2,2,4,4,0,0,0,7,7,5,1,7,3,3,3,3,3,3
11,11,51,0.0009657959691494655,2,2,5,4,2,2,5,6,7,6,3,3,3,3,3
11,11,51,3.946212180883653e-05,2,2,2,2,2,4,4,6,4,0,1,7,1,1,7,3,7,6,3,3,3
11,11,51,0.012844841724532615,2,2,2,2,2,2,5,6,7,6,3,3,3,3,3
11,11,51,3.946212180883653e-05,2,2,2,2,2,4,0,4,6,4,7,1,1,1,7,3,3,7,6,3,3
11,11,51,3.946212180883653e-05,2,2,5,2,4,4,4,0,0,0,7,1,7,5,7,3,3,3,7,6,3
11,11,51,3.946212180883653e-05,4,5,2,2,2,4,4,0,0,0,7,7,5,1,7,7,6,3,6,7,3
11,11,51,3.946212180883653e-05,2,2,2,2,2,4,4,0,6,4,1,1,7,1,7,7,6,3,3,3,3
11,11,51,9.668219843164951e-06,0,4,4,4,0,0,0,7,7,5,5,7,7,7,1
11,11,51,0.00019731060904418267,5,4,2,2,2,4,4,6,4,0,7,1,7,5,7,3,3,3,3,3,3
11,11,51,0.00010504816825512281,4,0,4,6,6,6,6,3,2,5,5,5,5,1,7,7,1
11,11,51,0.0003551590962795288,2,2,2,2,2,4,4,0,0,0,7,1,5,7,7,7,6,3,3,3,3
11,11,51,3.946212180883653e-05,2,2,2,5,4,4,4,6,4,0,1,7,7,5,7,3,3,3,3,3,3
11,11,51,3.946212180883653e-05,4,5,2,2,2,4,0,0,4,0,1,7,1,1,7,7,3,6,6,7,3
11,11,51,0.0004340833398972018,4,5,2,2,2,4,4,0,0,0,7,1,1,1,7,3,7,6,3,3,3
11,11,51,7.892424361767306e-05,2,2,5,4,2,4,0,0,4,0,7,1,1,1,7,3,3,3,3,3,3
11,11,51,3.946212180883653e-05,5,4,2,2,2,4,0,4,6,4,1,7,1,1,7,3,3,3,7,6,3
11,11,51,0.00011073071379559532,2,2,2,2,2,2,5,6,7,3,6,3,6,7,3
11,11,51,3.946212180883653e-05,4,5,5,4,2,4,4,0,0,0,7,1,5,7,7,3,3,3,3,3,3
11,11,51,4.104060668118999e-06,0,4,4,4,0,0,0,7,1,7,5,7,1,7,1
11,11,51,3.946212180883653e-05,2,2,2,5,4,4,0,4,0,0,7,5,7,1,7,3,3,3,3,3,3
11,11,51,7.892424361767306e-05,2,2,2,5,4,4,6,6,6,6,3,2,5,5,5,5,7,7,6,3,6,7,3
11,11,51,0.010059131621803255,2,2,5,4,2,2,5,6,3,3,3,3,3,3,3
11,11,51,4.1435227899278354e-06,0,4,4,4,0,6,4,7,1,7,5,7,7,1,1
11,11,51,0.0067252137229055296,2,2,2,2,2,2,5,6,3,3,3,3,7,6,3
11,11,51,3.946212180883653e-05,2,2,2,2,2,4,4,0,0,0,1,7,5,7,7,3,7,6,6,7,3
11,11,51,4.617068251633874e-06,0,4,4,0,4,0,0,1,7,1,1,1,7,7,1
11,11,51,0.00027623485266185577,2,2,2,2,2,4,4,0,0,0,7,1,5,7,7,3,3,7,6,3,3
11,11,51,3.946212180883653e-05,2,5,2,2,4,4,0,4,0,0,7,7,5,1,7,3,3,7,6,3,3
11,11,51,3.946212180883653e-05,2,5,4,2,2,4,4,6,4,0,7,1,7,5,7,3,3,3,3,3,3
11,11,51,3.946212180883653e-05,4,5,2,2,2,4,4,0,0,0,1,7,7,5,7,3,3,3,3,3,3
11,11,51,3.946212180883653e-05,4,5,2,2,2,4,6,4,4,0,7,7,5,1,7,7,6,3,3,3,3
11,11,51,3.946212180883653e-05,2,5,4,2,2,4,4,0,0,0,7,1,5,7,7,3,3,7,6,3,3
11,11,51,4.104060668118999e-06,0,4,4,4,0,0,0,1,1,7,5,7,7,7,1
11,11,51,4.538144008016201e-06,0,4,4,4,0,0,0,1,7,1,5,7,7,7,1
11,11,51,3.946212180883653e-05,2,2,5,4,2,4,0,4,0,0,7,7,5,1,7,3,3,3,3,3,3
11,11,51,0.00011159888047538971,4,5,2,2,2,2,5,6,7,3,6,3,3,3,3
11,11,51,7.69116754054224e-05,0,4,4,4,0,0,0,7,1,1,1,1,7,7,1
11,11,51,3.673923540402681e-05,2,5,4,5,4,2,5,6,3,7,6,3,3,3,3
11,11,51,3.946212180883653e-05,2,5,4,5,4,4,6,6,6,6,3,2,5,5,5,5,7,7,6,3,7,6,3
11,11,51,3.946212180883653e-05,2,2,2,5,4,4,4,0,0,0,7,1,7,5,7,7,6,3,3,3,3
11,11,51,0.0012252199579207573,5,4,2,2,2,2,5,6,7,6,3,3,3,3,3
11,11,51,0.0014206363851181159,4,5,2,2,2,4,6,6,6,6,3,2,5,5,5,5,7,7,6,3,3,3,3
11,11,51,3.946212180883653e-05,2,2,2,2,2,4,4,0,6,4,7,5,7,1,7,3,3,7,6,3,3
11,11,51,3.752847784020354e-05,2,5,4,5,4,2,5,6,3,3,7,6,3,3,3
11,11,51,7.482018294955407e-05,2,2,2,2,2,2,5,6,7,6,7,6,6,7,3
11,11,51,3.6541924794982626e-05,2,2,5,2,4,2,5,6,3,3,3,3,7,6,3
11,11,51,3.673923540402681e-05,5,4,5,2,4,2,5,6,7,3,6,3,3,3,3
11,11,51,0.00031569697447069226,2,2,5,4,2,4,4,0,0,0,7,1,5,7,7,3,3,3,3,3,3
11,11,51,7.892424361767306e-05,2,2,2,5,4,4,4,6,4,0,7,1,5,7,7,3,3,3,3,3,3
11,11,51,3.946212180883653e-05,2,2,2,2,2,4,0,4,0,0,7,1,5,7,7,7,6,3,3,3,3
11,11,51,0.11742727801807157,2,2,2,2,2,2,5,6,3,3,3,3,3,3,3
11,11,51,3.946212180883653e-05,4,5,2,5,4,4,4,0,0,0,1,7,7,5,7,3,3,3,3,3,3
11,11,51,3.752847784020354e-05,2,5,4,2,2,2,5,6,7,3,6,7,6,3,3
11,11,51,0.0060377046367519945,2,2,2,2,2,4,4,0,0,0,7,1,1,1,7,3,7,6,3,3,3
11,11,51,3.946212180883653e-05,2,2,5,4,2,4,4,0,6,4,7,1,7,5,7,3,3,3,3,3,3
11,11,51,3.946212180883653e-05,2,2,2,2,2,4,0,4,0,0,7,1,7,5,7,3,3,7,6,3,3
11,11,51,3.946212180883653e-05,2,2,2,5,4,4,4,0,0,0,1,7,1,1,7,3,3,7,6,3,3
11,11,51,0.01708709874322603,2,2,2,2,2,4,6,6,6,6,3,2,5,5,5,5,7,3,3,7,6,3,3
11,11,51,4.4197576425896915e-06,4,0,4,0,0,4,0,7,1,1,5,7,7,7,1
11,11,51,0.000591931827132548,4,5,2,2,2,4,6,6,6,6,3,2,5,5,5,5,7,3,3,3,7,6,3
11,11,51,0.00031569697447069226,2,2,5,4,2,4,4,0,0,0,7,1,7,5,7,3,3,3,3,3,3
11,11,51,3.946212180883653e-05,2,2,5,4,2,4,4,0,0,0,7,1,1,1,7,3,7,3,6,3,3
11,11,51,3.946212180883653e-05,2,2,2,2,2,4,4,0,0,0,7,5,1,7,7,7,6,3,6,7,3
11,11,51,3.946212180883653e-05,2,2,2,5,4,4,4,0,0,0,7,1,7,5,7,3,3,3,6,7,3
11,11,51,3.946212180883653e-05,2,2,2,2,2,4,4,0,6,4,7,5,7,1,7,7,6,3,3,3,3
11,11,51,4.814378860678057e-06,0,4,4,6,4,4,0,7,1,1,5,7,7,7,1
11,11,51,7.892424361767306e-05,4,5,5,4,2,4,4,0,0,0,7,5,7,1,7,3,3,3,3,3,3
11,11,51,0.0006691986616342501,4,5,5,4,2,2,5,6,3,3,3,3,3,3,3
11,11,51,3.946212180883653e-05,5,2,4,2,2,4,6,6,6,6,3,2,5,5,5,5,7,7,6,3,6,7,3
11,11,51,7.892424361767306e-05,5,4,2,2,2,4,4,6,4,0,1,7,1,1,7,3,3,3,3,3,3
11,11,51,3.946212180883653e-05,5,4,2,2,2,4,0,4,0,0,7,7,5,1,7,3,3,3,3,3,3
11,11,51,4.577606129825038e-06,0,4,4,4,0,0,0,1,7,1,1,1,7,7,1
11,11,51,7.892424361767306e-05,2,5,4,2,2,4,4,0,0,0,7,1,7,5,7,3,7,6,3,3,3
11,11,51,3.946212180883653e-05,5,4,2,2,2,4,4,0,0,0,1,7,1,1,7,3,7,6,3,3,3
11,11,51,7.892424361767306e-05,5,4,2,2,2,4,4,0,0,0,1,7,1,1,7,7,6,3,3,3,3
11,11,51,3.946212180883653e-05,2,2,2,2,2,4,4,0,0,0,7,5,7,1,7,7,3,6,3,3,3
11,11,51,3.946212180883653e-05,5,4,2,2,2,4,0,4,6,4,7,1,5,7,7,3,3,3,3,3,3
11,11,51,3.946212180883653e-05,5,2,2,4,2,4,6,6,6,6,3,2,5,5,5,5,7,7,6,3,3,3,3
11,11,51,4.301371277163182e-06,4,0,4,4,0,6,4,7,1,1,1,7,1,7,1
11,11,51,7.892424361767306e-05,2,2,2,5,4,4,4,0,0,0,7,1,5,7,7,3,3,7,6,3,3
11,11,51,0.00027623485266185577,4,5,2,2,2,4,4,0,0,0,7,1,1,1,7,3,3,3,6,7,3
11,11,51,0.0001183863654265096,4,5,2,2,2,4,6,6,6,6,3,2,5,5,5,5,7,7,6,3,7,6,3
11,11,51,3.6541924794982626e-05,2,2,2,5,4,2,5,6,3,7,3,6,3,3,3
11,11,51,3.946212180883653e-05,5,2,4,2,2,4,4,0,0,0,7,1,1,1,7,3,3,7,6,3,3
11,11,51,0.00015784848723534613,5,4,2,2,2,4,4,6,4,0,7,1,1,1,7,7,6,3,3,3,3
11,11,51,0.0001272653428334978,4,0,4,4,0,6,4,7,1,1,1,7,7,1,1
11,11,51,3.6541924794982626e-05,2,5,2,4,2,2,5,6,3,7,6,7,3,6,3
11,11,51,3.946212180883653e-05,2,2,2,2,2,4,4,6,4,0,7,5,7,1,7,3,3,3,7,6,3
11,11,51,1.4482598703843007e-05,4,0,4,4,0,0,0,7,1,5,7,7,1,7,1
11,11,51,0.0004340833398972018,2,2,2,2,2,4,4,0,0,0,7,1,1,1,7,7,6,3,7,6,3
11,11,51,0.00016301802519230372,4,0,4,4,0,0,0,1,7,1,1,7,7,1,1
11,11,51,0.0007892424361767308,2,5,4,2,2,4,0,4,0,0,7,1,1,1,7,3,3,3,3,3,3
11,11,51,4.538144008016201e-06,4,0,4,4,0,0,0,7,5,7,1,7,1,7,1
11,11,51,3.6541924794982626e-05,2,5,2,4,2,2,5,6,3,7,3,6,3,3,3
11,11,51,7.892424361767306e-05,5,4,2,2,2,4,4,0,0,0,7,1,1,1,7,7,6,3,6,7,3
11,11,51,3.946212180883653e-05,2,2,2,2,2,4,4,6,4,0,7,1,5,7,7,7,6,3,3,3,3
11,11,51,3.946212180883653e-05,5,2,4,5,4,4,4,0,0,0,7,1,1,1,7,3,3,3,3,3,3
11,11,51,3.946212180883653e-05,2,5,2,4,2,4,6,6,6,6,3,2,5,5,5,5,7,3,3,7,6,3,3
11,11,51,4.617068251633874e-06,0,4,4,4,6,4,0,7,7,5,1,7,7,1,1
11,11,51,0.0004340833398972018,5,4,2,2,2,4,4,0,0,0,7,1,1,1,7,3,3,3,6,7,3
11,11,51,0.00019731060904418267,2,5,2,4,2,4,6,6,6,6,3,2,5,5,5,5,7,7,6,3,3,3,3
11,11,51,3.946212180883653e-05,2,2,5,2,4,4,4,0,0,0,7,1,1,1,7,3,3,3,6,7,3
11,11,51,3.946212180883653e-05,2,2,2,5,4,4,4,0,0,0,7,5,1,7,7,3,7,6,7,6,3
11,11,51,7.892424361767306e-05,2,5,4,2,2,4,0,4,0,0,7,1,1,1,7,3,3,3,7,6,3
11,11,51,0.0003946212180883653,2,2,2,2,2,4,0,4,0,0,7,1,1,1,7,3,7,6,3,3,3
11,11,51,3.946212180883653e-05,2,2,5,4,2,4,4,0,0,0,7,1,1,1,7,7,6,3,6,7,3
11,11,51,3.946212180883653e-05,5,4,2,2,2,4,4,0,0,0,7,7,5,1,7,3,3,7,3,6,3
11,11,51,7.892424361767306e-05,2,5,4,2,2,4,6,6,6,6,3,2,5,5,5,5,7,3,7,6,7,6,3
11,11,51,7.485964507136291e-05,2,5,2,2,4,2,5,6,3,3,3,3,3,3,3
11,11,51,0.000591931827132548,2,2,2,2,2,4,4,0,0,0,1,7,1,1,7,3,3,3,6,7,3
11,11,51,7.410986475699502e-05,2,5,2,4,2,2,5,6,3,3,3,3,6,7,3
11,11,51,7.47412587059364e-05,5,4,5,4,2,2,5,6,3,3,3,3,6,7,3
11,11,51,0.0003946212180883653,2,2,2,2,2,4,4,6,4,0,7,1,1,1,7,3,3,3,6,7,3
11,11,51,0.00011132264562272785,2,2,5,4,2,2,5,6,3,3,3,7,3,6,3
11,11,51,0.0001183863654265096,5,4,2,2,2,4,4,0,0,0,7,5,7,1,7,3,3,3,7,6,3
11,11,51,0.0011877309422023625,2,2,2,2,2,2,5,6,7,3,6,3,3,3,3
11,11,51,7.892424361767306e-05,2,2,2,2,2,4,0,4,0,0,1,7,1,1,7,3,3,7,6,3,3
11,11,51,7.892424361767306e-05,5,4,2,2,2,4,4,0,0,0,7,7,5,1,7,3,3,3,6,7,3
11,11,51,4.538144008016201e-06,0,4,4,0,0,0,4,7,1,1,1,7,7,1,1
11,11,51,3.946212180883653e-05,2,2,5,4,2,4,4,0,0,0,7,1,5,7,7,3,3,7,6,3,3
11,11,51,0.0001183863654265096,2,2,2,2,2,4,6,4,4,0,7,5,7,1,7,3,3,3,3,3,3
11,11,51,4.104060668118999e-06,4,0,4,4,0,6,4,1,1,7,1,7,7,1,1
11,11,51,7.892424361767306e-05,2,2,2,2,2,4,0,0,4,0,7,1,1,1,7,3,3,7,6,3,3
11,11,51,4.301371277163182e-06,4,0,4,4,6,4,0,7,5,7,1,7,7,1,1
11,11,51,0.0001183863654265096,2,2,5,4,2,4,4,0,0,0,7,1,5,7,7,3,7,6,3,3,3
11,11,51,0.0010028903636497717,2,2,2,5,4,2,5,6,3,3,3,3,7,6,3
11,11,51,3.946212180883653e-05,4,5,2,2,2,4,0,0,4,0,7,1,1,1,7,3,3,7,6,3,3
11,11,51,7.892424361767306e-05,2,2,2,2,2,4,4,0,0,0,7,1,1,1,7,3,7,3,3,6,3
11,11,51,3.693654601307099e-05,4,5,5,2,4,2,5,6,3,3,3,3,6,7,3
11,11,51,0.0013417121415004428,5,4,2,5,4,4,6,6,6,6,3,2,5,5,5,5,7,3,3,3,3,3,3
11,11,51,0.0011049394106474233,2,2,5,2,4,4,6,6,6,6,3,2,5,5,5,5,7,3,3,3,3,3,3
11,11,51,3.946212180883653e-05,5,4,2,2,2,4,0,4,0,0,1,7,5,7,7,7,6,3,7,6,3
11,11,51,3.946212180883653e-05,4,5,2,2,2,4,4,0,0,0,7,7,1,5,7,3,3,3,3,3,3
11,11,51,7.892424361767306e-05,2,2,2,2,2,4,6,6,6,6,3,2,5,5,5,5,7,7,3,3,6,3,3
11,11,51,7.892424361767306e-05,2,2,2,2,2,4,4,0,6,4,1,7,1,1,7,3,3,3,7,6,3
11,11,51,0.00015784848723534613,2,2,2,2,2,4,4,0,0,0,1,7,7,5,7,3,3,3,3,3,3
11,11,51,3.946212180883653e-05,4,5,2,5,4,4,4,0,0,0,7,1,5,7,7,3,7,6,3,3,3
11,11,51,3.946212180883653e-05,2,2,2,5,4,4,0,4,0,0,7,1,1,1,7,3,3,7,3,6,3
11,11,51,3.946212180883653e-05,2,2,2,2,2,4,4,0,6,4,7,1,5,7,7,3,3,3,7,6,3
11,11,51,0.00047354546170603833,2,2,2,2,2,4,4,6,4,0,7,1,1,1,7,7,6,3,3,3,3
11,11,51,0.00015784848723534613,2,2,2,2,2,4,4,0,0,0,1,7,1,1,7,7,6,7,6,3,3
11,11,51,7.892424361767306e-05,4,5,2,2,2,4,4,0,6,4,7,1,1,1,7,7,6,3,3,3,3
11,11,51,7.892424361767306e-05,2,5,4,2,2,4,4,0,0,0,7,5,7,1,7,3,7,6,3,3,3
11,11,51,0.0001183863654265096,2,2,5,4,2,4,4,6,4,0,7,1,1,1,7,7,6,3,3,3,3
11,11,51,3.946212180883653e-05,4,5,2,5,4,4,0,4,0,0,7,5,7,1,7,3,3,7,6,3,3
11,11,51,0.00011144103198815436,2,5,4,5,4,2,5,6,3,3,3,3,7,6,3
11,11,51,3.7173318743924014e-05,5,4,2,2,2,2,5,6,3,7,3,6,7,6,3
11,11,51,0.00031569697447069226,2,2,2,2,2,4,4,0,6,4,1,7,1,1,7,3,3,3,3,3,3
11,11,51,0.0007421641248587886,2,2,2,2,2,2,5,6,3,7,6,7,6,3,3
11,11,51,3.946212180883653e-05,2,2,2,5,4,4,4,6,4,0,7,1,1,1,7,3,3,7,6,3,3
11,11,51,0.0003551590962795288,2,2,2,2,2,4,4,0,6,4,7,1,5,7,7,3,3,3,3,3,3
11,11,51,1.902074271185921e-05,0,4,4,4,0,6,4,7,1,5,7,7,7,1,1
11,11,51,0.0003551590962795288,4,5,2,2,2,4,4,0,6,4,7,1,1,1,7,3,3,3,3,3,3
11,11,51,0.0004340833398972018,5,4,5,4,2,4,6,6,6,6,3,2,5,5,5,5,7,7,6,3,3,3,3
11,11,51,3.946212180883653e-05,4,5,2,2,2,4,4,0,0,0,7,1,7,5,7,7,6,3,3,3,3
11,11,51,0.0019731060904418277,2,5,4,2,2,4,6,6,6,6,3,2,5,5,5,5,7,3,7,6,3,3,3
11,11,51,3.752847784020354e-05,2,2,2,2,2,2,5,6,3,7,3,3,6,3,3
11,11,51,3.946212180883653e-05,5,4,2,2,2,4,4,0,0,0,7,1,7,5,7,3,3,3,7,6,3
11,11,51,0.00010504816825512286,4,0,4,4,0,0,0,7,1,1,5,7,7,7,1
11,11,51,0.00031569697447069226,2,2,2,2,2,4,4,6,4,0,7,1,1,1,7,3,3,7,6,3,3
11,11,51,0.0003551590962795288,2,2,2,2,2,4,4,0,0,0,7,1,1,1,7,3,3,7,3,6,3
11,11,51,3.946212180883653e-05,5,4,5,2,4,4,6,6,6,6,3,2,5,5,5,5,7,3,3,3,6,7,3
11,11,51,7.892424361767306e-05,2,2,2,2,2,4,4,6,0,4,7,1,1,1,7,3,3,3,6,7,3
11,11,51,3.946212180883653e-05,5,4,2,5,4,4,4,0,0,0,7,1,1,1,7,7,6,3,3,3,3
11,11,51,7.422825112242152e-05,2,5,4,5,4,2,5,6,3,3,3,3,6,7,3
11,11,51,1.444313658203417e-05,4,0,4,6,4,4,0,7,1,1,1,7,7,1,1
11,11,51,0.0003551590962795288,2,5,4,2,2,4,4,0,0,0,7,1,1,1,7,3,7,6,3,3,3
11,11,51,4.577606129825038e-06,4,0,4,4,0,0,0,1,7,7,5,7,1,7,1
11,11,51,3.946212180883653e-05,4,5,2,2,2,4,4,0,0,0,1,7,7,5,7,3,7,6,3,3,3
11,11,51,4.104060668118999e-06,0,4,4,0,4,6,4,7,1,1,5,7,7,7,1
11,11,51,7.407040263518617e-05,2,2,2,5,4,2,5,6,3,7,6,3,7,6,3
11,11,51,0.0001183863654265096,2,2,5,4,2,4,4,6,4,0,7,1,1,1,7,3,3,7,6,3,3
11,11,51,0.00018582713159781124,2,2,2,2,2,2,5,6,7,6,7,6,7,6,3
11,11,51,3.946212180883653e-05,2,2,5,4,2,4,0,4,6,4,7,1,7,5,7,3,3,3,3,3,3
11,11,51,3.6541924794982626e-05,5,2,4,2,2,2,5,6,7,6,3,3,6,7,3
11,11,51,3.946212180883653e-05,5,4,2,2,2,4,4,0,0,0,7,1,1,1,7,3,7,6,6,7,3
11,11,51,0.00031569697447069226,2,2,5,4,2,4,4,0,0,0,7,1,1,1,7,3,3,3,6,7,3
11,11,51,7.892424361767306e-05,2,2,2,2,2,4,4,6,4,0,7,1,5,7,7,3,3,3,6,7,3
11,11,51,0.0006329724338137381,5,4,2,2,2,2,5,6,3,3,3,3,7,6,3
11,11,51,0.0001183863654265096,2,2,2,2,2,4,4,0,0,0,7,1,1,1,7,7,3,6,7,6,3
11,11,51,3.946212180883653e-05,2,2,5,4,2,4,0,4,0,0,7,1,7,5,7,3,3,3,3,3,3
11,11,51,3.946212180883653e-05,2,2,2,5,4,4,4,0,0,0,7,5,7,1,7,3,3,3,7,6,3
11,11,51,7.892424361767306e-05,2,2,2,2,2,4,0,4,0,0,1,7,7,5,7,3,3,3,3,3,3
11,11,51,4.301371277163182e-06,4,0,4,4,0,0,0,7,7,1,5,7,1,7,1
11,11,51,3.946212180883653e-05,2,2,2,2,2,4,0,6,4,4,7,5,7,1,7,3,3,3,3,3,3
11,11,51,1.377228051128395e-05,4,0,4,4,0,0,0,1,7,1,1,1,7,7,1
11,11,51,3.946212180883653e-05,2,5,4,2,2,4,4,0,0,0,7,1,7,5,7,3,7,6,7,6,3
11,11,51,3.7173318743924014e-05,2,2,2,5,4,2,5,6,3,7,3,6,6,7,3
11,11,51,3.946212180883653e-05,5,4,5,4,2,4,4,0,6,4,7,1,5,7,7,7,6,3,3,3,3
11,11,51,3.946212180883653e-05,2,2,2,2,2,4,4,0,0,0,1,7,1,1,7,3,7,3,6,3,3
11,11,51,1.783687905759411e-05,0,4,4,0,4,0,0,7,5,7,1,7,7,1,1
11,11,51,7.422825112242152e-05,4,5,5,4,2,2,5,6,3,3,3,3,6,7,3
11,11,51,7.892424361767306e-05,2,2,2,2,2,4,4,6,4,0,7,1,1,1,7,3,7,3,6,3,3
11,11,51,0.0001183863654265096,4,5,2,2,2,4,6,6,6,6,3,2,5,5,5,5,7,3,3,7,3,6,3
11,11,51,3.946212180883653e-05,2,2,2,2,2,4,0,0,4,0,7,1,7,5,7,3,3,3,3,3,3
11,11,51,3.946212180883653e-05,2,5,4,5,4,4,0,4,0,0,7,5,7,1,7,7,6,3,3,3,3
11,11,51,4.498681886207365e-06,4,0,4,4,6,4,0,7,1,5,7,7,7,1,1
11,11,51,3.946212180883653e-05,2,2,2,2,2,4,0,4,6,4,7,1,5,7,7,3,3,3,3,3,3
11,11,51,7.892424361767306e-05,2,2,2,2,2,4,0,0,4,0,7,7,5,1,7,3,3,3,3,3,3
11,11,51,3.946212180883653e-05,5,4,2,2,2,4,0,4,0,0,7,1,5,7,7,3,3,3,3,3,3
11,11,51,7.328116019900945e-05,4,5,2,2,2,2,5,6,3,7,6,3,6,7,3
11,11,51,3.946212180883653e-05,4,5,2,2,2,4,4,0,0,0,7,5,7,1,7,3,7,6,3,3,3
11,11,51,0.0001183863654265096,2,2,2,2,2,4,4,0,0,0,1,7,5,7,7,3,3,3,7,6,3
11,11,51,7.497803143678941e-05,2,5,4,2,2,2,5,6,7,6,7,6,3,3,3
11,11,51,7.426771324423035e-05,5,4,5,4,2,2,5,6,3,3,3,7,6,3,3
11,11,51,9.036825894223566e-06,0,4,4,6,4,4,0,7,1,1,1,7,7,1,1
11,11,51,3.946212180883653e-05,2,5,4,2,2,4,4,0,6,4,1,7,1,1,7,3,3,3,3,3,3
11,11,51,3.946212180883653e-05,2,2,2,5,4,4,0,4,6,4,7,1,1,1,7,3,3,3,3,3,3
11,11,51,3.725224298754169e-05,5,4,2,2,2,2,5,6,3,3,7,6,6,7,3
11,11,51,0.00015784848723534613,2,2,2,2,2,4,4,6,4,0,7,5,7,1,7,3,3,3,3,3,3
11,11,51,3.946212180883653e-05,5,4,2,2,2,4,0,4,0,0,7,1,5,7,7,3,3,3,7,6,3
11,11,51,0.0003946212180883653,2,5,4,2,2,4,4,0,0,0,7,5,7,1,7,3,3,3,3,3,3
11,11,51,0.00047354546170603833,5,4,2,5,4,4,4,0,0,0,7,1,1,1,7,3,3,3,3,3,3
11,11,51,0.00027623485266185577,2,2,2,2,2,4,4,0,0,0,1,7,5,7,7,3,3,3,3,3,3
11,11,51,4.814378860678057e-06,4,0,4,4,0,0,0,7,1,7,5,7,1,7,1
11,11,51,0.0007064509046217916,2,5,4,2,2,2,5,6,3,3,7,6,3,3,3
11,11,51,3.946212180883653e-05,4,5,2,2,2,4,6,6,6,6,3,2,5,5,5,5,7,7,6,7,3,6,3
11,11,51,4.577606129825038e-06,4,0,4,0,4,0,0,7,1,5,7,1,7,7,1
11,11,51,3.946212180883653e-05,2,2,2,2,2,4,6,4,0,4,7,7,5,1,7,3,3,3,3,3,3
11,11,51,0.0015390227505446255,2,5,4,2,2,4,6,6,6,6,3,2,5,5,5,5,7,7,6,3,3,3,3
11,11,51,0.000591931827132548,5,4,2,2,2,4,4,0,0,0,1,7,1,1,7,3,3,3,3,3,3
11,11,51,4.1435227899278354e-06,0,4,4,4,0,0,0,7,1,5,1,7,7,7,1
11,11,51,0.008614265493894534,2,2,2,5,4,2,5,6,3,3,3,3,3,3,3
11,11,51,0.0004340833398972018,2,2,2,5,4,4,4,0,0,0,1,7,1,1,7,3,3,3,3,3,3
11,11,51,0.0012985405802415748,2,5,4,2,2,2,5,6,3,7,6,3,3,3,3
11,11,51,3.752847784020354e-05,5,4,2,2,2,2,5,6,3,7,6,3,7,6,3
11,11,51,0.00047354546170603833,5,4,2,2,2,4,4,6,4,0,7,1,1,1,7,3,3,3,3,3,3
11,11,51,0.00023677273085301922,2,2,2,2,2,4,4,0,6,4,7,1,7,5,7,3,3,3,3,3,3
11,11,51,4.77491673886922e-06,0,4,4,0,4,0,0,7,5,1,7,7,7,1,1
11,11,51,7.892424361767306e-05,2,2,2,2,2,4,4,0,0,0,7,5,7,1,7,3,7,6,6,7,3
11,11,51,3.946212180883653e-05,4,5,2,2,2,4,0,4,0,0,7,5,7,1,7,3,3,3,3,3,3
11,11,51,0.0009684793934324661,2,5,2,4,2,2,5,6,3,3,3,3,3,3,3
11,11,51,3.946212180883653e-05,2,2,2,2,2,4,0,4,6,4,7,1,5,7,7,3,3,7,6,3,3
11,11,51,3.946212180883653e-05,4,5,2,2,2,4,0,0,4,0,7,1,1,1,7,3,3,3,3,3,3
11,11,51,0.0017132874804524428,4,0,4,6,6,6,6,3,2,5,5,5,5,7,7,1,1
11,11,51,9.115750137841239e-06,4,0,4,4,6,4,0,7,1,1,1,1,7,7,1
11,11,51,3.946212180883653e-05,2,2,2,5,4,4,4,0,0,0,1,7,1,1,7,3,3,3,7,6,3
11,11,51,3.946212180883653e-05,2,2,2,5,4,4,6,6,6,6,3,2,5,5,5,5,7,7,3,6,3,3,3
11,11,51,3.693654601307099e-05,5,2,2,4,2,2,5,6,7,6,3,3,3,3,3
11,11,51,0.00015784848723534613,2,2,2,2,2,4,4,0,6,4,7,1,1,1,7,7,6,7,6,3,3
11,11,51,8.99736377241473e-06,4,0,4,0,4,0,0,7,5,7,1,7,7,1,1
11,11,51,3.946212180883653e-05,2,2,5,4,2,4,4,6,4,0,1,7,1,1,7,3,3,3,3,3,3
11,11,51,0.013377659293195484,2,2,2,2,2,4,6,6,6,6,3,2,5,5,5,5,7,3,3,3,7,6,3
11,11,51,0.00040819618799060506,4,5,2,5,4,2,5,6,3,3,3,3,3,3,3
11,11,51,0.0001183863654265096,2,2,2,2,2,4,4,0,0,0,7,1,7,5,7,7,6,7,6,3,3
11,11,51,0.0011049394106474233,2,2,2,2,2,4,6,6,6,6,3,2,5,5,5,5,7,7,6,3,7,6,3
11,11,51,3.946212180883653e-05,5,4,2,2,2,4,6,4,4,0,7,1,1,1,7,3,3,3,3,3,3
11,11,51,3.946212180883653e-05,4,5,2,2,2,4,4,6,4,0,7,1,1,1,7,3,3,7,6,3,3
11,11,51,0.001224864798824478,4,5,2,2,2,2,5,6,3,7,6,3,3,3,3
11,11,51,7.892424361767306e-05,2,2,2,2,2,4,4,0,0,0,7,7,5,1,7,7,6,7,6,3,3
11,11,51,0.00047354546170603833,2,2,2,5,4,4,4,0,0,0,7,7,5,1,7,3,3,3,3,3,3
11,11,51,3.946212180883653e-05,2,2,2,2,2,4,0,4,6,4,7,5,7,1,7,3,3,3,3,3,3
11,11,51,3.673923540402681e-05,2,2,5,2,4,2,5,6,7,6,3,7,6,3,3
11,11,51,3.946212180883653e-05,4,5,2,2,2,4,4,0,0,0,1,7,1,1,7,3,3,7,6,3,3
11,11,51,3.946212180883653e-05,5,2,4,5,4,4,4,0,0,0,7,5,7,1,7,7,6,3,3,3,3
11,11,51,3.946212180883653e-05,2,2,5,4,2,4,4,0,0,0,7,1,7,5,7,3,7,6,3,3,3
11,11,51,4.617068251633874e-06,4,0,4,4,6,4,0,1,7,7,5,7,7,1,1
11,11,51,0.0003946212180883653,2,2,2,2,2,4,4,0,0,0,7,1,5,7,7,3,3,3,7,6,3
11,11,51,3.946212180883653e-05,2,2,2,2,2,4,4,6,0,4,1,7,1,1,7,3,7,6,3,3,3
11,11,51,3.946212180883653e-05,2,2,2,5,4,4,4,0,0,0,7,7,5,1,7,3,3,3,7,6,3
11,11,51,3.946212180883653e-05,2,5,4,2,2,4,0,4,0,0,7,1,5,7,7,3,3,3,3,3,3
11,11,51,3.725224298754169e-05,2,2,5,4,2,2,5,6,3,7,3,6,7,6,3
11,11,51,3.946212180883653e-05,2,2,2,2,2,4,4,0,0,0,1,7,1,1,7,3,7,6,7,6,3
11,11,51,0.00019731060904418267,2,5,4,2,2,4,6,6,6,6,3,2,5,5,5,5,7,7,3,6,3,3,3
11,11,51,3.946212180883653e-05,2,2,2,2,2,4,4,0,0,0,7,5,7,1,7,3,3,7,3,6,3
11,11,51,3.946212180883653e-05,2,2,2,2,2,4,0,0,4,0,7,1,5,7,7,3,3,3,3,3,3
11,11,51,3.946212180883653e-05,2,5,2,2,4,4,6,6,6,6,3,2,5,5,5,5,7,3,7,6,3,3,3
11,11,51,7.892424361767306e-05,4,5,2,2,2,4,4,6,4,0,7,5,7,1,7,3,3,3,3,3,3
11,11,51,7.892424361767306e-05,2,5,4,5,4,4,4,0,0,0,7,1,1,1,7,7,6,3,3,3,3
11,11,51,0.012253620215592604,5,4,2,2,2,2,5,6,3,3,3,3,3,3,3
11,11,51,3.946212180883653e-05,4,5,2,2,2,4,4,6,4,0,1,7,1,1,7,3,3,3,6,7,3
11,11,51,3.946212180883653e-05,2,5,4,2,2,4,4,0,0,0,7,1,1,1,7,7,6,7,6,3,3
11,11,51,3.946212180883653e-05,4,5,2,5,4,4,4,0,6,4,1,7,1,1,7,3,3,3,3,3,3
11,11,51,4.301371277163182e-06,0,4,4,0,4,0,0,7,1,1,1,1,7,7,1
11,11,51,3.946212180883653e-05,4,5,2,2,2,4,4,6,4,0,7,1,5,7,7,7,6,3,3,3,3
11,11,51,0.0013022500196916062,4,5,2,2,2,4,6,6,6,6,3,2,5,5,5,5,7,3,7,6,3,3,3
11,11,51,0.00027623485266185577,5,2,2,4,2,4,6,6,6,6,3,2,5,5,5,5,7,3,3,3,3,3,3
11,11,51,0.0005130075835148748,5,4,5,4,2,4,4,0,0,0,7,1,1,1,7,3,3,3,3,3,3
11,11,51,3.946212180883653e-05,2,5,4,2,2,4,4,0,0,0,7,1,5,7,7,3,7,6,6,7,3
11,11,51,0.0005559818341646978,2,2,2,2,2,2,5,6,3,3,3,7,3,6,3
11,11,51,7.407040263518618e-05,5,2,4,2,2,2,5,6,3,3,7,6,3,3,3
11,11,51,7.892424361767306e-05,2,2,2,2,2,4,4,0,0,0,1,7,7,5,7,3,7,6,3,3,3
11,11,51,7.426771324423035e-05,2,5,4,2,2,2,5,6,3,7,6,3,7,6,3
11,11,51,0.001499560628735789,5,4,5,4,2,4,6,6,6,6,3,2,5,5,5,5,7,3,3,3,3,3,3
11,11,51,7.458341021870104e-05,2,5,2,4,2,2,5,6,7,6,3,3,3,3,3
11,11,51,3.946212180883653e-05,2,2,2,2,2,4,4,0,0,0,7,5,7,1,7,3,7,3,6,3,3
11,11,51,7.892424361767306e-05,2,5,4,2,2,4,4,0,0,0,7,1,7,5,7,3,3,3,7,6,3
11,11,51,0.00015784848723534613,4,5,2,2,2,4,4,0,0,0,7,1,7,5,7,3,3,3,3,3,3
11,11,51,0.0006304073958961635,2,2,5,4,2,2,5,6,3,3,3,3,6,7,3
11,11,51,3.946212180883653e-05,2,2,2,2,2,4,0,0,4,0,7,1,7,5,7,7,6,3,7,6,3
11,11,51,3.946212180883653e-05,2,2,2,2,2,4,4,0,6,4,1,7,1,1,7,3,7,6,3,3,3
11,11,51,3.725224298754169e-05,5,4,2,5,4,2,5,6,7,6,3,3,3,3,3
11,11,51,3.946212180883653e-05,2,2,5,4,2,4,4,0,0,0,1,7,7,5,7,3,3,3,3,3,3
11,11,51,5.051151591531076e-06,4,0,4,0,4,6,4,7,1,1,5,7,7,7,1
11,11,51,0.0002226452912454557,2,2,2,5,4,2,5,6,7,3,6,3,3,3,3
11,11,51,3.946212180883653e-05,2,2,2,2,2,4,4,0,0,0,1,7,5,7,7,3,3,3,6,7,3
11,11,51,3.946212180883653e-05,2,5,2,4,2,4,4,0,0,0,7,5,7,1,7,3,3,3,3,3,3
11,11,51,3.946212180883653e-05,4,5,2,2,2,4,4,0,6,4,7,1,7,5,7,3,3,7,6,3,3
11,11,51,0.0001183863654265096,5,2,4,2,2,4,4,6,4,0,7,1,1,1,7,3,3,3,3,3,3
11,11,51,7.892424361767306e-05,4,5,2,2,2,4,4,0,0,0,7,5,1,7,7,3,3,3,3,3,3
11,11,51,0.0001183863654265096,2,2,2,2,2,4,4,0,6,4,7,1,5,7,7,3,3,7,6,3,3
11,11,51,0.0001183863654265096,2,2,2,5,4,4,4,0,0,0,1,7,1,1,7,7,6,3,3,3,3
11,11,51,3.946212180883653e-05,2,5,4,2,2,4,4,0,0,0,1,7,5,7,7,3,3,3,3,3,3
11,11,51,0.0188234321028148,5,4,2,2,2,4,6,6,6,6,3,2,5,5,5,5,7,3,3,3,3,3,3
11,11,51,9.155212259650075e-06,0,4,4,4,0,6,4,7,1,1,1,1,7,7,1
11,11,51,2.245394730922799e-05,0,4,4,0,0,4,0,7,1,1,1,7,7,1,1
11,11,51,3.7173318743924014e-05,2,2,5,4,2,2,5,6,7,6,3,3,6,7,3
11,11,51,1.878396998100619e-05,4,0,4,4,0,0,0,1,7,1,5,7,7,7,1
11,11,51,0.01752118208312322,2,5,4,2,2,4,6,6,6,6,3,2,5,5,5,5,7,3,3,3,3,3,3
11,11,51,7.466233446231872e-05,2,5,2,4,2,2,5,6,3,3,3,7,6,3,3
11,11,51,3.946212180883653e-05,2,5,4,2,2,4,0,0,4,0,7,1,1,1,7,7,6,3,3,3,3
11,11,51,3.946212180883653e-05,4,5,2,2,2,4,4,0,0,0,7,7,5,1,7,3,3,7,6,3,3
11,11,51,0.0005130075835148748,2,2,2,5,4,4,4,6,4,0,7,1,1,1,7,3,3,3,3,3,3
11,11,51,0.00047354546170603833,2,5,4,2,2,4,4,0,0,0,7,1,1,1,7,3,3,3,6,7,3
11,11,51,3.946212180883653e-05,5,4,5,4,2,4,6,6,6,6,3,2,5,5,5,5,7,3,7,6,7,6,3
11,11,51,0.014443136582034045,4,5,2,2,2,4,6,6,6,6,3,2,5,5,5,5,7,3,3,3,3,3,3
11,11,51,3.6541924794982626e-05,2,2,2,5,4,2,5,6,3,3,3,7,3,6,3
11,11,51,3.752847784020354e-05,5,4,2,5,4,2,5,6,3,3,3,3,7,6,3
11,11,51,0.0005130075835148748,5,4,2,2,2,4,4,0,0,0,7,1,5,7,7,3,3,3,3,3,3
11,11,51,9.431447112311932e-06,4,0,4,4,0,0,0,7,5,7,5,7,7,7,1
11,11,51,0.0012627878978827695,4,5,2,2,2,4,6,6,6,6,3,2,5,5,5,5,7,3,3,7,6,3,3
11,11,51,3.946212180883653e-05,2,2,2,2,2,4,4,0,0,0,7,1,5,7,7,7,6,7,6,3,3
11,11,51,3.946212180883653e-05,2,5,4,2,2,4,4,0,0,0,7,1,1,1,7,7,6,3,6,7,3
11,11,51,3.946212180883653e-05,2,2,2,5,4,4,4,6,4,0,7,1,1,1,7,3,3,3,7,6,3
11,11,51,0.0010260151670297502,2,2,2,5,4,4,6,6,6,6,3,2,5,5,5,5,7,3,3,3,7,6,3
11,11,51,3.946212180883653e-05,4,5,5,4,2,4,4,0,6,4,7,1,1,1,7,3,3,3,7,6,3
11,11,51,3.946212180883653e-05,5,4,2,2,2,4,4,0,0,0,7,1,5,7,7,3,3,3,7,6,3
11,11,51,0.00012817297163510106,0,4,4,4,6,4,0,7,1,1,1,7,7,1,1
11,11,51,7.892424361767306e-05,5,4,2,2,2,4,0,4,0,0,7,1,1,1,7,3,3,3,7,6,3
11,11,51,3.946212180883653e-05,5,4,5,4,2,4,0,4,0,0,7,1,1,1,7,7,6,3,3,3,3
11,11,51,3.946212180883653e-05,5,4,2,5,4,4,4,0,0,0,7,7,5,1,7,3,3,3,7,6,3
11,11,51,7.371524353890665e-05,2,2,5,4,2,2,5,6,3,7,6,7,6,3,3
11,11,51,7.892424361767306e-05,2,5,2,4,2,4,4,0,0,0,7,1,1,1,7,3,7,6,3,3,3
11,11,51,3.7173318743924014e-05,4,5,5,4,2,2,5,6,7,6,3,3,6,7,3
11,11,51,3.946212180883653e-05,2,5,4,2,2,4,4,0,0,0,7,1,5,7,7,7,6,3,3,3,3
11,11,51,0.013101424440533634,2,2,2,5,4,4,6,6,6,6,3,2,5,5,5,5,7,3,3,3,3,3,3
11,11,51,3.946212180883653e-05,2,2,2,2,2,4,4,0,6,4,7,5,1,7,7,3,3,3,7,6,3
11,11,51,3.946212180883653e-05,2,5,4,2,2,4,0,4,0,0,7,5,7,1,7,3,3,3,3,3,3
11,11,51,0.00015784848723534613,5,4,2,2,2,4,4,0,0,0,7,5,7,1,7,7,6,3,3,3,3
11,11,51,0.0018152576032064815,2,2,5,4,2,4,6,6,6,6,3,2,5,5,5,5,7,7,6,3,3,3,3
11,11,51,3.946212180883653e-05,5,4,2,5,4,4,4,0,0,0,7,1,5,7,7,7,6,3,3,3,3
11,11,51,0.0013029998000059723,4,0,4,4,0,0,0,7,1,1,1,7,7,1,1
11,11,51,0.00023677273085301922,2,2,2,2,2,4,4,0,0,0,7,5,1,7,7,3,3,3,3,3,3
11,11,51,7.892424361767306e-05,4,5,2,2,2,4,4,0,0,0,7,1,1,1,7,3,7,6,6,7,3
11,11,51,3.946212180883653e-05,2,5,4,2,2,4,4,0,0,0,7,1,1,1,7,3,3,7,3,6,3
11,11,51,0.0002597002236239532,5,4,2,2,2,2,5,6,7,3,6,3,3,3,3
11,11,51,3.946212180883653e-05,4,5,2,2,2,4,4,0,0,0,1,7,1,1,7,7,6,3,3,3,3
11,11,51,0.0011500840779967321,5,4,2,5,4,2,5,6,3,3,3,3,3,3,3
11,11,51,0.0004340833398972018,2,2,5,4,2,4,4,0,0,0,7,1,1,1,7,3,3,7,6,3,3
11,11,51,0.001499560628735789,2,2,5,4,2,4,6,6,6,6,3,2,5,5,5,5,7,3,3,7,6,3,3
11,11,51,3.946212180883653e-05,2,2,2,2,2,4,0,0,0,4,7,1,7,5,7,3,3,3,6,7,3
11,11,51,3.946212180883653e-05,5,4,2,2,2,4,4,0,6,4,7,1,1,1,7,3,3,3,6,7,3
11,11,51,7.892424361767306e-05,2,5,2,4,2,4,4,0,6,4,7,1,1,1,7,3,3,3,3,3,3
11,11,51,3.946212180883653e-05,2,2,2,5,4,4,4,0,0,0,7,1,1,1,7,3,3,7,3,6,3
11,11,51,0.00047354546170603833,2,2,2,2,2,4,4,6,4,0,7,1,7,5,7,3,3,3,3,3,3
11,11,51,3.946212180883653e-05,2,2,5,2,4,4,4,0,0,0,7,1,1,1,7,3,7,6,3,3,3
11,11,51,3.946212180883653e-05,2,5,4,2,2,4,4,0,0,0,7,1,7,5,7,7,6,3,3,3,3
11,11,51,0.000591931827132548,2,2,2,5,4,4,4,0,0,0,7,1,5,7,7,3,3,3,3,3,3
11,11,51,3.6541924794982626e-05,5,2,4,2,2,2,5,6,3,3,3,7,3,6,3
11,11,51,0.0001183863654265096,5,4,2,2,2,4,0,4,0,0,7,5,7,1,7,3,3,3,3,3,3
11,11,51,3.946212180883653e-05,2,5,4,2,2,4,4,6,4,0,7,1,1,1,7,3,3,7,3,6,3
11,11,51,3.946212180883653e-05,2,2,2,2,2,4,0,0,4,0,7,5,7,1,7,3,3,3,3,3,3
11,11,51,7.482018294955407e-05,4,5,5,4,2,2,5,6,3,3,3,7,6,3,3
11,11,51,0.0006708560707502211,2,2,2,2,2,4,4,6,4,0,1,7,1,1,7,3,3,3,3,3,3
11,11,51,3.946212180883653e-05,4,5,2,5,4,4,4,0,0,0,1,7,1,1,7,3,3,3,3,3,3
11,11,51,0.0004340833398972018,2,2,2,2,2,4,4,6,4,0,7,1,5,7,7,3,3,3,3,3,3
11,11,51,0.00011132264562272788,2,5,4,2,2,2,5,6,3,3,7,3,6,3,3
11,11,51,0.0006313939489413845,4,5,2,2,2,4,4,0,0,0,7,1,1,1,7,7,6,3,3,3,3
11,11,51,0.0009470909234120771,2,2,2,2,2,4,6,6,6,6,3,2,5,5,5,5,7,3,3,7,3,6,3
11,11,51,0.0018152576032064815,5,4,2,2,2,4,6,6,6,6,3,2,5,5,5,5,7,3,7,6,3,3,3
11,11,51,3.946212180883653e-05,2,5,2,2,4,4,4,0,0,0,7,7,5,1,7,3,3,3,3,3,3
11,11,51,3.946212180883653e-05,5,2,4,2,2,4,6,6,6,6,3,2,5,5,5,5,7,3,3,3,7,6,3
11,11,51,3.946212180883653e-05,5,4,5,4,2,4,4,0,0,0,7,1,1,1,7,7,6,3,3,3,3
11,11,51,0.0007103181925590577,2,5,2,4,2,4,4,0,0,0,7,1,1,1,7,3,3,3,3,3,3
11,11,51,3.946212180883653e-05,2,2,2,2,2,4,4,6,4,0,7,7,5,1,7,3,7,6,3,3,3
11,11,51,3.946212180883653e-05,2,2,5,4,2,4,6,6,6,6,3,2,5,5,5,5,7,3,3,7,3,6,3
11,11,51,3.946212180883653e-05,5,2,4,2,2,4,6,6,6,6,3,2,5,5,5,5,7,7,3,6,3,3,3
11,11,51,0.00014971929014272582,4,0,4,4,0,0,0,7,5,7,1,7,7,1,1
11,11,51,0.009877329626629952,2,2,2,2,2,2,5,6,3,3,3,7,6,3,3
11,11,51,0.0008184838684370787,2,2,2,2,2,2,5,6,3,7,6,3,7,6,3
11,11,51,3.946212180883653e-05,2,2,5,2,4,4,6,6,6,6,3,2,5,5,5,5,7,3,3,7,6,3,3
11,11,51,0.0001183863654265096,4,5,5,4,2,4,6,6,6,6,3,2,5,5,5,5,7,3,3,3,6,7,3
11,11,51,0.0001183863654265096,5,4,2,5,4,4,4,0,0,0,7,1,1,1,7,3,3,3,7,6,3
11,11,51,0.00022288206397630875,2,2,2,5,4,2,5,6,7,6,7,6,3,3,3
11,11,51,3.946212180883653e-05,5,2,2,2,4,4,6,6,6,6,3,2,5,5,5,5,7,3,3,3,3,3,3
11,11,51,0.00019731060904418267,5,4,5,4,2,4,6,6,6,6,3,2,5,5,5,5,7,3,7,6,3,3,3
11,11,51,0.0013022500196916062,5,2,4,2,2,4,6,6,6,6,3,2,5,5,5,5,7,3,3,3,3,3,3
11,11,51,3.946212180883653e-05,2,2,2,2,2,4,6,4,4,0,1,7,1,1,7,3,3,3,3,3,3
11,11,51,0.0005207026972675981,2,2,2,2,2,2,5,6,3,3,7,6,7,6,3
11,11,51,3.752847784020354e-05,4,5,5,4,2,2,5,6,3,3,7,6,3,3,3
11,11,51,0.00031569697447069226,4,5,2,2,2,4,0,4,0,0,7,1,1,1,7,3,3,3,3,3,3
11,11,51,7.892424361767306e-05,2,2,2,2,2,4,6,4,4,0,7,1,5,7,7,3,3,3,3,3,3
11,11,51,3.946212180883653e-05,2,5,4,2,2,4,4,6,4,0,7,1,1,1,7,3,7,6,3,3,3
11,11,51,0.00019731060904418267,5,4,2,2,2,4,6,6,6,6,3,2,5,5,5,5,7,7,6,3,6,7,3
11,11,51,7.892424361767306e-05,2,2,5,4,2,4,4,0,0,0,7,5,7,1,7,7,6,3,3,3,3
11,11,51,3.946212180883653e-05,2,2,2,5,4,4,4,0,6,4,7,1,1,1,7,3,7,6,3,3,3
11,11,51,3.693654601307099e-05,2,5,4,2,2,2,5,6,7,6,3,3,7,6,3
11,11,51,0.00019731060904418267,2,2,2,5,4,4,4,0,0,0,7,1,7,5,7,3,3,3,3,3,3
11,11,51,3.946212180883653e-05,4,5,2,2,2,4,4,6,4,0,7,1,5,7,7,3,3,3,3,3,3
11,11,51,7.892424361767306e-05,2,5,4,2,2,4,4,0,0,0,1,7,1,1,7,3,3,7,6,3,3
11,11,51,0.0001183863654265096,4,5,2,2,2,4,6,6,6,6,3,2,5,5,5,5,7,7,3,6,3,3,3
11,11,51,3.946212180883653e-05,2,2,2,2,2,4,4,0,0,0,7,5,7,1,7,7,6,3,7,6,3
11,11,51,0.0011838636542650964,2,2,2,5,4,4,6,6,6,6,3,2,5,5,5,5,7,3,7,6,3,3,3
11,11,51,0.0004340833398972018,2,2,2,2,2,4,4,0,0,0,7,5,7,1,7,3,3,3,7,6,3
11,11,51,3.946212180883653e-05,5,2,2,2,4,4,4,0,0,0,7,1,1,1,7,3,3,3,6,7,3
11,11,51,7.892424361767306e-05,2,2,2,2,2,4,4,0,6,4,7,1,1,1,7,7,6,3,6,7,3
11,11,51,3.946212180883653e-05,2,5,4,2,2,4,4,0,0,0,7,1,1,1,7,3,7,3,6,3,3
11,11,51,0.000814537656256195,2,2,5,4,2,2,5,6,3,3,7,6,3,3,3
11,11,51,0.0014600985069269524,5,4,2,2,2,4,6,6,6,6,3,2,5,5,5,5,7,3,3,7,6,3,3
11,11,51,3.946212180883653e-05,5,4,2,2,2,4,4,6,0,4,7,1,1,1,7,7,6,7,6,3,3
11,11,51,7.892424361767306e-05,2,5,4,2,2,4,6,6,6,6,3,2,5,5,5,5,7,7,6,3,6,7,3
11,11,51,0.006077166758560831,2,2,2,2,2,4,4,0,0,0,7,5,7,1,7,3,3,3,3,3,3
11,11,51,3.946212180883653e-05,2,2,2,2,2,4,4,0,0,0,7,1,5,7,7,3,7,3,6,3,3
11,11,51,0.0007074374576670126,2,2,2,2,2,2,5,6,3,3,7,3,6,3,3
11,11,51,0.0001183863654265096,5,4,2,2,2,4,6,6,6,6,3,2,5,5,5,5,7,3,3,7,3,6,3
11,11,51,3.946212180883653e-05,2,2,2,2,2,4,4,6,0,4,7,1,5,7,7,3,3,3,3,3,3
11,11,51,0.0001183863654265096,2,2,2,2,2,4,4,0,0,0,7,1,7,5,7,7,3,6,3,3,3
11,11,51,3.946212180883653e-05,2,2,2,2,2,4,4,0,0,0,7,7,5,1,7,7,6,3,6,7,3
11,11,51,1.3219810805960237e-05,4,0,4,4,0,0,0,7,7,5,1,1,7,7,1
11,11,51,3.946212180883653e-05,5,4,2,2,2,4,0,4,6,4,7,7,5,1,7,3,3,3,3,3,3
11,11,51,3.693654601307099e-05,5,2,2,4,2,2,5,6,3,3,3,3,3,3,3
11,11,51,3.946212180883653e-05,4,5,5,4,2,4,4,0,0,0,7,1,7,5,7,3,3,3,6,7,3
11,11,51,0.0003946212180883653,2,2,5,4,2,4,4,0,0,0,7,1,1,1,7,3,7,6,3,3,3
11,11,51,3.946212180883653e-05,2,5,2,4,2,4,4,0,0,0,7,1,7,5,7,7,6,3,3,3,3
11,11,51,7.892424361767306e-05,2,2,2,2,2,4,4,6,4,0,7,5,7,1,7,3,3,3,6,7,3
11,11,51,3.946212180883653e-05,5,4,5,4,2,4,6,6,6,6,3,2,5,5,5,5,7,3,3,7,6,3,3
11,11,51,0.00027623485266185577,2,2,5,2,4,4,4,0,0,0,7,1,1,1,7,3,3,3,3,3,3
11,11,51,7.892424361767306e-05,2,2,2,5,4,4,4,0,0,0,1,1,7,1,7,3,3,3,3,3,3
11,11,51,4.617068251633874e-06,0,4,4,4,0,6,4,7,5,1,7,7,7,1,1
11,11,51,3.725224298754169e-05,4,5,5,4,2,2,5,6,7,6,3,3,3,3,3
11,11,51,0.00012837028224414526,4,0,4,4,0,0,0,7,1,1,1,1,7,7,1
11,11,51,7.892424361767306e-05,2,2,2,5,4,4,4,0,0,0,7,1,1,1,7,7,6,3,6,7,3
11,11,51,7.892424361767306e-05,2,2,5,4,2,4,0,0,4,0,7,5,7,1,7,3,3,3,3,3,3
11,11,51,9.668219843164951e-06,0,4,4,4,0,6,4,7,7,5,1,7,7,1,1
11,11,51,3.946212180883653e-05,2,5,4,2,2,4,4,0,6,4,7,7,5,1,7,3,3,3,3,3,3
11,11,51,0.000591931827132548,5,4,2,2,2,4,4,0,0,0,7,1,1,1,7,3,3,3,7,6,3
11,11,51,0.00031569697447069226,2,2,2,5,4,4,4,0,0,0,7,1,1,1,7,3,3,3,7,6,3
11,11,51,3.946212180883653e-05,2,2,5,2,4,4,4,0,0,0,7,1,1,1,7,3,3,3,7,6,3
11,11,51,0.0007892424361767308,2,2,2,5,4,4,6,6,6,6,3,2,5,5,5,5,7,3,3,7,6,3,3
11,11,51,3.946212180883653e-05,2,2,2,2,2,4,4,6,4,0,7,5,7,1,7,3,3,7,6,3,3
11,11,51,3.946212180883653e-05,4,5,2,5,4,4,6,6,6,6,3,2,5,5,5,5,7,3,7,6,3,3,3
11,11,51,3.946212180883653e-05,2,5,4,2,2,4,6,4,4,0,7,1,1,1,7,3,3,3,3,3,3
11,11,51,0.00011838636542650961,0,4,4,4,0,0,0,7,1,5,7,7,7,1,1
11,11,51,0.007616189509105457,2,2,2,2,2,4,4,0,0,0,7,1,1,1,7,7,6,3,3,3,3
11,11,51,0.00015784848723534613,2,2,2,5,4,4,6,6,6,6,3,2,5,5,5,5,7,3,3,7,3,6,3
11,11,51,3.7489015718394705e-05,2,2,5,2,4,2,5,6,3,7,6,7,6,3,3
11,11,51,3.946212180883653e-05,2,2,2,2,2,4,0,4,0,0,7,7,1,5,7,7,6,3,3,3,3
11,11,51,3.946212180883653e-05,2,2,2,2,2,4,4,6,4,0,7,1,1,1,7,7,6,7,6,3,3
11,11,51,3.946212180883653e-05,2,2,2,2,2,4,4,0,6,4,1,7,5,7,7,3,7,6,3,3,3
11,11,51,3.946212180883653e-05,5,2,4,2,2,4,6,6,6,6,3,2,5,5,5,5,7,3,7,6,3,3,3
11,11,51,3.946212180883653e-05,2,2,2,2,2,4,4,0,6,4,7,7,5,1,7,3,3,3,6,7,3
11,11,51,3.946212180883653e-05,5,2,4,5,4,4,4,0,0,0,7,1,1,1,7,3,3,3,7,6,3
11,11,51,7.466233446231872e-05,2,5,4,2,2,2,5,6,3,3,7,6,7,6,3
11,11,51,3.946212180883653e-05,2,2,2,5,4,4,4,0,0,0,7,1,5,7,7,3,7,6,3,3,3
11,11,51,0.0004340833398972018,2,2,2,2,2,4,0,4,0,0,7,5,7,1,7,3,3,3,3,3,3
11,11,51,3.946212180883653e-05,2,2,5,4,2,4,0,4,0,0,7,1,1,1,7,3,3,7,6,3,3
11,11,51,3.946212180883653e-05,2,2,5,4,2,4,4,0,0,0,7,1,5,7,7,3,3,3,7,6,3
11,11,51,3.946212180883653e-05,5,4,2,5,4,4,4,0,0,0,7,1,7,5,7,3,3,3,3,3,3
11,11,51,3.946212180883653e-05,5,4,2,2,2,4,4,6,4,0,7,1,1,1,7,7,6,7,6,3,3
11,11,51,3.946212180883653e-05,2,2,2,2,2,4,6,4,4,0,7,1,7,5,7,3,3,3,3,3,3
11,11,51,7.892424361767306e-05,2,5,4,2,2,4,4,0,0,0,1,7,1,1,7,3,3,3,7,6,3
11,11,51,3.673923540402681e-05,2,5,4,2,2,2,5,6,3,7,6,7,3,6,3
11,11,51,0.0020125682122506643,5,4,2,2,2,4,6,6,6,6,3,2,5,5,5,5,7,7,6,3,3,3,3
11,11,51,3.946212180883653e-05,2,2,2,2,2,4,4,0,0,0,1,7,7,5,7,3,3,3,6,7,3
11,11,51,0.0004340833398972018,2,5,4,2,2,4,4,6,4,0,7,1,1,1,7,3,3,3,3,3,3
11,11,51,3.946212180883653e-05,2,5,2,4,2,4,4,6,4,0,7,1,5,7,7,3,3,3,3,3,3
11,11,51,7.47412587059364e-05,2,5,4,2,2,2,5,6,3,7,3,6,3,3,3
11,11,51,3.946212180883653e-05,4,5,2,2,2,4,6,6,6,6,3,2,5,5,5,5,7,3,7,6,7,6,3
11,11,51,0.0005524697053237114,5,4,2,2,2,4,4,0,0,0,7,5,7,1,7,3,3,3,3,3,3
11,11,51,9.005256196776496e-05,0,4,4,4,0,0,0,7,1,1,5,7,7,7,1
11,11,51,3.946212180883653e-05,2,5,4,2,2,4,4,6,4,0,7,1,1,1,7,3,3,3,7,6,3
11,11,51,3.946212180883653e-05,2,2,2,2,2,4,4,0,6,4,1,1,7,1,7,3,3,3,7,6,3
11,11,51,0.00014774618405228397,2,2,2,5,4,2,5,6,7,6,3,3,7,6,3
11,11,51,3.946212180883653e-05,2,2,5,4,2,4,6,0,4,4,7,1,1,1,7,3,3,3,3,3,3
11,11,51,3.946212180883653e-05,5,4,5,4,2,4,4,0,0,0,1,1,7,1,7,3,3,3,3,3,3
11,11,51,7.892424361767306e-05,5,4,2,2,2,4,6,6,6,6,3,2,5,5,5,5,7,7,3,3,6,3,3
11,11,51,0.0001183863654265096,2,2,5,4,2,4,6,6,6,6,3,2,5,5,5,5,7,7,6,7,6,3,3
11,11,51,0.000372246195022755,2,2,2,5,4,2,5,6,3,3,3,3,6,7,3
11,11,51,7.458341021870104e-05,5,2,4,5,4,2,5,6,3,3,3,3,3,3,3
11,11,51,3.946212180883653e-05,2,2,2,2,2,4,0,4,0,0,7,7,1,5,7,3,3,7,6,3,3
11,11,51,3.725224298754169e-05,2,2,2,2,2,2,5,6,3,7,3,6,6,7,3
11,11,51,3.673923540402681e-05,5,2,4,2,2,2,5,6,3,7,3,6,3,3,3
11,11,51,3.946212180883653e-05,2,2,2,2,2,4,4,0,6,4,7,7,1,5,7,7,6,3,3,3,3
11,11,51,3.946212180883653e-05,4,5,5,4,2,4,4,0,0,0,1,7,1,1,7,3,3,3,3,3,3
11,11,51,0.0005130075835148748,2,2,2,2,2,4,4,0,0,0,1,7,1,1,7,3,3,7,6,3,3
11,11,51,3.946212180883653e-05,2,2,2,2,2,4,4,6,0,4,7,1,7,5,7,3,3,3,3,3,3
11,11,51,3.946212180883653e-05,2,2,2,2,2,4,4,0,0,0,7,1,5,7,7,7,3,6,3,3,3
11,11,51,3.946212180883653e-05,4,5,5,4,2,4,4,0,0,0,7,1,1,1,7,3,7,3,6,3,3
11,11,51,0.000591931827132548,2,2,2,2,2,4,0,4,0,0,7,1,1,1,7,7,6,3,3,3,3
11,11,51,3.946212180883653e-05,4,5,2,5,4,4,6,6,6,6,3,2,5,5,5,5,7,3,3,3,7,6,3
11,11,51,0.0001183863654265096,2,2,5,4,2,4,4,6,4,0,7,7,5,1,7,3,3,3,3,3,3
11,11,51,3.946212180883653e-05,2,5,4,5,4,4,4,0,0,0,7,1,5,7,7,3,3,3,3,3,3
11,11,51,7.892424361767306e-05,5,4,2,2,2,4,4,0,6,4,7,1,5,7,7,3,3,3,3,3,3
11,11,51,7.892424361767306e-05,2,2,2,5,4,4,4,0,6,4,7,1,5,7,7,3,3,3,3,3,3
11,11,51,3.946212180883653e-05,2,2,5,2,4,4,0,4,0,0,7,1,5,7,7,3,3,3,3,3,3
11,11,51,3.946212180883653e-05,2,2,2,5,4,4,4,6,4,0,7,1,1,1,7,3,7,6,3,3,3
11,11,51,3.946212180883653e-05,4,5,2,2,2,4,4,0,0,0,7,1,5,7,7,3,7,6,3,3,3
11,11,51,0.0017363333595888084,5,4,2,2,2,4,6,6,6,6,3,2,5,5,5,5,7,3,3,3,6,7,3
11,11,51,2.2572333674654496e-05,4,0,4,0,4,0,0,7,7,5,1,7,7,1,1
11,11,51,3.946212180883653e-05,4,5,2,2,2,4,4,0,0,0,1,7,1,1,7,3,7,3,6,3,3
11,11,51,3.946212180883653e-05,2,5,2,4,2,4,6,6,6,6,3,2,5,5,5,5,7,7,3,6,3,3,3
11,11,51,7.892424361767306e-05,5,4,2,2,2,4,4,0,0,0,7,1,5,7,7,3,7,6,3,3,3
11,11,51,7.442556173146571e-05,2,2,2,5,4,2,5,6,7,6,3,7,6,3,3
11,11,51,0.005722007662281302,4,5,2,2,2,4,4,0,0,0,7,1,1,1,7,3,3,3,3,3,3
11,11,51,0.005879856149516648,2,2,5,4,2,4,4,0,0,0,7,1,1,1,7,3,3,3,3,3,3
11,11,51,3.946212180883653e-05,2,5,4,5,4,4,4,6,4,0,7,5,7,1,7,3,3,3,3,3,3
11,11,51,7.892424361767306e-05,2,2,2,2,2,4,4,0,6,4,7,1,5,7,7,3,7,6,3,3,3
11,11,51,0.00031569697447069226,2,2,2,5,4,4,4,0,0,0,7,1,1,1,7,3,3,3,6,7,3
11,11,51,3.946212180883653e-05,2,2,2,2,2,4,4,0,0,0,7,5,7,1,7,7,6,3,6,7,3
11,11,51,7.442556173146571e-05,5,2,4,2,2,2,5,6,3,3,3,3,6,7,3
11,11,51,0.0001183863654265096,5,4,2,2,2,4,6,6,6,6,3,2,5,5,5,5,7,3,7,3,6,3,3
11,11,51,0.000147746184052284,2,2,5,4,2,2,5,6,3,3,7,6,6,7,3
11,11,51,0.0011444015324562598,2,2,2,5,4,4,6,6,6,6,3,2,5,5,5,5,7,7,6,3,3,3,3
11,11,51,0.0011049394106474233,2,2,2,2,2,4,6,6,6,6,3,2,5,5,5,5,7,3,7,6,6,7,3
11,11,51,3.946212180883653e-05,2,5,4,2,2,4,0,0,4,0,7,7,1,5,7,3,3,3,3,3,3
11,11,51,7.892424361767306e-05,5,2,4,2,2,4,4,0,0,0,7,1,1,1,7,3,3,3,7,6,3
11,11,51,3.946212180883653e-05,2,2,5,4,2,4,6,6,6,6,3,2,5,5,5,5,7,7,6,3,7,6,3
11,11,51,0.0003551590962795288,2,2,5,4,2,4,4,0,0,0,7,1,1,1,7,3,3,3,7,6,3
11,11,51,0.004340833398972022,2,2,2,2,2,4,4,0,0,0,7,1,1,1,7,3,3,3,7,6,3
11,11,51,0.00011530831992542034,0,4,4,4,0,0,0,7,7,5,1,7,7,1,1
11,11,51,3.946212180883653e-05,2,5,2,4,2,4,6,6,6,6,3,2,5,5,5,5,7,3,7,3,6,3,3
11,11,51,3.946212180883653e-05,2,2,2,2,2,4,0,0,4,0,7,1,7,5,7,3,3,3,6,7,3
11,11,51,7.892424361767306e-05,2,2,5,2,4,4,4,0,0,0,7,1,1,1,7,3,3,7,6,3,3
11,11,51,3.946212180883653e-05,5,4,2,2,2,4,4,0,0,0,1,7,1,1,7,3,3,7,6,3,3
11,11,51,0.00015784848723534613,2,5,4,5,4,4,6,6,6,6,3,2,5,5,5,5,7,3,3,7,6,3,3
11,11,51,3.946212180883653e-05,2,2,2,2,2,4,4,6,4,0,7,1,5,7,7,3,3,7,6,3,3
11,11,51,0.00011128318350091903,2,2,5,2,4,2,5,6,3,3,7,6,3,3,3
11,11,51,0.07864800876500956,2,2,2,2,2,4,4,0,0,0,7,1,1,1,7,3,3,3,3,3,3
11,11,51,3.946212180883653e-05,4,5,2,5,4,4,4,6,4,0,1,7,1,1,7,3,3,3,6,7,3
11,11,51,7.892424361767306e-05,2,5,4,2,2,4,4,6,4,0,7,7,5,1,7,3,3,3,3,3,3
11,11,51,3.7173318743924014e-05,2,5,4,2,2,2,5,6,3,7,3,6,7,6,3
11,11,51,7.738522086712842e-05,0,4,4,4,0,0,0,7,1,1,1,7,1,7,1
11,11,51,3.752847784020354e-05,4,5,2,5,4,2,5,6,3,3,3,7,6,3,3
11,11,51,3.946212180883653e-05,2,2,5,2,4,4,0,4,0,0,1,7,1,1,7,3,3,3,3,3,3
11,11,51,3.7173318743924014e-05,2,2,2,2,2,2,5,6,7,6,7,3,3,6,3
11,11,51,3.946212180883653e-05,4,5,2,2,2,4,4,6,4,0,1,7,1,1,7,3,3,3,3,3,3
11,11,51,3.946212180883653e-05,5,4,2,5,4,4,4,0,0,0,7,1,5,7,7,3,3,3,3,3,3
11,11,51,0.000868166679794404,2,2,2,2,2,4,4,0,0,0,7,1,1,1,7,7,3,6,3,3,3
11,11,51,3.946212180883653e-05,4,5,2,2,2,4,0,4,0,0,7,5,7,1,7,3,3,7,6,3,3
11,11,51,7.892424361767306e-05,4,5,2,5,4,4,6,6,6,6,3,2,5,5,5,5,7,7,6,3,3,3,3
11,11,51,0.00023677273085301922,2,2,2,2,2,4,4,0,0,0,7,1,1,1,7,3,7,6,6,7,3
11,11,51,3.946212180883653e-05,2,5,4,5,4,4,4,6,4,0,7,1,1,1,7,7,6,3,3,3,3
11,11,51,4.498681886207365e-06,0,4,4,4,0,0,0,7,5,1,1,7,7,7,1
11,11,51,0.0001183863654265096,5,4,2,2,2,4,0,4,0,0,7,1,1,1,7,7,6,3,3,3,3
11,11,51,7.892424361767306e-05,2,5,4,5,4,4,6,6,6,6,3,2,5,5,5,5,7,3,3,3,7,6,3
11,11,51,3.946212180883653e-05,2,2,5,4,2,4,4,0,0,0,7,1,5,7,7,7,6,3,7,6,3
11,11,51,0.00031569697447069226,2,5,4,2,2,4,4,0,0,0,7,1,7,5,7,3,3,3,3,3,3
11,11,51,3.946212180883653e-05,5,2,4,2,2,4,4,6,4,0,7,1,7,5,7,3,3,3,3,3,3
11,11,51,3.946212180883653e-05,4,5,2,2,2,4,4,0,0,0,1,7,7,5,7,3,3,3,7,6,3
11,11,51,3.946212180883653e-05,5,4,2,5,4,4,4,6,4,0,7,1,1,1,7,7,6,3,3,3,3
11,11,51,3.946212180883653e-05,2,5,4,2,2,4,4,6,4,0,7,1,1,1,7,7,6,3,3,3,3
11,11,51,0.0001183863654265096,5,2,4,2,2,4,6,6,6,6,3,2,5,5,5,5,7,7,6,3,3,3,3
11,11,51,0.0001183863654265096,2,2,2,2,2,4,6,6,6,6,3,2,5,5,5,5,7,7,3,6,7,6,3
11,11,51,0.0001183863654265096,4,5,2,5,4,4,6,6,6,6,3,2,5,5,5,5,7,3,3,7,6,3,3
11,11,51,0.00011226973654613993,5,4,2,2,2,2,5,6,7,6,3,3,6,7,3
11,11,51,0.0001183863654265096,5,4,2,2,2,4,4,0,0,0,7,7,1,5,7,3,3,3,3,3,3
11,11,51,3.946212180883653e-05,2,2,2,2,2,4,4,0,6,4,1,7,7,5,7,3,3,3,3,3,3
11,11,51,7.892424361767306e-05,2,2,2,2,2,4,4,0,6,4,7,1,7,5,7,3,3,3,6,7,3
11,11,51,3.946212180883653e-05,5,4,2,2,2,4,4,0,0,0,1,7,5,7,7,7,6,3,3,3,3
11,11,51,0.0001183863654265096,5,4,2,2,2,4,4,0,6,4,7,1,1,1,7,3,7,6,3,3,3
11,11,51,0.0005524697053237114,2,2,2,2,2,4,4,0,0,0,7,5,7,1,7,3,7,6,3,3,3
11,11,51,0.0005524697053237114,2,5,4,2,2,4,4,0,0,0,1,7,1,1,7,3,3,3,3,3,3
11,11,51,0.00031569697447069226,5,4,2,2,2,4,6,6,6,6,3,2,5,5,5,5,7,7,6,7,6,3,3
11,11,51,9.234136503267748e-06,4,0,4,0,4,6,4,1,7,1,1,7,7,1,1
11,11,51,3.946212180883653e-05,5,4,2,2,2,4,4,6,0,4,7,1,1,1,7,3,3,3,3,3,3
11,11,51,0.0003946212180883653,2,2,2,2,2,4,0,4,0,0,7,1,1,1,7,3,3,3,7,6,3
11,11,51,0.001854719725015318,2,2,2,2,2,4,6,6,6,6,3,2,5,5,5,5,7,7,3,6,3,3,3
11,11,51,3.946212180883653e-05,2,2,2,5,4,4,4,0,6,4,7,1,1,1,7,3,3,3,7,6,3
11,11,51,4.617068251633874e-06,0,4,4,0,4,0,0,1,7,7,5,7,7,1,1
11,11,51,7.892424361767306e-05,2,2,5,4,2,4,6,6,6,6,3,2,5,5,5,5,7,3,7,6,7,6,3
11,11,51,3.725224298754169e-05,2,5,2,4,2,2,5,6,7,3,6,3,3,3,3
11,11,51,3.946212180883653e-05,2,5,2,2,4,4,4,0,0,0,7,1,1,1,7,7,6,3,3,3,3
11,11,51,3.946212180883653e-05,2,2,5,4,2,4,4,6,4,0,1,1,1,7,7,3,3,3,3,3,3
11,11,51,7.347847080805363e-05,4,5,2,2,2,2,5,6,3,7,3,6,3,3,3
11,11,51,0.0011507943961892913,5,4,2,2,2,2,5,6,3,7,6,3,3,3,3
11,11,51,3.946212180883653e-05,2,2,2,2,2,4,4,0,0,0,7,7,5,1,7,3,7,6,6,7,3
11,11,51,4.4197576425896915e-06,0,4,4,4,0,0,0,1,7,5,7,1,7,7,1
11,11,51,7.892424361767306e-05,4,5,2,2,2,4,4,0,0,0,1,1,7,1,7,3,3,3,3,3,3
11,11,51,0.005879856149516648,2,2,2,2,2,4,0,4,0,0,7,1,1,1,7,3,3,3,3,3,3
11,11,51,3.946212180883653e-05,2,2,5,4,2,4,0,0,4,0,1,7,1,1,7,3,3,3,3,3,3
11,11,51,3.946212180883653e-05,4,5,2,2,2,4,4,0,0,0,7,1,5,7,7,7,3,6,3,3,3
11,11,51,0.0001271074943462625,0,4,4,4,0,0,0,7,1,7,5,7,7,1,1
11,11,51,3.946212180883653e-05,5,4,5,2,4,4,4,0,0,0,7,1,1,1,7,3,3,3,3,3,3
11,11,51,0.00018543251037972288,5,4,2,2,2,2,5,6,3,7,6,7,6,3,3
11,11,51,9.956293332369457e-05,4,0,4,0,4,0,0,7,1,1,1,7,7,1,1
11,11,51,3.946212180883653e-05,2,2,2,2,2,4,0,0,4,0,7,1,1,1,7,3,7,6,3,3,3
11,11,51,7.892424361767306e-05,5,4,2,2,2,4,4,0,6,4,7,1,1,1,7,3,3,7,6,3,3
11,11,51,0.0008144981941343861,2,5,4,2,2,2,5,6,3,3,3,3,6,7,3
11,11,51,3.946212180883653e-05,2,5,4,2,2,4,4,0,0,0,1,7,1,1,7,3,3,3,6,7,3
11,11,51,0.0001183863654265096,2,5,4,2,2,4,6,6,6,6,3,2,5,5,5,5,7,3,7,3,6,3,3
11,11,51,0.0005130075835148748,2,2,5,4,2,4,4,0,0,0,7,1,1,1,7,7,6,3,3,3,3
11,11,51,2.2375023065610316e-05,4,0,4,4,6,4,0,7,1,1,5,7,7,7,1
11,11,51,9.155212259650075e-06,4,0,4,4,0,0,0,1,7,1,1,7,1,7,1
11,11,51,0.0009616129842377288,2,2,2,2,2,2,5,6,3,7,3,6,3,3,3
11,11,51,3.946212180883653e-05,2,2,2,2,2,4,4,0,0,0,1,7,7,5,7,7,6,3,3,3,3
11,11,51,3.946212180883653e-05,2,2,5,4,2,4,4,0,0,0,7,5,7,1,7,3,3,7,6,3,3
11,11,51,3.946212180883653e-05,2,2,5,2,4,4,4,0,0,0,7,5,7,1,7,3,3,3,3,3,3
11,11,51,3.946212180883653e-05,2,5,2,2,4,4,4,0,0,0,7,1,1,1,7,3,3,3,6,7,3
11,11,51,4.301371277163182e-06,0,4,4,4,0,0,0,7,5,7,1,7,1,7,1
11,11,51,3.946212180883653e-05,2,2,5,4,2,4,0,4,0,0,7,1,5,7,7,7,6,3,3,3,3
11,11,51,1.6850326012373198e-05,4,0,4,4,0,0,0,1,7,5,7,7,7,1,1
11,11,51,0.00019731060904418267,2,2,5,2,4,4,6,6,6,6,3,2,5,5,5,5,7,3,7,6,3,3,3
11,11,51,1.3574969902239766e-05,4,0,4,4,6,4,0,7,1,7,5,7,7,1,1
11,11,51,3.946212180883653e-05,2,5,4,2,2,4,4,0,0,0,7,1,5,7,7,7,3,6,7,6,3
11,11,51,7.892424361767306e-05,2,2,2,2,2,4,0,4,0,0,7,5,7,1,7,3,7,6,3,3,3
11,11,51,3.946212180883653e-05,2,2,2,5,4,4,4,6,4,0,7,1,1,1,7,7,6,7,6,3,3
11,11,51,3.733116723115936e-05,4,5,2,5,4,2,5,6,7,6,3,3,3,3,3
11,11,51,3.946212180883653e-05,2,2,2,2,2,4,6,4,4,0,7,5,7,1,7,3,3,7,6,3,3
11,11,51,0.010472339499263591,2,5,4,2,2,2,5,6,3,3,3,3,3,3,3
11,11,51,0.0011862708436954352,2,2,2,5,4,2,5,6,3,3,7,6,3,3,3
11,11,51,7.892424361767306e-05,2,2,2,5,4,4,4,6,4,0,7,1,7,5,7,3,3,3,3,3,3
11,11,51,0.0001183863654265096,5,4,5,4,2,4,6,6,6,6,3,2,5,5,5,5,7,3,3,3,7,6,3
11,11,51,3.946212180883653e-05,2,2,2,2,2,4,0,4,0,0,1,7,1,1,7,3,3,3,6,7,3
11,11,51,0.00031569697447069226,2,2,2,2,2,4,4,0,0,0,7,7,1,5,7,3,3,3,3,3,3
11,11,51,3.693654601307099e-05,5,4,5,4,2,2,5,6,7,6,3,7,3,6,3
11,11,51,3.7173318743924014e-05,2,2,2,2,2,2,5,6,7,3,3,3,6,3,3
11,11,51,0.012943575953298292,2,2,2,2,2,4,6,6,6,6,3,2,5,5,5,5,7,3,3,3,6,7,3
11,11,51,1.0102303183062153e-05,0,4,4,4,0,6,4,7,1,1,1,7,1,7,1
11,11,51,3.7173318743924014e-05,4,5,2,5,4,2,5,6,3,3,3,7,3,6,3
11,11,51,0.0009865530452209136,5,4,2,2,2,4,6,6,6,6,3,2,5,5,5,5,7,3,3,3,7,6,3
11,11,51,3.946212180883653e-05,4,5,2,2,2,4,4,0,0,0,1,7,1,1,7,3,7,6,7,6,3
11,11,51,3.6541924794982626e-05,2,5,2,4,2,2,5,6,7,6,3,3,7,6,3
11,11,51,0.00031569697447069226,2,2,2,2,2,4,4,0,0,0,1,7,1,1,7,3,7,6,3,3,3
11,11,51,0.00031569697447069226,2,2,5,4,2,4,0,4,0,0,7,1,1,1,7,3,3,3,3,3,3
11,11,51,0.0001183863654265096,2,2,2,2,2,4,4,6,4,0,7,1,1,1,7,7,6,3,6,7,3
11,11,51,0.0006708560707502211,2,2,2,5,4,4,4,0,6,4,7,1,1,1,7,3,3,3,3,3,3
11,11,51,3.946212180883653e-05,2,5,2,4,2,4,4,6,4,0,7,1,1,1,7,7,6,3,3,3,3
11,11,51,3.946212180883653e-05,2,2,2,2,2,4,4,6,4,0,7,1,1,1,7,7,3,6,3,3,3
11,11,51,9.470909234120768e-06,0,4,4,4,6,4,0,7,5,7,1,7,7,1,1
11,11,51,0.00047354546170603833,2,2,2,2,2,4,4,0,6,4,7,1,1,1,7,3,3,3,6,7,3
11,11,51,3.946212180883653e-05,2,2,5,2,4,4,0,4,0,0,7,1,1,1,7,7,6,3,3,3,3
11,11,51,0.0010007199469502857,2,5,4,2,2,2,5,6,3,3,3,7,6,3,3
11,11,51,3.946212180883653e-05,4,5,2,2,2,4,4,0,0,0,1,7,1,1,7,3,7,6,3,3,3
11,11,51,3.946212180883653e-05,5,4,2,2,2,4,4,0,0,0,7,1,1,1,7,3,7,3,6,3,3
11,11,51,0.0001183863654265096,2,5,2,4,2,4,4,0,0,0,1,7,1,1,7,3,3,3,3,3,3
11,11,51,3.946212180883653e-05,5,4,5,2,4,4,6,6,6,6,3,2,5,5,5,5,7,3,7,6,3,3,3
11,11,51,0.0016179469941622986,2,2,2,2,2,4,6,6,6,6,3,2,5,5,5,5,7,7,6,3,6,7,3
11,11,51,4.301371277163182e-06,4,0,4,4,0,6,4,7,5,1,7,1,7,7,1
11,11,51,3.946212180883653e-05,2,2,2,5,4,4,4,0,6,4,1,1,7,1,7,3,3,3,7,6,3
11,11,51,3.946212180883653e-05,2,2,2,2,2,4,0,6,4,4,7,1,1,1,7,3,3,3,3,3,3
11,11,51,7.892424361767306e-05,2,2,5,4,2,4,4,0,0,0,1,7,7,5,7,3,3,3,7,6,3
11,11,51,0.0007804029208915513,2,5,4,2,2,2,5,6,3,3,3,3,7,6,3
11,11,51,3.946212180883653e-05,5,4,2,2,2,4,4,0,0,0,1,7,1,1,7,3,3,7,3,6,3
11,11,51,3.946212180883653e-05,2,5,2,4,2,4,6,6,6,6,3,2,5,5,5,5,7,3,7,6,7,6,3
11,11,51,7.892424361767306e-05,2,2,2,2,2,4,4,0,0,0,7,1,5,7,7,3,7,6,6,7,3
11,11,51,3.946212180883653e-05,5,4,5,2,4,4,6,6,6,6,3,2,5,5,5,5,7,3,3,3,3,3,3
11,11,51,0.00019731060904418267,5,4,2,5,4,4,6,6,6,6,3,2,5,5,5,5,7,3,7,6,3,3,3
11,11,51,4.4197576425896915e-06,4,0,4,4,0,6,4,1,7,1,1,7,7,1,1
11,11,51,7.892424361767306e-05,2,5,4,2,2,4,4,0,0,0,7,1,1,1,7,7,3,6,3,3,3
11,11,51,3.946212180883653e-05,2,2,2,2,2,4,4,0,6,4,1,7,1,1,7,7,6,3,3,3,3
11,11,51,7.892424361767306e-05,2,2,2,5,4,4,6,6,6,6,3,2,5,5,5,5,7,7,6,7,6,3,3
11,11,51,4.577606129825038e-06,0,4,4,4,0,6,4,7,7,5,1,1,7,7,1
11,11,51,3.946212180883653e-05,4,5,5,2,4,4,6,6,6,6,3,2,5,5,5,5,7,3,3,3,3,3,3
11,11,51,7.892424361767306e-05,2,2,2,2,2,4,4,0,0,0,1,7,1,1,7,7,6,3,7,6,3
11,11,51,1.4087977485754642e-05,0,4,4,4,6,4,0,1,7,1,1,7,7,1,1
11,11,51,3.946212180883653e-05,2,5,4,2,2,4,6,6,6,6,3,2,5,5,5,5,7,7,3,6,6,7,3
11,11,51,0.0006313939489413845,2,2,2,2,2,4,4,0,0,0,7,1,1,1,7,3,7,3,6,3,3
11,11,51,0.0006313939489413845,5,4,2,2,2,4,4,0,0,0,7,1,1,1,7,3,7,6,3,3,3
11,11,51,0.0010392744399575187,5,4,2,2,2,2,5,6,3,3,7,6,3,3,3
11,11,51,0.000591931827132548,5,4,2,2,2,4,4,0,0,0,7,1,1,1,7,7,6,3,3,3,3
11,11,51,3.946212180883653e-05,5,2,2,4,2,4,4,0,0,0,7,1,1,1,7,3,3,3,3,3,3
11,11,51,3.946212180883653e-05,2,2,2,2,2,4,0,4,0,0,7,7,1,5,7,3,3,3,3,3,3
11,11,51,3.946212180883653e-05,5,4,2,2,2,4,4,0,0,0,7,5,1,7,7,3,3,3,3,3,3
11,11,51,3.946212180883653e-05,2,2,5,2,4,4,6,6,6,6,3,2,5,5,5,5,7,3,3,3,7,6,3
11,11,51,3.946212180883653e-05,4,5,5,4,2,4,4,0,6,4,7,1,1,1,7,3,3,3,3,3,3
11,11,51,0.0014098237637424939,2,5,4,2,2,2,5,6,7,6,3,3,3,3,3
11,11,51,7.505695568040708e-05,2,5,4,5,4,2,5,6,7,6,3,3,3,3,3
11,11,51,7.892424361767306e-05,2,5,4,2,2,4,0,0,4,0,7,1,1,1,7,3,3,3,3,3,3
11,11,51,0.0002234739958034413,5,4,5,4,2,2,5,6,3,7,6,3,3,3,3
11,11,51,3.946212180883653e-05,2,2,2,2,2,4,0,4,0,0,1,7,1,1,7,3,7,6,3,3,3
11,11,51,0.00040776210465070785,4,5,2,2,2,2,5,6,3,3,3,3,6,7,3
11,11,51,3.946212180883653e-05,2,2,2,5,4,4,4,0,0,0,7,5,7,1,7,7,6,3,7,6,3
11,11,51,0.00011100694864825717,4,5,2,2,2,2,5,6,7,6,3,3,6,7,3
11,11,51,7.892424361767306e-05,5,4,5,4,2,4,4,0,0,0,7,1,7,5,7,3,3,3,3,3,3
11,11,51,7.892424361767306e-05,2,2,2,2,2,4,4,0,0,0,7,5,1,7,7,3,3,3,6,7,3
11,11,51,3.946212180883653e-05,5,4,2,2,2,4,4,0,0,0,7,1,7,5,7,3,3,3,6,7,3
11,11,51,0.0013811742633092793,4,5,2,5,4,4,6,6,6,6,3,2,5,5,5,5,7,3,3,3,3,3,3
11,11,51,3.733116723115936e-05,5,4,5,4,2,2,5,6,3,3,7,6,3,3,3
11,11,51,5.051151591531076e-06,4,0,4,0,4,0,0,7,1,1,1,1,7,7,1
11,11,51,7.892424361767306e-05,5,2,4,2,2,4,6,6,6,6,3,2,5,5,5,5,7,3,3,7,6,3,3
11,11,51,0.001223325776073933,2,5,4,2,2,4,6,6,6,6,3,2,5,5,5,5,7,3,3,3,6,7,3
11,11,51,0.00047354546170603833,2,2,2,5,4,4,4,0,0,0,7,1,1,1,7,3,3,7,6,3,3
11,11,51,0.0008901865437637346,2,2,2,2,2,2,5,6,7,6,3,7,6,3,3
11,11,51,3.946212180883653e-05,2,2,2,2,2,4,4,0,6,4,7,1,5,7,7,3,7,3,3,6,3
11,11,51,3.946212180883653e-05,5,4,2,2,2,4,4,0,0,0,7,7,5,1,7,7,6,3,3,3,3
11,11,51,7.892424361767306e-05,4,5,2,2,2,4,6,6,6,6,3,2,5,5,5,5,7,7,3,3,6,3,3
11,11,51,7.458341021870104e-05,5,2,4,2,2,2,5,6,7,6,3,3,3,3,3
11,11,51,0.000591931827132548,5,4,2,2,2,4,0,4,0,0,7,1,1,1,7,3,3,3,3,3,3
11,11,51,7.892424361767306e-05,2,2,2,2,2,4,4,0,6,4,1,7,1,1,7,3,3,7,6,3,3
11,11,51,3.946212180883653e-05,2,2,2,2,2,4,4,0,0,0,7,1,7,5,7,7,3,3,6,3,3
11,11,51,3.946212180883653e-05,2,2,5,4,2,4,4,6,4,0,7,5,7,1,7,3,3,3,3,3,3
11,11,51,3.946212180883653e-05,2,5,4,2,2,4,4,0,0,0,7,7,1,5,7,3,7,6,3,3,3
11,11,51,0.006274477367605014,2,2,2,2,2,4,4,0,0,0,7,1,1,1,7,3,3,7,6,3,3
11,11,51,3.725224298754169e-05,5,2,4,2,2,2,5,6,3,7,6,3,3,3,3
11,11,51,0.0001183863654265096,2,5,4,2,2,4,4,0,0,0,7,5,7,1,7,7,6,3,3,3,3
11,11,51,3.946212180883653e-05,5,4,2,2,2,4,4,0,6,4,7,1,1,1,7,3,3,3,7,6,3
11,11,51,3.946212180883653e-05,2,2,2,2,2,4,4,6,4,0,7,5,1,7,7,3,3,7,3,6,3
11,11,51,3.946212180883653e-05,5,2,4,2,2,4,4,0,0,0,7,1,1,1,7,7,6,7,6,3,3
