MapHeight,MapWidth,Scene,Probability,Obs0,Obs1,Obs2,Obs3,Obs4,Obs5,Obs6,Obs7,Obs8,Obs9,Obs10,Obs11,Obs12,Obs13,Obs14,Obs15,Obs16,Obs17,Obs18,Obs19,Obs20,Obs21,Obs22,Obs23,Obs24,Obs25
11,11,84,0.008256914910582964,78,79,80,81,82,83,84,85,74,63,52,41,30,29,28,27,38,37,36,35,46,57,68,79,78,77
11,11,84,0.004200040758656409,78,79,80,81,82,83,84,73,62,51,52,41,30,41,52,51,62,73,84,83,82,81,80,79,78,77
11,11,84,0.0032653998045175272,18,29,40,51,62,73,84,83,94,93,92,91,90,79,80,69,58,47,36,37,26,27,28,29,18,7
11,11,84,0.0017946145170127659,78,79,80,81,82,83,84,85,74,63,52,41,30,29,28,27,26,25,36,35,46,57,68,79,78,77
11,11,84,0.00046391174833777853,78,79,80,81,82,83,84,73,62,63,52,41,30,41,40,39,38,37,36,47,58,69,80,79,78,77
11,11,84,0.0004201663962814345,78,79,80,81,82,83,84,73,62,63,52,41,30,29,28,27,38,37,36,47,58,57,68,79,78,77
11,11,84,0.00010250534257358543,18,29,40,51,62,73,84,83,82,81,80,91,90,79,68,69,58,47,36,37,38,39,28,29,18,7
11,11,84,0.004077894645771809,78,79,80,81,82,83,84,85,74,63,52,41,30,41,40,39,38,37,36,47,58,57,68,79,78,77
11,11,84,0.0004566073296270717,18,29,40,51,62,73,84,83,82,81,80,91,90,79,80,69,58,47,36,37,26,27,28,29,18,7
11,11,84,0.0001649175424461802,78,79,80,81,82,83,84,73,62,63,52,41,30,29,28,27,38,37,36,47,58,69,68,79,78,77
11,11,84,0.0021392207597423314,78,79,80,81,82,83,84,73,62,63,52,41,30,41,52,63,74,85,84,83,82,81,80,79,78,77
11,11,84,0.0033483455369879974,18,29,40,51,62,73,84,95,94,93,92,91,90,79,80,69,58,47,36,37,38,27,28,29,18,7
11,11,84,0.00029639707923890255,78,79,80,81,82,83,84,73,62,51,52,41,30,29,28,27,26,37,36,35,46,57,68,79,78,77
11,11,84,0.0040504624955027095,78,79,80,81,82,83,84,73,74,63,52,41,30,29,28,39,38,37,36,47,46,57,68,79,78,77
11,11,84,3.976850186940369e-05,18,29,40,51,62,73,84,83,82,81,80,91,90,79,68,57,46,47,36,37,38,27,28,29,18,7
11,11,84,0.002079162205898744,78,79,80,81,82,83,84,73,62,51,40,41,30,41,40,51,62,73,84,83,82,81,80,79,78,77
11,11,84,0.0006805283432141835,78,79,80,81,82,83,84,73,74,63,52,41,30,29,28,27,26,37,36,47,58,57,68,79,78,77
11,11,84,0.0010916859564190791,18,29,40,51,62,73,84,83,94,93,92,91,90,91,80,69,58,47,36,37,38,39,40,29,18,7
11,11,84,0.0034613205463802617,18,29,40,51,62,73,84,83,82,81,92,91,90,91,80,81,82,83,84,73,62,51,40,29,18,7
11,11,84,0.0001611030126750333,78,79,80,81,82,83,84,73,62,51,40,29,30,29,28,27,26,25,36,47,46,57,68,79,78,77
11,11,84,0.004334360902725515,78,79,80,81,82,83,84,73,62,63,52,41,30,41,52,63,62,73,84,83,82,81,80,79,78,77
11,11,84,6.0383194675176215e-05,18,29,40,51,62,73,84,83,82,81,80,79,90,79,68,57,58,47,36,37,38,39,28,29,18,7
11,11,84,0.003439569610663935,18,29,40,51,62,73,84,83,82,93,92,91,90,91,92,93,82,83,84,73,62,51,40,29,18,7
11,11,84,0.00014211152402719563,18,29,40,51,62,73,84,83,94,93,92,91,90,79,68,57,46,35,36,37,38,39,40,29,18,7
11,11,84,0.001032033203614974,18,29,40,51,62,73,84,83,94,93,92,91,90,79,68,69,58,47,36,37,38,39,40,29,18,7
11,11,84,0.00024080233682963417,18,29,40,51,62,73,84,83,82,81,92,91,90,79,68,57,58,47,36,37,38,27,28,29,18,7
11,11,84,0.0015642818470018094,18,29,40,51,62,73,84,83,94,93,92,91,90,91,80,69,58,47,36,37,38,27,28,29,18,7
11,11,84,0.004170336122566199,78,79,80,81,82,83,84,85,74,63,52,41,30,29,28,39,38,37,36,47,58,57,68,79,78,77
11,11,84,0.0003031333764943322,18,29,40,51,62,73,84,83,82,81,80,91,90,79,68,57,46,47,36,25,26,27,28,29,18,7
11,11,84,8.400081517312821e-05,18,29,40,51,62,73,84,83,82,81,80,91,90,91,80,69,58,47,36,37,38,39,28,29,18,7
11,11,84,9.852849238664506e-05,78,79,80,81,82,83,84,73,62,51,52,41,30,29,28,27,38,37,36,47,58,69,68,79,78,77
11,11,84,8.180948955991617e-05,18,29,40,51,62,73,84,83,82,81,80,91,90,79,68,57,58,47,36,37,38,27,28,29,18,7
11,11,84,0.0336022739142409,78,79,80,81,82,83,84,85,74,63,52,41,30,41,40,51,62,73,84,83,82,81,80,79,78,77
11,11,84,2.0371212182082297e-05,78,79,80,81,82,83,84,73,62,51,40,29,30,29,28,27,26,37,36,47,58,69,68,79,78,77
11,11,84,0.00036359773137740515,78,79,80,81,82,83,84,73,62,51,40,29,30,29,28,39,38,37,36,47,58,57,68,79,78,77
11,11,84,0.00020874405471042103,78,79,80,81,82,83,84,85,74,63,52,41,30,29,28,27,26,25,36,47,58,69,80,79,78,77
11,11,84,0.0038507272238688323,18,29,40,51,62,73,84,83,82,81,92,91,90,79,80,81,82,83,84,73,62,51,40,29,18,7
11,11,84,0.00056601128987188,78,79,80,81,82,83,84,73,62,51,40,41,30,41,40,39,38,37,36,47,46,57,68,79,78,77
11,11,84,0.0005100919066310249,18,29,40,51,62,73,84,83,82,93,92,91,90,79,68,69,58,47,36,37,38,39,28,29,18,7
11,11,84,0.0045487050117808125,78,79,80,81,82,83,84,85,74,63,52,41,30,29,40,39,38,37,36,47,58,57,68,79,78,77
11,11,84,1.785524573728329e-05,78,79,80,81,82,83,84,73,62,51,40,41,30,29,28,27,26,37,36,47,58,57,68,79,78,77
11,11,84,0.000967997799584444,18,29,40,51,62,73,84,83,82,81,92,91,90,79,68,57,58,47,36,25,26,27,28,29,18,7
11,11,84,0.003802274579754476,18,29,40,51,62,73,84,83,94,93,92,91,90,91,92,93,94,95,84,73,62,51,40,29,18,7
11,11,84,0.00014349124756144025,18,29,40,51,62,73,84,95,94,93,92,91,90,79,68,57,46,35,36,37,38,39,40,29,18,7
11,11,84,0.00010177490070251473,18,29,40,51,62,73,84,83,82,81,92,91,90,91,80,69,58,47,36,37,38,39,40,29,18,7
11,11,84,0.00026937073000928745,18,29,40,51,62,73,84,83,82,81,92,91,90,79,80,69,58,47,36,37,38,39,28,29,18,7
11,11,84,0.00019941063080229564,18,29,40,51,62,73,84,83,82,81,92,91,90,79,68,57,46,47,36,37,38,27,28,29,18,7
11,11,84,0.01669035327334131,78,79,80,81,82,83,84,73,74,63,52,41,30,29,40,51,62,73,84,83,82,81,80,79,78,77
11,11,84,0.0003611629251405029,18,29,40,51,62,73,84,83,82,93,92,91,90,79,80,69,58,47,36,37,38,39,28,29,18,7
11,11,84,8.140368852043245e-05,18,29,40,51,62,73,84,83,82,81,80,91,90,79,68,57,46,35,36,37,26,27,28,29,18,7
11,11,84,0.0024432468985235265,78,79,80,81,82,83,84,73,62,63,52,41,30,41,40,39,38,37,36,47,46,57,68,79,78,77
11,11,84,0.00016345665870403883,18,29,40,51,62,73,84,83,82,81,92,91,90,79,68,69,58,47,36,37,38,39,28,29,18,7
11,11,84,6.127595696204037e-05,78,79,80,81,82,83,84,73,62,63,52,41,30,29,28,27,26,25,36,47,58,69,80,79,78,77
11,11,84,0.0002054976463945513,78,79,80,81,82,83,84,73,62,51,52,41,30,29,28,27,26,25,36,35,46,57,68,79,78,77
11,11,84,8.229645080729662e-05,78,79,80,81,82,83,84,73,62,63,52,41,30,29,28,27,26,25,36,47,58,69,68,79,78,77
11,11,84,0.00010104445883144407,18,29,40,51,62,73,84,83,82,81,92,91,90,79,68,69,58,47,36,37,38,39,40,29,18,7
11,11,84,0.0004905322965279101,18,29,40,51,62,73,84,83,82,81,80,79,90,79,80,69,58,47,36,37,26,27,28,29,18,7
11,11,84,0.002371257794119118,78,79,80,81,82,83,84,85,74,63,52,41,30,29,28,39,38,37,36,47,58,69,80,79,78,77
11,11,84,0.000370577509256525,18,29,40,51,62,73,84,95,94,93,92,91,90,79,68,57,46,47,36,37,38,39,40,29,18,7
11,11,84,0.00014706229670889692,78,79,80,81,82,83,84,73,62,63,52,41,30,29,28,27,26,25,36,47,58,57,68,79,78,77
11,11,84,6.0302034467279474e-05,18,29,40,51,62,73,84,83,82,81,92,91,90,79,68,57,46,35,36,37,38,27,28,29,18,7
11,11,84,0.008843622053468512,78,79,80,81,82,83,84,73,62,63,52,41,30,41,52,51,62,73,84,83,82,81,80,79,78,77
11,11,84,0.0019724365325145266,78,79,80,81,82,83,84,85,74,63,52,41,30,29,40,39,38,37,36,47,58,69,68,79,78,77
11,11,84,0.0009454352617891498,18,29,40,51,62,73,84,83,94,93,92,91,90,79,68,69,58,47,36,37,38,39,28,29,18,7
11,11,84,0.0011032107059404175,78,79,80,81,82,83,84,73,62,51,40,29,30,29,28,39,38,37,36,35,46,57,68,79,78,77
11,11,84,0.004175611536079489,78,79,80,81,82,83,84,85,74,63,52,41,30,29,28,27,26,25,24,35,46,57,68,79,78,77
11,11,84,0.001894928533973137,18,29,40,51,62,73,84,95,94,93,92,91,90,79,80,69,58,47,36,37,38,39,40,29,18,7
11,11,84,0.000652284590866117,78,79,80,81,82,83,84,73,62,51,40,41,30,29,40,39,38,37,36,47,46,57,68,79,78,77
11,11,84,0.004291670633371827,78,79,80,81,82,83,84,73,74,63,52,41,30,41,52,63,74,73,84,83,82,81,80,79,78,77
11,11,84,0.004105326796040909,78,79,80,81,82,83,84,73,62,51,52,41,30,41,40,51,62,73,84,83,82,81,80,79,78,77
11,11,84,0.015325319736725997,78,79,80,81,82,83,84,85,74,63,52,41,30,29,40,39,38,37,36,35,46,57,68,79,78,77
11,11,84,9.869081280243853e-05,18,29,40,51,62,73,84,83,82,81,80,79,90,79,68,69,58,47,36,37,38,39,40,29,18,7
11,11,84,0.008068055106807257,78,79,80,81,82,83,84,73,62,63,52,41,30,29,40,51,62,73,84,83,82,81,80,79,78,77
11,11,84,0.0002653938798223471,78,79,80,81,82,83,84,73,62,51,40,41,30,29,28,39,38,37,36,47,58,57,68,79,78,77
11,11,84,0.001940297090187417,78,79,80,81,82,83,84,73,74,63,52,41,30,29,28,27,26,25,24,35,46,57,68,79,78,77
11,11,84,0.00014341008735354352,18,29,40,51,62,73,84,83,82,81,80,79,90,91,80,69,58,47,36,37,38,27,28,29,18,7
11,11,84,0.003491430983509957,18,29,40,51,62,73,84,83,94,93,92,91,90,79,68,57,58,47,36,25,26,27,28,29,18,7
11,11,84,0.008191824423849775,78,79,80,81,82,83,84,73,74,63,52,41,30,41,52,63,62,73,84,83,82,81,80,79,78,77
11,11,84,0.0003816964577383787,18,29,40,51,62,73,84,83,82,93,92,91,90,79,68,57,46,35,36,25,26,27,28,29,18,7
11,11,84,0.0008991739432880069,78,79,80,81,82,83,84,73,62,63,52,41,30,29,28,27,38,37,36,47,46,57,68,79,78,77
11,11,84,0.001006548898335397,78,79,80,81,82,83,84,73,62,51,52,41,30,29,28,39,38,37,36,47,46,57,68,79,78,77
11,11,84,0.0006259886835075728,18,29,40,51,62,73,84,83,82,81,92,91,90,91,92,93,94,83,84,73,62,51,40,29,18,7
11,11,84,0.01566465056594235,18,29,40,51,62,73,84,95,94,93,92,91,90,91,80,69,58,47,36,25,26,27,28,29,18,7
11,11,84,0.0003946009307939608,18,29,40,51,62,73,84,83,94,93,92,91,90,79,68,57,46,47,36,37,38,27,28,29,18,7
11,11,84,0.0006363771901183558,18,29,40,51,62,73,84,83,82,81,92,91,90,79,80,69,58,47,36,37,38,27,28,29,18,7
11,11,84,0.0005887361480829681,78,79,80,81,82,83,84,73,62,51,40,29,30,29,40,39,38,37,36,47,46,57,68,79,78,77
11,11,84,0.0008335153350995425,18,29,40,51,62,73,84,83,94,93,92,91,90,79,68,57,46,47,36,37,26,27,28,29,18,7
11,11,84,0.0010412043071073055,18,29,40,51,62,73,84,83,82,93,92,91,90,91,80,69,58,47,36,37,38,27,28,29,18,7
11,11,84,0.00165323343485664,78,79,80,81,82,83,84,85,74,63,52,41,30,29,28,27,38,37,36,47,58,57,68,79,78,77
11,11,84,0.0005440980337397596,78,79,80,81,82,83,84,73,62,63,52,41,30,29,28,27,26,37,36,47,46,57,68,79,78,77
11,11,84,0.001067581374673747,18,29,40,51,62,73,84,83,82,81,80,91,90,79,80,69,58,47,36,25,26,27,28,29,18,7
11,11,84,0.0074743681860425714,18,29,40,51,62,73,84,95,94,93,92,91,90,79,68,69,58,47,36,37,26,27,28,29,18,7
11,11,84,4.3014910185273374e-05,18,29,40,51,62,73,84,83,82,81,80,91,90,79,68,57,46,47,36,37,38,39,40,29,18,7
11,11,84,0.0004306360631001143,18,29,40,51,62,73,84,83,82,81,80,79,90,91,92,93,94,95,84,73,62,51,40,29,18,7
11,11,84,0.0003835631425200037,78,79,80,81,82,83,84,73,62,51,40,29,30,29,28,27,38,37,36,35,46,57,68,79,78,77
11,11,84,0.00044516374031363114,78,79,80,81,82,83,84,73,62,51,40,29,30,29,28,39,38,37,36,47,46,57,68,79,78,77
11,11,84,6.168175800152409e-05,18,29,40,51,62,73,84,83,82,81,92,91,90,79,68,57,46,35,36,37,38,39,28,29,18,7
11,11,84,0.0025871439471244523,78,79,80,81,82,83,84,73,74,63,52,41,30,29,28,27,26,37,36,35,46,57,68,79,78,77
11,11,84,0.0009103740519777574,18,29,40,51,62,73,84,95,94,93,92,91,90,79,68,57,58,47,36,37,38,39,40,29,18,7
11,11,84,0.0008427675987997712,18,29,40,51,62,73,84,95,94,93,92,91,90,79,68,57,46,47,36,37,38,27,28,29,18,7
11,11,84,0.00847231410234091,78,79,80,81,82,83,84,73,74,63,52,41,30,29,28,39,38,37,36,35,46,57,68,79,78,77
11,11,84,0.0017892579432915805,78,79,80,81,82,83,84,73,74,63,52,41,30,29,40,39,38,37,36,47,58,57,68,79,78,77
11,11,84,0.0002572778590326729,18,29,40,51,62,73,84,83,94,93,92,91,90,79,68,57,46,35,36,37,38,27,28,29,18,7
11,11,84,5.965275280410553e-05,78,79,80,81,82,83,84,73,62,51,40,41,30,29,28,27,26,37,36,47,58,69,68,79,78,77
11,11,84,0.00020346864119713274,18,29,40,51,62,73,84,83,82,81,80,91,90,79,68,57,46,35,36,25,26,27,28,29,18,7
11,11,84,0.0008910579224983328,78,79,80,81,82,83,84,85,74,63,52,41,30,29,28,27,38,37,36,47,58,69,68,79,78,77
11,11,84,0.008487815702049198,78,79,80,81,82,83,84,85,74,63,52,41,30,29,28,39,38,37,36,47,46,57,68,79,78,77
11,11,84,8.03486058177748e-05,18,29,40,51,62,73,84,83,82,81,80,79,90,79,68,57,46,35,36,37,26,27,28,29,18,7
11,11,84,0.0009637774687738138,18,29,40,51,62,73,84,83,82,81,92,91,90,79,68,69,58,47,36,37,26,27,28,29,18,7
11,11,84,0.0002641764767038959,78,79,80,81,82,83,84,73,62,51,40,29,30,29,28,27,26,37,36,35,46,57,68,79,78,77
11,11,84,4.3096070393170116e-05,18,29,40,51,62,73,84,83,82,81,92,91,90,79,68,57,58,47,36,37,38,39,40,29,18,7
11,11,84,0.0005860578612223755,78,79,80,81,82,83,84,73,62,51,40,41,30,29,28,27,38,37,36,35,46,57,68,79,78,77
11,11,84,0.004135193752546909,78,79,80,81,82,83,84,73,62,51,52,41,30,29,40,51,62,73,84,83,82,81,80,79,78,77
11,11,84,0.0008391965496523146,78,79,80,81,82,83,84,73,62,51,52,41,30,41,52,63,74,73,84,83,82,81,80,79,78,77
11,11,84,0.0009065595222066102,18,29,40,51,62,73,84,83,94,93,92,91,90,79,80,69,58,47,36,37,38,39,28,29,18,7
11,11,84,2.0290051974185556e-05,78,79,80,81,82,83,84,73,62,51,40,29,30,29,28,27,26,37,36,47,58,57,68,79,78,77
11,11,84,0.000536793615029053,18,29,40,51,62,73,84,83,82,81,80,91,90,79,68,57,58,47,36,25,26,27,28,29,18,7
11,11,84,0.007915636236377166,18,29,40,51,62,73,84,83,82,93,92,91,90,91,92,81,82,83,84,73,62,51,40,29,18,7
11,11,84,0.00084155019568132,78,79,80,81,82,83,84,73,62,51,52,41,30,41,40,39,38,37,36,47,46,57,68,79,78,77
11,11,84,0.00014267964548247286,78,79,80,81,82,83,84,73,62,51,40,41,30,29,40,39,38,37,36,47,58,69,80,79,78,77
11,11,84,0.004024734709599448,18,29,40,51,62,73,84,83,82,93,92,91,90,79,80,69,58,47,36,25,26,27,28,29,18,7
11,11,84,3.798297729567536e-05,78,79,80,81,82,83,84,73,62,51,40,41,30,29,28,27,38,37,36,47,58,69,80,79,78,77
11,11,84,0.015934427096991045,78,79,80,81,82,83,84,85,74,63,52,41,30,41,52,63,62,73,84,83,82,81,80,79,78,77
11,11,84,0.0038929305319751377,18,29,40,51,62,73,84,83,94,93,92,91,90,79,68,69,58,47,36,37,26,27,28,29,18,7
11,11,84,2.1750935716326918e-05,78,79,80,81,82,83,84,73,62,51,40,41,30,29,28,27,26,25,36,47,58,69,80,79,78,77
11,11,84,0.001599261896605305,18,29,40,51,62,73,84,95,94,93,92,91,90,79,68,57,58,47,36,37,38,27,28,29,18,7
11,11,84,0.0010433144725126215,78,79,80,81,82,83,84,73,74,63,52,41,30,29,28,39,38,37,36,47,58,69,68,79,78,77
11,11,84,0.01616297424242828,78,79,80,81,82,83,84,73,74,63,52,41,30,41,40,51,62,73,84,83,82,81,80,79,78,77
11,11,84,0.0010242418236568866,18,29,40,51,62,73,84,83,82,81,92,91,90,91,80,69,58,47,36,37,26,27,28,29,18,7
11,11,84,0.007695529752561201,18,29,40,51,62,73,84,95,94,93,92,91,90,91,92,93,94,95,84,73,62,51,40,29,18,7
11,11,84,0.00010477782839469421,78,79,80,81,82,83,84,73,62,51,40,41,30,29,40,39,38,37,36,47,58,69,68,79,78,77
11,11,84,0.0007073923720280051,18,29,40,51,62,73,84,83,82,93,92,91,90,79,68,57,46,35,24,25,26,27,28,29,18,7
11,11,84,0.0004785205857591922,18,29,40,51,62,73,84,83,82,81,92,91,90,79,68,57,46,47,36,25,26,27,28,29,18,7
11,11,84,0.014707122433176588,18,29,40,51,62,73,84,83,94,93,92,91,90,91,92,81,82,83,84,73,62,51,40,29,18,7
11,11,84,9.974589550509618e-05,78,79,80,81,82,83,84,73,62,51,40,29,30,29,28,27,26,37,36,47,46,57,68,79,78,77
11,11,84,4.423231330372451e-05,18,29,40,51,62,73,84,83,82,81,80,91,90,79,80,69,58,47,36,37,38,39,40,29,18,7
11,11,84,0.0003698470673854543,18,29,40,51,62,73,84,83,82,81,80,79,90,79,68,57,58,47,36,25,26,27,28,29,18,7
11,11,84,0.0005030309685440082,18,29,40,51,62,73,84,83,82,81,92,91,90,79,68,57,58,47,36,37,26,27,28,29,18,7
11,11,84,4.195982748261573e-05,78,79,80,81,82,83,84,73,62,51,40,41,30,29,28,27,26,25,36,35,46,57,68,79,78,77
11,11,84,0.0010910366747559062,78,79,80,81,82,83,84,73,62,51,40,41,30,41,40,39,38,37,36,35,46,57,68,79,78,77
11,11,84,0.00046715815665364813,78,79,80,81,82,83,84,73,62,51,52,41,30,29,40,39,38,37,36,47,58,57,68,79,78,77
11,11,84,8.140368852043245e-05,18,29,40,51,62,73,84,83,82,93,92,91,90,79,68,57,46,35,36,37,38,39,40,29,18,7
11,11,84,0.0003075160277207563,78,79,80,81,82,83,84,73,62,51,52,41,30,29,40,39,38,37,36,47,58,69,68,79,78,77
11,11,84,7.913120269932366e-05,78,79,80,81,82,83,84,73,62,51,52,41,30,29,28,27,38,37,36,47,58,69,80,79,78,77
11,11,84,0.001680584424917842,78,79,80,81,82,83,84,73,74,63,52,41,30,29,28,27,38,37,36,47,46,57,68,79,78,77
11,11,84,0.00014357240776933697,18,29,40,51,62,73,84,83,82,81,80,91,90,91,80,69,58,47,36,37,38,27,28,29,18,7
11,11,84,0.0004275519752000381,78,79,80,81,82,83,84,73,62,63,52,41,30,29,40,39,38,37,36,47,58,69,80,79,78,77
11,11,84,0.002073156350514383,18,29,40,51,62,73,84,83,94,93,92,91,90,79,68,57,46,47,36,25,26,27,28,29,18,7
11,11,84,6.37919234068394e-05,78,79,80,81,82,83,84,73,62,51,52,41,30,29,28,27,26,37,36,47,58,69,80,79,78,77
11,11,84,6.0464354883072957e-05,78,79,80,81,82,83,84,73,62,51,40,29,30,29,28,27,38,37,36,47,58,57,68,79,78,77
11,11,84,0.000445488381145218,18,29,40,51,62,73,84,83,94,93,92,91,90,79,68,57,58,47,36,37,38,39,40,29,18,7
11,11,84,0.002254630575371498,78,79,80,81,82,83,84,85,74,63,52,41,30,29,40,39,38,37,36,47,58,69,80,79,78,77
11,11,84,0.00041537794401552664,78,79,80,81,82,83,84,73,62,51,40,29,30,29,40,39,38,37,36,47,58,57,68,79,78,77
11,11,84,0.00399876344307249,18,29,40,51,62,73,84,83,82,93,92,91,90,91,80,69,58,47,36,25,26,27,28,29,18,7
11,11,84,7.905004249142692e-05,18,29,40,51,62,73,84,83,82,81,80,91,90,79,68,57,46,47,36,37,26,27,28,29,18,7
11,11,84,5.867883030934462e-05,78,79,80,81,82,83,84,73,62,51,52,41,30,29,28,27,26,37,36,47,58,69,68,79,78,77
11,11,84,0.0017789505968886926,18,29,40,51,62,73,84,83,94,93,92,91,90,79,80,69,58,47,36,37,38,27,28,29,18,7
11,11,84,0.007898998393758334,18,29,40,51,62,73,84,83,82,93,92,91,90,79,80,81,82,83,84,73,62,51,40,29,18,7
11,11,84,0.0006875081210933034,18,29,40,51,62,73,84,83,82,93,92,91,90,79,68,57,46,47,36,25,26,27,28,29,18,7
11,11,84,0.00020306284015764902,18,29,40,51,62,73,84,83,82,81,92,91,90,91,80,69,58,47,36,37,38,39,28,29,18,7
11,11,84,0.00011808810248975994,78,79,80,81,82,83,84,73,62,51,52,41,30,29,28,27,26,25,36,47,58,57,68,79,78,77
11,11,84,0.000104534347771004,18,29,40,51,62,73,84,83,82,93,92,91,90,79,68,57,46,35,36,37,38,27,28,29,18,7
11,11,84,0.00013732307176128782,18,29,40,51,62,73,84,83,82,81,80,79,90,79,68,69,58,47,36,37,38,27,28,29,18,7
11,11,84,0.0006134088512835777,18,29,40,51,62,73,84,83,82,93,92,91,90,79,68,57,58,47,36,37,38,27,28,29,18,7
11,11,84,8.253993143098684e-05,78,79,80,81,82,83,84,73,62,51,40,41,30,29,28,27,26,37,36,47,46,57,68,79,78,77
11,11,84,0.0004069372823942654,78,79,80,81,82,83,84,73,62,51,40,41,30,41,52,63,74,85,84,83,82,81,80,79,78,77
11,11,84,0.00024218206036387876,18,29,40,51,62,73,84,83,82,81,80,79,90,79,80,69,58,47,36,37,38,39,28,29,18,7
11,11,84,0.0009264437731413121,18,29,40,51,62,73,84,83,94,93,92,91,90,91,80,69,58,47,36,37,38,39,28,29,18,7
11,11,84,0.014443919878967443,18,29,40,51,62,73,84,95,94,93,92,91,90,79,80,69,58,47,36,25,26,27,28,29,18,7
11,11,84,0.0010000560817036575,78,79,80,81,82,83,84,73,62,51,40,41,30,41,52,63,62,73,84,83,82,81,80,79,78,77
11,11,84,0.00060886387964136,78,79,80,81,82,83,84,85,74,63,52,41,30,29,28,27,26,37,36,47,58,69,68,79,78,77
11,11,84,0.0007557638559344632,18,29,40,51,62,73,84,83,82,81,80,79,90,91,92,93,82,83,84,73,62,51,40,29,18,7
11,11,84,0.00018285394839136023,78,79,80,81,82,83,84,73,62,51,40,29,30,29,40,39,38,37,36,47,58,69,80,79,78,77
11,11,84,0.0008928434470720614,78,79,80,81,82,83,84,73,62,63,52,41,30,29,28,27,26,25,24,35,46,57,68,79,78,77
11,11,84,0.0016510421092434272,18,29,40,51,62,73,84,83,82,81,80,91,90,91,80,81,82,83,84,73,62,51,40,29,18,7
11,11,84,0.0011647301435261475,78,79,80,81,82,83,84,73,62,51,52,41,30,41,52,63,74,85,84,83,82,81,80,79,78,77
11,11,84,0.004733506805161692,78,79,80,81,82,83,84,73,74,63,52,41,30,41,40,39,38,37,36,47,46,57,68,79,78,77
11,11,84,0.0006121102879572298,18,29,40,51,62,73,84,83,82,81,80,79,90,79,68,69,58,47,36,37,26,27,28,29,18,7
11,11,84,0.0003482584520849209,18,29,40,51,62,73,84,83,82,81,80,91,90,91,92,93,94,83,84,73,62,51,40,29,18,7
11,11,84,0.00042203308106305963,18,29,40,51,62,73,84,95,94,93,92,91,90,79,68,57,46,47,36,37,38,39,28,29,18,7
11,11,84,8.051092623356828e-05,78,79,80,81,82,83,84,73,74,63,52,41,30,29,28,27,26,37,36,47,58,69,80,79,78,77
11,11,84,0.0001803379819465612,78,79,80,81,82,83,84,73,62,51,40,29,30,29,40,39,38,37,36,47,58,69,68,79,78,77
11,11,84,0.0003039449785732996,78,79,80,81,82,83,84,73,62,51,52,41,30,41,40,39,38,37,36,47,58,69,68,79,78,77
11,11,84,0.0020152891222840067,78,79,80,81,82,83,84,73,74,63,52,41,30,29,28,39,38,37,36,47,58,57,68,79,78,77
11,11,84,0.0015514585341541238,18,29,40,51,62,73,84,83,82,81,80,79,90,91,92,81,82,83,84,73,62,51,40,29,18,7
11,11,84,6.711949193060581e-05,78,79,80,81,82,83,84,73,62,51,40,41,30,29,28,39,38,37,36,47,58,69,68,79,78,77
11,11,84,0.00010063865779196035,18,29,40,51,62,73,84,83,82,81,80,79,90,91,80,69,58,47,36,37,38,39,40,29,18,7
11,11,84,0.0009797660297294717,18,29,40,51,62,73,84,83,82,81,80,91,90,91,80,69,58,47,36,25,26,27,28,29,18,7
11,11,84,0.00030881459104710414,78,79,80,81,82,83,84,73,62,51,40,41,30,29,28,27,38,37,36,47,46,57,68,79,78,77
11,11,84,0.029763396080724938,18,29,40,51,62,73,84,95,94,93,92,91,90,91,80,81,82,83,84,73,62,51,40,29,18,7
11,11,84,0.0011937854979531819,78,79,80,81,82,83,84,73,74,63,52,41,30,29,28,39,38,37,36,47,58,69,80,79,78,77
11,11,84,0.003719572327907699,18,29,40,51,62,73,84,83,94,93,92,91,90,91,80,69,58,47,36,37,26,27,28,29,18,7
11,11,84,0.0016314824991403116,18,29,40,51,62,73,84,83,82,93,92,91,90,79,68,69,58,47,36,37,26,27,28,29,18,7
11,11,84,0.0002201064838159649,18,29,40,51,62,73,84,83,94,93,92,91,90,79,68,57,46,47,36,37,38,39,28,29,18,7
11,11,84,0.00030313337649433216,78,79,80,81,82,83,84,73,62,51,52,41,30,29,28,27,38,37,36,47,46,57,68,79,78,77
11,11,84,0.001422089162766717,18,29,40,51,62,73,84,95,94,93,92,91,90,91,80,69,58,47,36,37,38,39,28,29,18,7
11,11,84,4.066126415626785e-05,18,29,40,51,62,73,84,83,82,81,80,79,90,79,68,57,58,47,36,37,38,39,40,29,18,7
11,11,84,0.0005469386410161458,78,79,80,81,82,83,84,73,62,63,52,41,30,29,28,39,38,37,36,47,58,69,68,79,78,77
11,11,84,0.0012940995149135555,78,79,80,81,82,83,84,73,74,63,52,41,30,29,28,27,38,37,36,47,58,57,68,79,78,77
11,11,84,0.00034842077250071433,78,79,80,81,82,83,84,73,62,63,52,41,30,29,28,27,26,25,36,35,46,57,68,79,78,77
11,11,84,0.00024550962888764523,18,29,40,51,62,73,84,83,82,81,92,91,90,79,80,69,58,47,36,37,38,39,40,29,18,7
11,11,84,0.00016507986286197368,18,29,40,51,62,73,84,83,82,81,80,91,90,79,68,69,58,47,36,37,38,39,40,29,18,7
11,11,84,0.0018679021847435224,18,29,40,51,62,73,84,83,94,93,92,91,90,79,68,57,58,47,36,37,26,27,28,29,18,7
11,11,84,0.00047072920580110497,18,29,40,51,62,73,84,83,82,81,80,91,90,91,92,93,94,95,84,73,62,51,40,29,18,7
11,11,84,0.001988100452638599,78,79,80,81,82,83,84,73,62,51,40,41,30,29,40,51,62,73,84,83,82,81,80,79,78,77
11,11,84,0.00816617779815441,78,79,80,81,82,83,84,73,74,63,52,41,30,29,40,39,38,37,36,35,46,57,68,79,78,77
11,11,84,0.001309844595245523,78,79,80,81,82,83,84,73,74,63,52,41,30,29,28,27,26,25,36,35,46,57,68,79,78,77
11,11,84,0.00011987362706348826,18,29,40,51,62,73,84,83,82,81,80,79,90,79,68,57,46,35,36,25,26,27,28,29,18,7
11,11,84,4.041778353257763e-05,78,79,80,81,82,83,84,73,62,51,40,41,30,29,28,27,26,25,36,47,46,57,68,79,78,77
11,11,84,0.0038982059454884224,78,79,80,81,82,83,84,73,62,63,52,41,30,29,40,39,38,37,36,35,46,57,68,79,78,77
11,11,84,0.00012490555995308628,18,29,40,51,62,73,84,83,82,81,80,79,90,91,80,69,58,47,36,37,38,39,28,29,18,7
11,11,84,0.0018467193704824723,18,29,40,51,62,73,84,95,94,93,92,91,90,91,80,69,58,47,36,37,38,39,40,29,18,7
11,11,84,0.00010688799380000951,18,29,40,51,62,73,84,83,82,81,92,91,90,79,68,57,58,47,36,37,38,39,28,29,18,7
11,11,84,0.004726202386450987,78,79,80,81,82,83,84,73,62,63,52,41,30,29,28,39,38,37,36,35,46,57,68,79,78,77
11,11,84,0.0009202755973411598,78,79,80,81,82,83,84,85,74,63,52,41,30,29,28,27,38,37,36,47,58,69,80,79,78,77
11,11,84,0.00029753332214945707,18,29,40,51,62,73,84,83,82,81,80,79,90,79,68,57,46,47,36,25,26,27,28,29,18,7
11,11,84,0.00023698780705848731,78,79,80,81,82,83,84,73,74,63,52,41,30,29,28,27,38,37,36,47,58,69,80,79,78,77
11,11,84,0.002106188555128358,78,79,80,81,82,83,84,73,62,51,40,29,30,41,40,51,62,73,84,83,82,81,80,79,78,77
11,11,84,0.0008448777642050865,78,79,80,81,82,83,84,73,62,51,40,29,30,29,40,39,38,37,36,35,46,57,68,79,78,77
11,11,84,3.814529771146884e-05,18,29,40,51,62,73,84,83,82,81,80,91,90,79,68,57,58,47,36,37,38,39,40,29,18,7
11,11,84,0.004204342249674934,78,79,80,81,82,83,84,85,74,63,52,41,30,29,28,27,26,37,36,35,46,57,68,79,78,77
11,11,84,0.0003457424856401218,18,29,40,51,62,73,84,83,82,81,92,91,90,79,68,57,46,35,36,25,26,27,28,29,18,7
11,11,84,0.00018228582693608303,78,79,80,81,82,83,84,73,62,63,52,41,30,29,28,27,26,37,36,47,58,69,80,79,78,77
11,11,84,2.1101654053152977e-05,18,29,40,51,62,73,84,83,82,81,80,79,90,79,68,57,46,35,36,37,38,39,28,29,18,7
11,11,84,0.0009335858714362258,78,79,80,81,82,83,84,73,62,63,52,41,30,29,40,39,38,37,36,47,58,57,68,79,78,77
11,11,84,0.0020854927021146884,18,29,40,51,62,73,84,83,82,81,80,91,90,91,92,81,82,83,84,73,62,51,40,29,18,7
11,11,84,0.002075428836335492,78,79,80,81,82,83,84,73,62,51,52,41,30,41,52,63,62,73,84,83,82,81,80,79,78,77
11,11,84,0.008108067089300336,18,29,40,51,62,73,84,95,94,93,92,91,90,79,80,69,58,47,36,37,26,27,28,29,18,7
11,11,84,0.00043810280222661446,78,79,80,81,82,83,84,73,74,63,52,41,30,29,28,27,38,37,36,47,58,69,68,79,78,77
11,11,84,0.00040661264156267846,78,79,80,81,82,83,84,73,62,51,52,41,30,29,28,39,38,37,36,47,58,57,68,79,78,77
11,11,84,0.0002480255953324442,18,29,40,51,62,73,84,83,82,93,92,91,90,79,68,57,46,35,36,37,26,27,28,29,18,7
11,11,84,0.014734229942614096,18,29,40,51,62,73,84,95,94,93,92,91,90,79,68,69,58,47,36,25,26,27,28,29,18,7
11,11,84,0.0072143308799414085,18,29,40,51,62,73,84,95,94,93,92,91,90,79,68,57,58,47,36,25,26,27,28,29,18,7
11,11,84,7.693987708611163e-05,18,29,40,51,62,73,84,83,82,81,92,91,90,79,68,57,46,47,36,37,38,39,40,29,18,7
11,11,84,0.00034631060709539903,78,79,80,81,82,83,84,73,62,51,40,41,30,41,40,39,38,37,36,47,58,57,68,79,78,77
11,11,84,0.0002627155929617546,18,29,40,51,62,73,84,83,82,81,80,91,90,79,68,69,58,47,36,37,38,27,28,29,18,7
11,11,84,0.00016012909018027239,78,79,80,81,82,83,84,73,62,51,40,29,30,29,28,39,38,37,36,47,58,69,68,79,78,77
11,11,84,0.00010356042527624307,18,29,40,51,62,73,84,83,82,81,80,79,90,79,68,57,58,47,36,37,38,27,28,29,18,7
11,11,84,0.0007185113205098587,78,79,80,81,82,83,84,73,62,51,52,41,30,41,40,39,38,37,36,47,58,57,68,79,78,77
11,11,84,0.0003468787285506763,18,29,40,51,62,73,84,83,82,81,80,79,90,91,80,69,58,47,36,37,26,27,28,29,18,7
11,11,84,0.000527054390081444,18,29,40,51,62,73,84,83,82,81,92,91,90,79,68,69,58,47,36,37,38,27,28,29,18,7
11,11,84,0.00010136909966303104,78,79,80,81,82,83,84,73,62,51,40,41,30,29,28,39,38,37,36,47,58,69,80,79,78,77
11,11,84,0.0005691765379798533,78,79,80,81,82,83,84,73,74,63,52,41,30,29,28,27,26,25,36,47,46,57,68,79,78,77
11,11,84,0.0004915873792305677,78,79,80,81,82,83,84,85,74,63,52,41,30,29,28,27,26,37,36,47,58,69,80,79,78,77
11,11,84,0.006921829490681552,18,29,40,51,62,73,84,83,94,93,92,91,90,91,92,93,82,83,84,73,62,51,40,29,18,7
11,11,84,0.007712248755387924,18,29,40,51,62,73,84,95,94,93,92,91,90,91,80,69,58,47,36,37,26,27,28,29,18,7
11,11,84,0.0009794413888978848,18,29,40,51,62,73,84,83,82,81,80,91,90,79,68,69,58,47,36,25,26,27,28,29,18,7
11,11,84,0.002182722631174986,78,79,80,81,82,83,84,73,62,51,40,29,30,29,40,51,62,73,84,83,82,81,80,79,78,77
11,11,84,0.0020928782810332924,18,29,40,51,62,73,84,83,82,81,92,91,90,79,80,69,58,47,36,25,26,27,28,29,18,7
11,11,84,0.0008331095340600586,18,29,40,51,62,73,84,83,82,93,92,91,90,79,68,69,58,47,36,37,38,27,28,29,18,7
11,11,84,0.00029948116713897875,78,79,80,81,82,83,84,73,62,51,40,29,30,29,28,27,26,25,24,35,46,57,68,79,78,77
11,11,84,0.0019899671374202232,78,79,80,81,82,83,84,85,74,63,52,41,30,29,28,39,38,37,36,47,58,69,68,79,78,77
11,11,84,0.00016110301267503334,78,79,80,81,82,83,84,73,74,63,52,41,30,29,28,27,26,37,36,47,58,69,68,79,78,77
11,11,84,0.0009252263700228611,18,29,40,51,62,73,84,95,94,93,92,91,90,79,68,57,58,47,36,37,38,39,28,29,18,7
11,11,84,0.008311048769250094,78,79,80,81,82,83,84,73,74,63,52,41,30,41,40,39,38,37,36,35,46,57,68,79,78,77
11,11,84,0.001866360140793484,18,29,40,51,62,73,84,83,94,93,92,91,90,79,68,69,58,47,36,37,38,27,28,29,18,7
11,11,84,3.790181708777862e-05,78,79,80,81,82,83,84,73,62,51,40,41,30,29,28,27,26,37,36,47,58,69,80,79,78,77
11,11,84,0.0012428062635228144,78,79,80,81,82,83,84,85,74,63,52,41,30,29,28,27,26,25,36,47,46,57,68,79,78,77
11,11,84,0.00024445454618498755,18,29,40,51,62,73,84,83,82,81,80,91,90,79,68,57,46,35,24,25,26,27,28,29,18,7
11,11,84,6.11136365462469e-05,18,29,40,51,62,73,84,83,82,81,80,91,90,79,68,57,58,47,36,37,38,39,28,29,18,7
11,11,84,0.0003281307205265288,78,79,80,81,82,83,84,73,62,51,40,41,30,29,28,27,26,37,36,35,46,57,68,79,78,77
11,11,84,0.0006500121050450083,18,29,40,51,62,73,84,83,94,93,92,91,90,79,68,57,58,47,36,37,38,39,28,29,18,7
11,11,84,7.888772207563344e-05,78,79,80,81,82,83,84,73,62,51,40,29,30,29,28,27,38,37,36,47,58,69,68,79,78,77
11,11,84,0.0002611735490117165,78,79,80,81,82,83,84,73,62,51,52,41,30,29,28,39,38,37,36,47,58,69,68,79,78,77
11,11,84,0.0010000560817036575,18,29,40,51,62,73,84,83,94,93,92,91,90,79,68,57,46,35,36,25,26,27,28,29,18,7
11,11,84,0.0076574656150576285,78,79,80,81,82,83,84,85,74,63,52,41,30,41,40,39,38,37,36,47,46,57,68,79,78,77
11,11,84,0.0010621436407446656,18,29,40,51,62,73,84,83,94,93,92,91,90,79,80,69,58,47,36,37,38,39,40,29,18,7
11,11,84,0.007456107139265799,18,29,40,51,62,73,84,95,94,93,92,91,90,91,92,93,94,83,84,73,62,51,40,29,18,7
11,11,84,0.0004898018546568393,78,79,80,81,82,83,84,73,62,63,52,41,30,29,28,39,38,37,36,47,58,69,80,79,78,77
11,11,84,0.0037496827650373887,18,29,40,51,62,73,84,95,94,93,92,91,90,79,68,57,46,47,36,25,26,27,28,29,18,7
11,11,84,7.953700373880738e-05,18,29,40,51,62,73,84,83,82,81,80,79,90,79,68,69,58,47,36,37,38,39,28,29,18,7
11,11,84,0.0005745331117010384,78,79,80,81,82,83,84,73,62,63,52,41,30,41,40,39,38,37,36,47,58,69,68,79,78,77
11,11,84,0.029408969452839773,18,29,40,51,62,73,84,95,94,93,92,91,90,91,92,81,82,83,84,73,62,51,40,29,18,7
11,11,84,0.017291019971985157,78,79,80,81,82,83,84,73,74,63,52,41,30,41,52,51,62,73,84,83,82,81,80,79,78,77
11,11,84,4.0011982493093915e-05,18,29,40,51,62,73,84,83,82,81,92,91,90,79,68,57,46,47,36,37,38,39,28,29,18,7
11,11,84,0.004208887221317153,78,79,80,81,82,83,84,85,74,63,52,41,30,29,28,27,38,37,36,47,46,57,68,79,78,77
11,11,84,0.000952983161123547,78,79,80,81,82,83,84,73,74,63,52,41,30,41,40,39,38,37,36,47,58,69,68,79,78,77
11,11,84,0.00014065064028505428,78,79,80,81,82,83,84,73,62,63,52,41,30,29,28,27,26,37,36,47,58,69,68,79,78,77
11,11,84,0.0012610673102995808,78,79,80,81,82,83,84,73,74,63,52,41,30,29,40,39,38,37,36,47,58,69,68,79,78,77
11,11,84,8.221529059939986e-05,78,79,80,81,82,83,84,73,62,51,40,29,30,29,28,27,26,25,36,35,46,57,68,79,78,77
11,11,84,0.0009726239314345591,78,79,80,81,82,83,84,73,74,63,52,41,30,29,40,39,38,37,36,47,58,69,80,79,78,77
11,11,84,0.0003237480693001047,18,29,40,51,62,73,84,83,82,81,80,91,90,79,80,69,58,47,36,37,38,27,28,29,18,7
11,11,84,0.003275057869257239,18,29,40,51,62,73,84,95,94,93,92,91,90,79,68,57,58,47,36,37,26,27,28,29,18,7
11,11,84,0.00022984570876357396,78,79,80,81,82,83,84,73,62,51,40,41,30,29,28,27,26,25,24,35,46,57,68,79,78,77
11,11,84,0.002002222328812631,78,79,80,81,82,83,84,73,62,63,52,41,30,29,40,39,38,37,36,47,46,57,68,79,78,77
11,11,84,0.000875312842166365,78,79,80,81,82,83,84,73,62,51,52,41,30,29,40,39,38,37,36,47,46,57,68,79,78,77
11,11,84,0.0020309530424080786,78,79,80,81,82,83,84,73,62,51,52,41,30,29,40,39,38,37,36,35,46,57,68,79,78,77
11,11,84,0.0006075653163150125,18,29,40,51,62,73,84,83,82,93,92,91,90,91,80,69,58,47,36,37,38,39,28,29,18,7
11,11,84,2.231905717160411e-05,18,29,40,51,62,73,84,83,82,81,80,91,90,79,68,57,46,35,36,37,38,39,28,29,18,7
11,11,84,0.0018940357716862744,78,79,80,81,82,83,84,73,62,51,40,41,30,41,52,51,62,73,84,83,82,81,80,79,78,77
11,11,84,0.01442590231281438,18,29,40,51,62,73,84,95,94,93,92,91,90,91,92,93,82,83,84,73,62,51,40,29,18,7
11,11,84,1.8829168232044193e-05,18,29,40,51,62,73,84,83,82,81,80,91,90,79,68,57,46,35,36,37,38,27,28,29,18,7
11,11,84,0.0010834887754215094,78,79,80,81,82,83,84,73,62,51,52,41,30,29,28,27,38,37,36,35,46,57,68,79,78,77
11,11,84,0.014561196379378237,18,29,40,51,62,73,84,83,94,93,92,91,90,91,80,81,82,83,84,73,62,51,40,29,18,7
11,11,84,0.0005079817412257095,78,79,80,81,82,83,84,73,62,63,52,41,30,29,40,39,38,37,36,47,58,69,68,79,78,77
11,11,84,4.3014910185273374e-05,18,29,40,51,62,73,84,83,82,93,92,91,90,79,68,57,46,35,36,37,38,39,28,29,18,7
11,11,84,0.0005313558810999713,78,79,80,81,82,83,84,73,62,51,40,41,30,41,52,63,74,73,84,83,82,81,80,79,78,77
11,11,84,2.0695853013669266e-05,18,29,40,51,62,73,84,83,82,81,80,79,90,79,68,57,46,35,36,37,38,27,28,29,18,7
11,11,84,0.00036432817324847587,18,29,40,51,62,73,84,95,94,93,92,91,90,79,68,57,46,35,36,37,38,27,28,29,18,7
11,11,84,0.0006044000682070392,78,79,80,81,82,83,84,73,62,51,40,41,30,29,28,39,38,37,36,47,46,57,68,79,78,77
11,11,84,0.00014438400984830441,18,29,40,51,62,73,84,83,82,93,92,91,90,79,68,57,58,47,36,37,38,39,40,29,18,7
11,11,84,0.000388838556033292,78,79,80,81,82,83,84,85,74,63,52,41,30,29,28,27,26,25,36,47,58,69,68,79,78,77
11,11,84,0.0003693601061380739,18,29,40,51,62,73,84,83,82,93,92,91,90,79,68,57,46,47,36,37,26,27,28,29,18,7
11,11,84,0.0037361290103186304,18,29,40,51,62,73,84,95,94,93,92,91,90,79,68,57,46,35,24,25,26,27,28,29,18,7
11,11,84,0.0003889197162411887,18,29,40,51,62,73,84,83,82,81,92,91,90,79,68,57,46,35,24,25,26,27,28,29,18,7
11,11,84,0.00412667193071775,78,79,80,81,82,83,84,73,62,63,52,41,30,41,40,39,38,37,36,35,46,57,68,79,78,77
11,11,84,0.0003671687805248619,78,79,80,81,82,83,84,73,62,51,40,29,30,41,40,39,38,37,36,47,58,57,68,79,78,77
11,11,84,0.001710045580384358,18,29,40,51,62,73,84,83,82,81,92,91,90,91,80,69,58,47,36,25,26,27,28,29,18,7
11,11,84,0.0015285713555272435,18,29,40,51,62,73,84,83,82,93,92,91,90,91,92,93,94,95,84,73,62,51,40,29,18,7
11,11,84,0.00021880792048961702,78,79,80,81,82,83,84,73,74,63,52,41,30,29,28,27,26,25,36,47,58,57,68,79,78,77
11,11,84,0.0019426507362164237,78,79,80,81,82,83,84,73,62,63,52,41,30,41,52,63,74,73,84,83,82,81,80,79,78,77
11,11,84,0.002344556085721089,78,79,80,81,82,83,84,85,74,63,52,41,30,29,28,27,26,37,36,47,46,57,68,79,78,77
11,11,84,0.0018149045689869487,18,29,40,51,62,73,84,83,82,81,80,91,90,79,80,81,82,83,84,73,62,51,40,29,18,7
11,11,84,1.8017566153076772e-05,78,79,80,81,82,83,84,73,62,51,40,29,30,29,28,27,26,25,36,47,58,69,80,79,78,77
11,11,84,0.015445436844413248,18,29,40,51,62,73,84,83,94,93,92,91,90,79,80,81,82,83,84,73,62,51,40,29,18,7
11,11,84,0.0036343541096161155,18,29,40,51,62,73,84,95,94,93,92,91,90,91,80,69,58,47,36,37,38,27,28,29,18,7
11,11,84,0.00021759051737116588,78,79,80,81,82,83,84,73,62,51,40,29,30,29,28,27,38,37,36,47,46,57,68,79,78,77
11,11,84,0.0007534102099054579,18,29,40,51,62,73,84,83,82,93,92,91,90,79,80,69,58,47,36,37,38,27,28,29,18,7
11,11,84,0.002044425636918937,78,79,80,81,82,83,84,85,74,63,52,41,30,41,40,39,38,37,36,47,58,69,80,79,78,77
11,11,84,0.0002701011718803581,18,29,40,51,62,73,84,83,82,81,80,91,90,79,68,57,58,47,36,37,26,27,28,29,18,7
11,11,84,0.004030740564983802,78,79,80,81,82,83,84,73,74,63,52,41,30,41,52,63,74,85,84,83,82,81,80,79,78,77
11,11,84,0.0001028299834051724,18,29,40,51,62,73,84,83,82,81,80,91,90,91,80,69,58,47,36,37,38,39,40,29,18,7
11,11,84,0.007445150511199753,18,29,40,51,62,73,84,83,94,93,92,91,90,79,80,69,58,47,36,25,26,27,28,29,18,7
11,11,84,0.00011589677687654789,78,79,80,81,82,83,84,73,62,51,40,29,30,29,28,27,38,37,36,47,58,69,80,79,78,77
11,11,84,0.00022448913504238894,78,79,80,81,82,83,84,73,62,51,52,41,30,29,28,27,26,37,36,47,46,57,68,79,78,77
11,11,84,0.0001026676629893789,18,29,40,51,62,73,84,83,82,81,80,79,90,79,80,69,58,47,36,37,38,39,40,29,18,7
11,11,84,0.00010356042527624307,18,29,40,51,62,73,84,83,82,81,80,91,90,79,80,69,58,47,36,37,38,39,28,29,18,7
11,11,84,0.0019102678132656224,78,79,80,81,82,83,84,73,62,51,52,41,30,41,40,39,38,37,36,35,46,57,68,79,78,77
11,11,84,0.001534171409872118,18,29,40,51,62,73,84,83,82,81,92,91,90,79,68,69,58,47,36,25,26,27,28,29,18,7
11,11,84,0.0001366737900981139,78,79,80,81,82,83,84,73,62,51,40,41,30,29,28,27,38,37,36,47,58,57,68,79,78,77
11,11,84,0.00010810539691846063,78,79,80,81,82,83,84,73,74,63,52,41,30,29,28,27,26,25,36,47,58,69,80,79,78,77
11,11,84,0.0010978541322192322,78,79,80,81,82,83,84,73,62,51,40,29,30,41,52,63,62,73,84,83,82,81,80,79,78,77
11,11,84,4.0904744779958084e-05,18,29,40,51,62,73,84,83,82,81,80,79,90,79,68,57,46,47,36,37,38,39,40,29,18,7
11,11,84,7.66963964624214e-05,78,79,80,81,82,83,84,73,62,51,40,29,30,29,28,27,26,25,36,47,58,57,68,79,78,77
11,11,84,0.00024567194930343863,18,29,40,51,62,73,84,83,82,81,92,91,90,79,68,57,46,47,36,37,26,27,28,29,18,7
11,11,84,0.0011434661690572013,78,79,80,81,82,83,84,73,62,51,40,41,30,29,40,39,38,37,36,35,46,57,68,79,78,77
11,11,84,0.028952524443628586,18,29,40,51,62,73,84,95,94,93,92,91,90,79,80,81,82,83,84,73,62,51,40,29,18,7
11,11,84,0.008116020789674216,78,79,80,81,82,83,84,85,74,63,52,41,30,29,40,39,38,37,36,47,46,57,68,79,78,77
11,11,84,0.0001981932276838445,18,29,40,51,62,73,84,83,82,93,92,91,90,79,68,57,46,47,36,37,38,27,28,29,18,7
11,11,84,0.0015896038318655929,18,29,40,51,62,73,84,95,94,93,92,91,90,79,68,69,58,47,36,37,38,39,28,29,18,7
11,11,84,0.002233853562149933,18,29,40,51,62,73,84,83,82,93,92,91,90,91,80,69,58,47,36,37,26,27,28,29,18,7
11,11,84,0.00041545910422342337,78,79,80,81,82,83,84,73,62,51,40,41,30,29,40,39,38,37,36,47,58,57,68,79,78,77
11,11,84,0.0007057691678700705,78,79,80,81,82,83,84,73,62,51,40,29,30,41,52,63,74,73,84,83,82,81,80,79,78,77
11,11,84,8.497473766788911e-05,18,29,40,51,62,73,84,83,94,93,92,91,90,79,68,57,46,35,36,37,38,39,28,29,18,7
11,11,84,0.00014000135862188032,18,29,40,51,62,73,84,83,82,81,92,91,90,79,68,57,46,35,36,37,26,27,28,29,18,7
11,11,84,0.003173120648138929,18,29,40,51,62,73,84,95,94,93,92,91,90,79,68,69,58,47,36,37,38,27,28,29,18,7
11,11,84,6.22498794568013e-05,78,79,80,81,82,83,84,73,74,63,52,41,30,29,28,27,26,25,36,47,58,69,68,79,78,77
11,11,84,0.0012225973717565253,78,79,80,81,82,83,84,73,62,63,52,41,30,29,28,27,26,37,36,35,46,57,68,79,78,77
11,11,84,0.016818586401818183,78,79,80,81,82,83,84,85,74,63,52,41,30,41,40,39,38,37,36,35,46,57,68,79,78,77
11,11,84,0.00127802979375,78,79,80,81,82,83,84,73,62,51,40,29,30,41,40,39,38,37,36,35,46,57,68,79,78,77
11,11,84,0.007196069833164637,18,29,40,51,62,73,84,83,94,93,92,91,90,79,68,69,58,47,36,25,26,27,28,29,18,7
11,11,84,0.000247782114708754,78,79,80,81,82,83,84,73,62,51,52,41,30,29,40,39,38,37,36,47,58,69,80,79,78,77
11,11,84,0.007575574965289812,18,29,40,51,62,73,84,83,82,93,92,91,90,91,80,81,82,83,84,73,62,51,40,29,18,7
11,11,84,0.0024937285478353016,78,79,80,81,82,83,84,73,74,63,52,41,30,41,40,39,38,37,36,47,58,57,68,79,78,77
11,11,84,0.00043794048181082095,78,79,80,81,82,83,84,73,62,51,40,29,30,41,40,39,38,37,36,47,46,57,68,79,78,77
11,11,84,0.0009141885817489042,18,29,40,51,62,73,84,83,82,93,92,91,90,79,68,57,58,47,36,37,26,27,28,29,18,7
11,11,84,0.0005863013418460659,78,79,80,81,82,83,84,73,62,51,40,29,30,41,52,63,74,85,84,83,82,81,80,79,78,77
11,11,84,0.0005236456613497808,18,29,40,51,62,73,84,83,82,81,80,91,90,91,80,69,58,47,36,37,26,27,28,29,18,7
11,11,84,0.0002845476888859782,18,29,40,51,62,73,84,83,82,93,92,91,90,79,68,57,58,47,36,37,38,39,28,29,18,7
11,11,84,6.062667529886644e-05,78,79,80,81,82,83,84,73,62,51,40,29,30,29,28,39,38,37,36,47,58,69,80,79,78,77
11,11,84,0.00185150782274838,18,29,40,51,62,73,84,83,94,93,92,91,90,79,68,57,46,35,24,25,26,27,28,29,18,7
11,11,84,0.03380663531772486,78,79,80,81,82,83,84,85,74,63,52,41,30,41,52,51,62,73,84,83,82,81,80,79,78,77
11,11,84,0.0009287974191703179,18,29,40,51,62,73,84,83,82,81,92,91,90,91,92,93,94,95,84,73,62,51,40,29,18,7
11,11,84,8.205297018360639e-05,78,79,80,81,82,83,84,73,62,51,40,41,30,41,40,39,38,37,36,47,58,69,68,79,78,77
11,11,84,0.0019509290774218902,78,79,80,81,82,83,84,85,74,63,52,41,30,41,40,39,38,37,36,47,58,69,68,79,78,77
11,11,84,0.001209368257869356,78,79,80,81,82,83,84,73,74,63,52,41,30,41,40,39,38,37,36,47,58,69,80,79,78,77
11,11,84,0.0018055711450788241,18,29,40,51,62,73,84,83,82,81,80,79,90,91,80,81,82,83,84,73,62,51,40,29,18,7
11,11,84,0.0006342670247130405,18,29,40,51,62,73,84,83,82,81,80,91,90,91,92,93,82,83,84,73,62,51,40,29,18,7
11,11,84,0.0002998869681784625,78,79,80,81,82,83,84,73,62,63,52,41,30,29,28,27,26,37,36,47,58,57,68,79,78,77
11,11,84,0.0018678210245356272,78,79,80,81,82,83,84,73,62,51,40,29,30,41,52,51,62,73,84,83,82,81,80,79,78,77
11,11,84,0.003500683247210181,78,79,80,81,82,83,84,73,74,63,52,41,30,29,28,27,38,37,36,35,46,57,68,79,78,77
11,11,84,0.033361390417203346,78,79,80,81,82,83,84,85,74,63,52,41,30,29,40,51,62,73,84,83,82,81,80,79,78,77
11,11,84,0.0017012802779315106,18,29,40,51,62,73,84,95,94,93,92,91,90,79,68,57,46,47,36,37,26,27,28,29,18,7
11,11,84,0.01654199241330609,78,79,80,81,82,83,84,85,74,63,52,41,30,29,28,39,38,37,36,35,46,57,68,79,78,77
11,11,84,0.00023820521017693845,18,29,40,51,62,73,84,83,82,93,92,91,90,79,68,69,58,47,36,37,38,39,40,29,18,7
11,11,84,0.00010250534257358542,78,79,80,81,82,83,84,73,62,51,52,41,30,29,28,27,26,37,36,47,58,57,68,79,78,77
11,11,84,0.00024234438077967222,18,29,40,51,62,73,84,83,82,81,80,79,90,79,68,57,58,47,36,37,26,27,28,29,18,7
11,11,84,0.0006289104509918555,18,29,40,51,62,73,84,95,94,93,92,91,90,79,68,57,46,35,36,37,26,27,28,29,18,7
11,11,84,0.0021718471633168216,78,79,80,81,82,83,84,73,62,63,52,41,30,29,28,39,38,37,36,47,46,57,68,79,78,77
11,11,84,0.0007088532557701466,18,29,40,51,62,73,84,83,82,81,92,91,90,79,80,69,58,47,36,37,26,27,28,29,18,7
11,11,84,0.003946820910018575,18,29,40,51,62,73,84,83,94,93,92,91,90,91,92,93,94,83,84,73,62,51,40,29,18,7
11,11,84,8.327037330205751e-05,78,79,80,81,82,83,84,73,62,51,40,41,30,29,28,27,26,25,36,47,58,57,68,79,78,77
11,11,84,0.0020223500603710224,18,29,40,51,62,73,84,83,82,81,80,79,90,79,80,81,82,83,84,73,62,51,40,29,18,7
11,11,84,2.1263974468946463e-05,18,29,40,51,62,73,84,83,82,81,80,79,90,79,68,57,46,47,36,37,38,39,28,29,18,7
11,11,84,0.0006101624429677078,78,79,80,81,82,83,84,85,74,63,52,41,30,29,28,27,26,25,36,47,58,57,68,79,78,77
11,11,84,0.0002599561458932653,78,79,80,81,82,83,84,73,62,63,52,41,30,29,28,27,26,25,36,47,46,57,68,79,78,77
11,11,84,2.150745509263669e-05,18,29,40,51,62,73,84,83,82,81,80,91,90,79,68,57,46,47,36,37,38,39,28,29,18,7
11,11,84,0.007024334833255137,18,29,40,51,62,73,84,83,94,93,92,91,90,91,80,69,58,47,36,25,26,27,28,29,18,7
11,11,84,4.0985904987854825e-05,78,79,80,81,82,83,84,73,62,51,40,41,30,29,28,27,38,37,36,47,58,69,68,79,78,77
11,11,84,0.0010305723198728324,18,29,40,51,62,73,84,83,82,81,80,79,90,79,80,69,58,47,36,25,26,27,28,29,18,7
11,11,84,0.004224307660817537,78,79,80,81,82,83,84,73,74,63,52,41,30,29,40,39,38,37,36,47,46,57,68,79,78,77
11,11,84,0.0018159596516896062,18,29,40,51,62,73,84,95,94,93,92,91,90,79,68,57,46,35,36,25,26,27,28,29,18,7
11,11,84,7.791379958087253e-05,18,29,40,51,62,73,84,83,94,93,92,91,90,79,68,57,46,47,36,37,38,39,40,29,18,7
11,11,84,0.00048752936883573046,18,29,40,51,62,73,84,83,94,93,92,91,90,79,68,57,46,35,36,37,26,27,28,29,18,7
11,11,84,0.0001425984852745761,18,29,40,51,62,73,84,83,82,81,80,79,90,79,80,69,58,47,36,37,38,27,28,29,18,7
11,11,84,0.0005279471523683083,18,29,40,51,62,73,84,83,82,81,80,91,90,79,68,69,58,47,36,37,26,27,28,29,18,7
11,11,84,0.0010439637541757956,78,79,80,81,82,83,84,73,74,63,52,41,30,29,28,27,26,37,36,47,46,57,68,79,78,77
11,11,84,0.00015923632789340822,78,79,80,81,82,83,84,73,62,51,40,29,30,41,40,39,38,37,36,47,58,69,68,79,78,77
11,11,84,0.0008677649428319676,18,29,40,51,62,73,84,83,94,93,92,91,90,79,68,57,58,47,36,37,38,27,28,29,18,7
11,11,84,0.00016102185246713656,78,79,80,81,82,83,84,73,62,51,52,41,30,29,28,27,26,25,36,47,46,57,68,79,78,77
11,11,84,0.0032671041688833564,18,29,40,51,62,73,84,83,82,81,92,91,90,91,92,81,82,83,84,73,62,51,40,29,18,7
11,11,84,8.367617434154123e-05,18,29,40,51,62,73,84,83,82,93,92,91,90,79,68,57,46,47,36,37,38,39,28,29,18,7
11,11,84,0.00046886252101947974,18,29,40,51,62,73,84,83,82,81,92,91,90,91,80,69,58,47,36,37,38,27,28,29,18,7
11,11,84,0.0015351453323668796,18,29,40,51,62,73,84,95,94,93,92,91,90,79,80,69,58,47,36,37,38,39,28,29,18,7
11,11,84,0.0009021768709801866,78,79,80,81,82,83,84,85,74,63,52,41,30,29,28,27,26,37,36,47,58,57,68,79,78,77
11,11,84,0.00022262245026076393,18,29,40,51,62,73,84,95,94,93,92,91,90,79,68,57,46,35,36,37,38,39,28,29,18,7
11,11,84,0.0002023323982865784,78,79,80,81,82,83,84,73,62,51,40,29,30,41,40,39,38,37,36,47,58,69,80,79,78,77
11,11,84,0.0020669881747142306,18,29,40,51,62,73,84,95,94,93,92,91,90,79,68,69,58,47,36,37,38,39,40,29,18,7
11,11,84,0.0008150108076990852,18,29,40,51,62,73,84,83,82,81,80,79,90,79,68,69,58,47,36,25,26,27,28,29,18,7
11,11,84,0.0017054194485342444,18,29,40,51,62,73,84,83,82,93,92,91,90,79,80,69,58,47,36,37,26,27,28,29,18,7
11,11,84,0.0017169441980555817,18,29,40,51,62,73,84,83,82,93,92,91,90,79,68,57,58,47,36,25,26,27,28,29,18,7
11,11,84,0.0002984260844363211,78,79,80,81,82,83,84,73,62,51,52,41,30,29,28,27,38,37,36,47,58,57,68,79,78,77
11,11,84,0.0032933189160340064,18,29,40,51,62,73,84,83,82,93,92,91,90,79,68,69,58,47,36,25,26,27,28,29,18,7
11,11,84,0.0002212427267265193,18,29,40,51,62,73,84,83,82,81,80,79,90,79,68,57,46,35,24,25,26,27,28,29,18,7
11,11,84,0.0007897699830431986,78,79,80,81,82,83,84,73,62,63,52,41,30,41,40,39,38,37,36,47,58,57,68,79,78,77
11,11,84,0.0006087827194334634,18,29,40,51,62,73,84,83,82,93,92,91,90,79,80,69,58,47,36,37,38,39,40,29,18,7
11,11,84,0.0011271529672699564,78,79,80,81,82,83,84,73,62,51,40,41,30,29,28,39,38,37,36,35,46,57,68,79,78,77
11,11,84,0.0004863119657172794,78,79,80,81,82,83,84,73,62,51,52,41,30,29,28,27,26,25,24,35,46,57,68,79,78,77
11,11,84,0.008289703634573245,78,79,80,81,82,83,84,73,62,63,52,41,30,41,40,51,62,73,84,83,82,81,80,79,78,77
11,11,84,0.00028576509200442936,78,79,80,81,82,83,84,73,62,51,52,41,30,41,40,39,38,37,36,47,58,69,80,79,78,77
11,11,84,4.114822540364831e-05,78,79,80,81,82,83,84,73,62,51,40,41,30,41,40,39,38,37,36,47,58,69,80,79,78,77
11,11,84,0.00029891304568370166,18,29,40,51,62,73,84,83,82,93,92,91,90,91,80,69,58,47,36,37,38,39,40,29,18,7
11,11,84,6.168175800152409e-05,18,29,40,51,62,73,84,83,82,81,80,79,90,79,68,57,46,47,36,37,26,27,28,29,18,7
11,11,84,0.001897444500417937,78,79,80,81,82,83,84,73,62,63,52,41,30,29,28,27,38,37,36,35,46,57,68,79,78,77
11,11,84,0.002186131359906646,18,29,40,51,62,73,84,83,82,93,92,91,90,91,92,93,94,83,84,73,62,51,40,29,18,7
11,11,84,0.0002462400707587159,78,79,80,81,82,83,84,73,62,51,52,41,30,29,28,39,38,37,36,47,58,69,80,79,78,77
11,11,84,0.008333773627461174,78,79,80,81,82,83,84,85,74,63,52,41,30,41,52,63,74,85,84,83,82,81,80,79,78,77
11,11,84,0.0004657784331194036,18,29,40,51,62,73,84,83,82,81,80,79,90,91,92,93,94,83,84,73,62,51,40,29,18,7
11,11,84,0.0008316486503179175,78,79,80,81,82,83,84,73,62,63,52,41,30,29,28,39,38,37,36,47,58,57,68,79,78,77
11,11,84,0.0016163867004715172,18,29,40,51,62,73,84,83,82,81,92,91,90,91,92,93,82,83,84,73,62,51,40,29,18,7
11,11,84,0.002003358571723186,78,79,80,81,82,83,84,73,62,51,52,41,30,29,28,39,38,37,36,35,46,57,68,79,78,77
11,11,84,0.008851656914050285,78,79,80,81,82,83,84,85,74,63,52,41,30,41,52,63,74,73,84,83,82,81,80,79,78,77
11,11,84,0.00012506788036887977,18,29,40,51,62,73,84,83,82,93,92,91,90,79,68,57,46,47,36,37,38,39,40,29,18,7
11,11,84,0.00032496547241855586,78,79,80,81,82,83,84,73,62,63,52,41,30,29,28,27,38,37,36,47,58,69,80,79,78,77
11,11,84,0.0010033836502274238,18,29,40,51,62,73,84,83,82,81,80,79,90,91,80,69,58,47,36,25,26,27,28,29,18,7
