map_height,map_width,observation,probability,a_0,a_1,a_2,a_3,a_4,a_5,a_6,a_7,a_8,a_9,a_10,a_11,a_12,a_13,a_14,a_15,a_16,a_17,a_18,a_19,a_20,a_21,a_22,a_23,a_24
11,11,84,0.012402597421317565,1,1,1,1,1,1,1,2,2,2,2,2,0,0,3,0,0,0,3,0,3,3,3,0,0
11,11,84,0.0007545045164083948,3,3,3,3,3,3,3,0,0,0,0,0,2,2,1,2,2,2,1,1,1,2,1,2,2
11,11,84,0.00047731311634725815,3,3,3,3,3,3,0,0,0,0,3,0,1,1,1,2,1,1,2,2,2,2,2,2,2
11,11,84,0.0015411534333439002,1,1,1,1,1,1,1,2,2,2,2,2,0,0,0,0,0,3,3,0,3,3,3,0,0
11,11,84,0.00013371878425552845,1,1,1,1,1,1,2,2,2,2,2,1,0,0,0,3,0,0,3,3,3,3,0,0,0
11,11,84,0.0058226530479474296,1,1,1,1,1,1,1,2,2,2,2,2,0,3,0,0,0,0,3,3,0,3,3,0,0
11,11,84,0.0005269471458607187,3,3,3,3,3,3,0,0,0,3,0,0,1,1,1,1,1,2,2,2,2,2,2,2,2
11,11,84,0.0003515223232531247,1,1,1,1,1,1,2,2,2,2,1,2,0,0,0,0,3,0,0,3,3,3,3,0,0
11,11,84,0.001689767231296594,1,1,1,1,1,1,2,2,2,1,2,2,0,0,3,0,0,0,3,0,3,3,3,0,0
11,11,84,0.0017578038099907462,3,3,3,3,3,3,3,0,0,0,0,0,2,2,2,2,2,2,1,1,1,1,1,2,2
11,11,84,0.0015416339176567114,1,1,1,1,1,1,2,1,2,2,2,2,0,3,0,0,0,0,3,3,3,0,3,0,0
11,11,84,0.0002384643644485044,3,3,3,3,3,3,0,0,0,0,0,3,2,1,2,2,2,2,1,2,1,1,1,2,2
11,11,84,0.0012764065769845896,1,1,1,1,1,1,2,1,2,2,2,2,3,0,0,0,0,0,3,3,3,3,0,0,0
11,11,84,6.130979831478775e-05,3,3,3,3,3,3,0,0,0,0,3,0,2,2,2,1,2,2,1,1,2,1,1,2,2
11,11,84,0.0016830884993485104,1,1,1,1,1,1,2,2,2,2,2,1,0,3,0,0,0,0,0,3,3,3,3,0,0
11,11,84,0.00013357463896168488,1,1,1,1,1,1,2,2,2,1,2,2,0,0,0,0,0,3,3,3,0,3,3,0,0
11,11,84,0.0007719941453947451,1,1,1,1,1,1,2,2,1,2,2,2,0,3,0,0,0,0,3,3,3,3,0,0,0
11,11,84,0.0008124989729647813,3,3,3,3,3,3,0,0,3,0,0,0,2,1,2,2,2,2,1,2,1,1,1,2,2
11,11,84,0.00013309415464887308,3,3,3,3,3,3,0,0,0,0,3,0,2,2,2,1,2,2,1,2,1,1,1,2,2
11,11,84,2.3111295446248358e-05,1,1,1,1,1,1,2,2,2,2,2,1,0,0,0,0,3,0,3,3,3,3,0,0,0
11,11,84,0.00019925684452306016,1,1,1,1,1,1,2,2,2,1,2,2,0,0,0,0,0,3,3,0,3,3,3,0,0
11,11,84,0.0006919454588802968,1,1,1,1,1,1,2,2,1,2,2,2,0,0,3,0,0,0,3,3,3,3,0,0,0
11,11,84,0.001293655963814534,1,1,1,1,1,1,2,2,1,2,2,2,3,0,0,0,0,0,3,3,0,3,3,0,0
11,11,84,0.004093630248294112,3,3,3,3,3,3,0,3,0,0,0,0,2,1,2,2,2,2,2,1,1,1,1,2,2
11,11,84,0.000726155941952498,1,1,1,1,1,1,1,2,2,2,2,2,0,0,0,0,0,3,3,3,0,3,3,0,0
11,11,84,0.0004000512388471181,1,1,1,1,1,1,2,2,2,2,1,2,0,0,3,0,0,0,3,3,0,3,3,0,0
11,11,84,0.000825327904116857,3,3,3,3,3,3,0,3,0,0,0,0,2,2,2,2,2,2,1,1,1,1,1,2,2
11,11,84,0.007157534565801212,3,3,3,3,3,3,3,0,0,0,0,0,2,1,2,2,2,2,2,1,1,1,1,2,2
11,11,84,0.00630203224683978,1,1,1,1,1,1,2,1,2,2,2,2,3,3,3,3,3,0,0,0,0,0,0,0,0
11,11,84,0.0007954417798599615,1,1,1,1,1,1,2,2,2,2,2,1,0,0,0,3,0,0,0,3,3,3,3,0,0
11,11,84,7.106362986486761e-05,1,1,1,1,1,1,2,2,2,2,1,2,0,0,0,0,0,3,3,0,3,3,3,0,0
11,11,84,0.00034690967385013136,1,1,1,1,1,1,2,2,1,2,2,2,0,0,0,3,0,0,3,3,3,0,3,0,0
11,11,84,0.00031880134155064005,1,1,1,1,1,1,2,2,2,2,2,1,3,0,0,0,0,0,3,3,0,3,3,0,0
11,11,84,0.0016866921316946002,1,1,1,1,1,1,2,2,2,1,2,2,0,0,0,3,0,0,0,3,3,3,3,0,0
11,11,84,2.3687876621622537e-05,3,3,3,3,3,3,0,0,0,0,0,3,2,2,2,1,2,2,1,1,1,2,1,2,2
11,11,84,0.0028598426298559318,1,1,1,1,1,1,1,2,2,2,2,2,0,3,0,0,0,0,3,3,3,3,0,0,0
11,11,84,0.002032640836919106,3,3,3,3,3,3,0,0,0,3,0,0,1,2,1,1,1,1,2,2,2,2,2,2,2
11,11,84,0.00016653586282057553,3,3,3,3,3,3,0,0,0,3,0,0,2,2,2,2,1,2,1,2,1,1,1,2,2
11,11,84,0.00012285983878598138,3,3,3,3,3,3,0,0,3,0,0,0,2,2,2,1,2,2,1,1,1,2,1,2,2
11,11,84,0.0005408811909322614,3,3,3,3,3,3,0,0,0,3,0,0,2,2,2,1,2,2,2,1,1,1,1,2,2
11,11,84,0.0009413168172296287,1,1,1,1,1,1,2,2,1,2,2,2,0,0,0,0,0,3,0,3,3,3,3,0,0
11,11,84,0.0030170570970079573,1,1,1,1,1,1,1,2,2,2,2,2,0,0,3,0,0,0,3,3,3,3,0,0,0
11,11,84,0.00091613943923829,3,3,3,3,3,3,0,0,0,3,0,0,2,1,2,2,2,2,2,1,1,1,1,2,2
11,11,84,0.0001063792268565361,1,1,1,1,1,1,2,2,2,2,1,2,0,0,0,3,0,0,3,3,3,3,0,0,0
11,11,84,6.063712027685119e-05,3,3,3,3,3,3,0,0,0,0,3,0,2,2,2,2,2,1,2,1,1,1,1,2,2
11,11,84,0.0032653713898691053,3,3,3,3,3,3,0,3,0,0,0,0,1,1,1,2,1,1,2,2,2,2,2,2,2
11,11,84,3.0126366413300877e-05,3,3,3,3,3,3,0,0,0,0,3,0,2,2,1,2,2,2,1,1,1,1,2,2,2
11,11,84,0.0014103656033965233,1,1,1,1,1,1,2,2,1,2,2,2,0,3,0,0,0,0,3,3,0,3,3,0,0
11,11,84,0.000243941885614559,3,3,3,3,3,3,0,0,0,3,0,0,2,2,2,2,2,2,1,1,1,1,1,2,2
11,11,84,0.006788618710424303,3,3,3,3,3,3,3,0,0,0,0,0,1,1,1,2,1,1,2,2,2,2,2,2,2
11,11,84,0.0004296971209476072,3,3,3,3,3,3,0,0,0,3,0,0,1,1,1,1,2,1,2,2,2,2,2,2,2
11,11,84,0.0003479186909070361,1,1,1,1,1,1,2,2,2,1,2,2,0,0,0,0,3,0,3,0,3,3,3,0,0
11,11,84,0.001707833441458318,1,1,1,1,1,1,1,2,2,2,2,2,0,0,0,3,0,0,3,3,3,0,3,0,0
11,11,84,0.0008094719217940669,3,3,3,3,3,3,3,0,0,0,0,0,2,1,2,2,2,2,1,1,1,1,2,2,2
11,11,84,0.00045203964149335654,3,3,3,3,3,3,0,3,0,0,0,0,2,2,2,1,2,2,1,1,2,1,1,2,2
11,11,84,0.02379267025024683,1,1,1,1,1,1,2,1,2,2,2,2,3,0,3,3,3,3,0,0,0,0,0,0,0
11,11,84,0.00013126831426018813,3,3,3,3,3,3,0,0,0,0,3,0,1,2,2,2,2,2,1,1,2,1,1,2,2
11,11,84,0.0007128465264876103,3,3,3,3,3,3,0,3,0,0,0,0,2,2,2,1,2,2,1,2,1,1,1,2,2
11,11,84,0.0008711180591278229,3,3,3,3,3,3,3,0,0,0,0,0,2,2,2,1,2,2,1,1,2,1,1,2,2
11,11,84,1.1435526644921225e-05,1,1,1,1,1,1,2,2,2,1,2,2,0,0,0,0,0,3,3,3,3,3,0,0,0
11,11,84,0.0012632893552448267,1,1,1,1,1,1,2,1,2,2,2,2,0,0,0,3,0,0,3,3,0,3,3,0,0
11,11,84,0.0004923042269069868,1,1,1,1,1,1,2,2,2,1,2,2,0,3,0,0,0,0,3,3,3,0,3,0,0
11,11,84,0.000277527739080105,3,3,3,3,3,3,0,0,0,0,3,0,1,2,2,2,2,2,1,2,1,1,1,2,2
11,11,84,0.00017028364046050768,1,1,1,1,1,1,2,2,2,2,1,2,0,3,0,0,0,0,3,3,3,3,0,0,0
11,11,84,0.0002326024558322002,1,1,1,1,1,1,2,2,2,2,2,1,3,0,0,0,0,0,3,3,3,0,3,0,0
11,11,84,0.012646779549088511,1,1,1,1,1,1,2,2,1,2,2,2,3,3,0,3,3,3,0,0,0,0,0,0,0
11,11,84,0.0027309286887285183,1,1,1,1,1,1,2,1,2,2,2,2,0,0,0,3,0,0,3,0,3,3,3,0,0
11,11,84,3.795826071213348e-05,3,3,3,3,3,3,0,0,0,0,3,0,2,2,2,2,1,2,1,1,2,1,1,2,2
11,11,84,0.023916491057658446,1,1,1,1,1,1,2,1,2,2,2,2,3,3,0,3,3,3,0,0,0,0,0,0,0
11,11,84,0.000382561609860768,1,1,1,1,1,1,2,2,2,1,2,2,0,0,0,3,0,0,3,3,0,3,3,0,0
11,11,84,0.00048086870026206564,3,3,3,3,3,3,0,0,0,3,0,0,1,2,2,2,2,2,1,2,1,1,1,2,2
11,11,84,0.0002607107881316914,1,1,1,1,1,1,2,2,2,1,2,2,3,0,0,0,0,0,3,3,3,3,0,0,0
11,11,84,1.2780882720794308e-05,3,3,3,3,3,3,0,0,0,0,3,0,2,2,2,2,1,2,1,2,1,1,1,2,2
11,11,84,0.005784070157628637,1,1,1,1,1,1,2,1,2,2,2,2,0,3,0,0,0,0,3,0,3,3,3,0,0
11,11,84,0.003066931368677823,1,1,1,1,1,1,2,2,1,2,2,2,3,0,0,0,0,0,3,0,3,3,3,0,0
11,11,84,0.0002756538502601389,1,1,1,1,1,1,2,2,2,2,1,2,0,0,3,0,0,0,3,3,3,3,0,0,0
11,11,84,0.00010070951196535665,3,3,3,3,3,3,0,0,0,0,3,0,2,2,1,2,2,2,1,1,2,1,1,2,2
11,11,84,0.0001272802944638501,3,3,3,3,3,3,0,0,0,3,0,0,2,1,2,2,2,2,1,1,1,1,2,2,2
11,11,84,0.006722696262706521,3,3,3,3,3,3,0,3,0,0,0,0,1,2,1,1,1,1,2,2,2,2,2,2,2
11,11,84,2.4600796815964987e-05,3,3,3,3,3,3,0,0,0,0,0,3,2,2,2,2,2,1,1,2,1,1,1,2,2
11,11,84,0.0002619600473450022,3,3,3,3,3,3,0,0,0,0,3,0,2,2,1,2,2,2,1,2,1,1,1,2,2
11,11,84,0.0120886970197576,1,1,1,1,1,1,2,1,2,2,2,2,3,0,0,0,0,0,0,3,3,3,3,0,0
11,11,84,0.00014304017992407768,1,1,1,1,1,1,2,2,2,2,1,2,0,3,0,0,0,0,3,3,3,0,3,0,0
11,11,84,0.0014127199765293012,1,1,1,1,1,1,2,2,1,2,2,2,0,0,0,0,0,0,3,3,3,3,3,0,0
11,11,84,9.475150648649015e-05,3,3,3,3,3,3,0,0,3,0,0,0,2,2,2,2,2,1,1,2,1,1,1,2,2
11,11,84,6.0541023414288834e-05,1,1,1,1,1,1,2,2,2,2,1,2,0,0,0,3,0,0,3,3,3,0,3,0,0
11,11,84,0.012117910465976565,1,1,1,1,1,1,2,2,1,2,2,2,0,3,3,3,3,3,0,0,0,0,0,0,0
11,11,84,0.0002691673120371794,1,1,1,1,1,1,2,2,2,2,2,1,0,0,0,0,3,0,0,3,3,3,3,0,0
11,11,84,0.00025605009029741686,3,3,3,3,3,3,0,0,0,3,0,0,2,1,2,2,2,2,1,1,2,1,1,2,2
11,11,84,0.00017845187377830854,3,3,3,3,3,3,0,0,3,0,0,0,1,2,2,2,2,2,1,1,1,2,1,2,2
11,11,84,0.00017057193104819476,1,1,1,1,1,1,2,2,1,2,2,2,0,0,0,0,3,0,3,3,3,0,3,0,0
11,11,84,0.006419318467597154,1,1,1,1,1,1,1,2,2,2,2,2,3,0,0,0,0,0,3,3,0,3,3,0,0
11,11,84,0.00042436374507539594,3,3,3,3,3,3,0,3,0,0,0,0,2,2,2,2,2,1,2,1,1,1,1,2,2
11,11,84,0.0008427694846719257,1,1,1,1,1,1,2,2,2,2,2,1,3,3,3,3,0,3,0,0,0,0,0,0,0
11,11,84,0.006293239383915323,1,1,1,1,1,1,2,2,1,2,2,2,0,0,3,0,0,0,0,3,3,3,3,0,0
11,11,84,0.0033729037790763894,1,1,1,1,1,1,1,2,2,2,2,2,0,0,0,0,0,3,0,3,3,3,3,0,0
11,11,84,0.012163075991380865,1,1,1,1,1,1,1,2,2,2,2,2,3,0,0,0,0,0,3,0,3,3,3,0,0
11,11,84,5.929176420097812e-05,3,3,3,3,3,3,0,0,3,0,0,0,2,2,2,2,1,2,1,1,1,2,1,2,2
11,11,84,0.0008059643863105404,3,3,3,3,3,3,3,0,0,0,0,0,2,2,2,2,2,1,2,1,1,1,1,2,2
11,11,84,3.430657993476368e-05,1,1,1,1,1,1,2,2,2,2,2,1,0,0,0,0,0,3,3,3,0,3,3,0,0
11,11,84,0.0006361612301628446,3,3,3,3,3,3,0,0,0,0,3,0,1,2,1,1,1,1,2,2,2,2,2,2,2
11,11,84,0.0002057433827460197,1,1,1,1,1,1,2,1,2,2,2,2,0,0,0,0,0,3,3,3,3,3,0,0,0
11,11,84,0.00301345346466187,1,1,1,1,1,1,2,2,2,1,2,2,0,0,3,0,0,0,0,3,3,3,3,0,0
11,11,84,2.5417620147745074e-05,3,3,3,3,3,3,0,0,0,0,0,3,2,2,1,2,2,2,1,1,1,2,1,2,2
11,11,84,0.0016187036014317262,3,3,3,3,3,3,3,0,0,0,0,0,2,2,2,2,1,2,2,1,1,1,1,2,2
11,11,84,6.0781265570694755e-05,3,3,3,3,3,3,0,3,0,0,0,0,2,2,2,2,2,1,1,1,1,2,1,2,2
11,11,84,0.0015830997138523712,1,1,1,1,1,1,2,2,2,1,2,2,3,3,3,3,3,0,0,0,0,0,0,0,0
11,11,84,0.0006314524838972887,1,1,1,1,1,1,2,2,2,1,2,2,0,0,0,0,0,0,3,3,3,3,3,0,0
11,11,84,0.0002526867001077342,3,3,3,3,3,3,0,0,3,0,0,0,2,2,1,2,2,2,1,1,1,2,1,2,2
11,11,84,0.005905632688770031,1,1,1,1,1,1,1,2,2,2,2,2,0,0,0,0,0,0,3,3,3,3,3,0,0
11,11,84,0.0007785767804802672,3,3,3,3,3,3,0,3,0,0,0,0,1,2,2,2,2,2,1,1,2,1,1,2,2
11,11,84,0.00023447634465216627,3,3,3,3,3,3,0,0,0,0,3,0,2,2,2,1,2,2,2,1,1,1,1,2,2
11,11,84,0.00028944375003783806,1,1,1,1,1,1,2,2,2,2,2,1,0,0,3,0,0,0,3,3,0,3,3,0,0
11,11,84,0.000107148001757035,3,3,3,3,3,3,0,0,0,0,0,3,2,2,2,2,2,2,1,1,1,1,1,2,2
11,11,84,0.0007854957545847572,1,1,1,1,1,1,2,2,2,1,2,2,3,0,0,0,0,0,3,3,0,3,3,0,0
11,11,84,0.048323460501835114,1,1,1,1,1,1,1,2,2,2,2,2,0,3,3,3,3,3,0,0,0,0,0,0,0
11,11,84,0.001656998201162827,3,3,3,3,3,3,3,0,0,0,0,0,1,2,2,2,2,2,1,1,2,1,1,2,2
11,11,84,7.212069535305361e-05,3,3,3,3,3,3,0,0,0,0,0,3,1,2,2,2,2,2,1,1,1,2,1,2,2
11,11,84,0.0008814004234219956,1,1,1,1,1,1,2,1,2,2,2,2,0,0,0,3,0,0,3,3,3,3,0,0,0
11,11,84,0.0008652561505115183,1,1,1,1,1,1,1,2,2,2,2,2,0,0,0,0,3,0,3,3,3,0,3,0,0
11,11,84,0.00011065553724056125,1,1,1,1,1,1,2,2,2,2,2,1,0,0,0,0,0,3,3,0,3,3,3,0,0
11,11,84,0.00022183960722521552,3,3,3,3,3,3,0,0,0,0,3,0,1,1,1,1,2,1,2,2,2,2,2,2,2
11,11,84,0.0006826240632117472,1,1,1,1,1,1,2,2,1,2,2,2,0,3,0,0,0,0,3,3,3,0,3,0,0
11,11,84,0.02468137403522361,1,1,1,1,1,1,1,2,2,2,2,2,0,0,3,0,0,0,0,3,3,3,3,0,0
11,11,84,0.0005306468750693697,3,3,3,3,3,3,0,3,0,0,0,0,2,2,2,2,1,2,1,2,1,1,1,2,2
11,11,84,0.0007977000561301771,1,1,1,1,1,1,2,2,1,2,2,2,3,0,0,0,0,0,3,3,3,3,0,0,0
11,11,84,5.7465923812293224e-05,3,3,3,3,3,3,0,0,3,0,0,0,2,2,2,2,2,1,1,1,2,1,1,2,2
11,11,84,0.0007463362830905939,1,1,1,1,1,1,2,1,2,2,2,2,0,0,0,0,3,0,3,3,0,3,3,0,0
11,11,84,0.0004560276612896947,1,1,1,1,1,1,2,2,2,2,1,2,3,0,0,0,0,0,3,3,0,3,3,0,0
11,11,84,0.000806060483173103,3,3,3,3,3,3,3,0,0,0,0,0,2,2,2,2,1,2,1,2,1,1,1,2,2
11,11,84,0.0004719316920437658,3,3,3,3,3,3,0,0,0,3,0,0,2,2,1,2,2,2,1,2,1,1,1,2,2
11,11,84,0.000762240313844665,3,3,3,3,3,3,0,3,0,0,0,0,2,2,1,2,2,2,1,1,2,1,1,2,2
11,11,84,0.0012896198955869135,1,1,1,1,1,1,2,1,2,2,2,2,0,0,3,0,0,0,3,3,3,0,3,0,0
11,11,84,0.0014426061007861962,1,1,1,1,1,1,2,1,2,2,2,2,0,0,0,0,3,0,3,0,3,3,3,0,0
11,11,84,9.0475196102465e-05,3,3,3,3,3,3,0,0,0,0,3,0,2,1,2,2,2,2,1,1,2,1,1,2,2
11,11,84,0.00014231945345485994,1,1,1,1,1,1,2,2,2,2,1,2,0,0,0,0,0,3,0,3,3,3,3,0,0
11,11,84,0.0009141694535557612,1,1,1,1,1,1,2,2,2,2,1,2,3,0,0,0,0,0,3,0,3,3,3,0,0
11,11,84,0.00015476399715668598,3,3,3,3,3,3,3,0,0,0,0,0,2,2,2,2,2,1,1,1,1,1,2,2,2
11,11,84,0.0018139724261584487,3,3,3,3,3,3,0,3,0,0,0,0,2,2,1,2,2,2,1,2,1,1,1,2,2
11,11,84,0.0005470794385675338,3,3,3,3,3,3,0,0,0,0,0,3,2,1,2,2,2,2,2,1,1,1,1,2,2
11,11,84,0.0033439305750138375,3,3,3,3,3,3,0,3,0,0,0,0,2,2,1,2,2,2,2,1,1,1,1,2,2
11,11,84,0.005920383557173348,1,1,1,1,1,1,2,2,2,1,2,2,3,3,0,3,3,3,0,0,0,0,0,0,0
11,11,84,0.0034871629486630403,3,3,3,3,3,3,3,0,0,0,0,0,2,2,1,2,2,2,1,2,1,1,1,2,2
11,11,84,0.00041830964273396713,1,1,1,1,1,1,2,2,1,2,2,2,0,0,0,3,0,0,3,3,3,3,0,0,0
11,11,84,0.0016656469187934415,3,3,3,3,3,3,0,0,3,0,0,0,2,1,2,2,2,2,2,1,1,1,1,2,2
11,11,84,0.0004499735589482657,1,1,1,1,1,1,2,2,2,1,2,2,0,0,0,0,0,3,0,3,3,3,3,0,0
11,11,84,0.011563623762716859,1,1,1,1,1,1,2,1,2,2,2,2,3,3,3,0,3,3,0,0,0,0,0,0,0
11,11,84,0.00030635679784881396,1,1,1,1,1,1,2,2,2,2,1,2,0,0,0,0,0,0,3,3,3,3,3,0,0
11,11,84,0.0004159552696011893,1,1,1,1,1,1,2,1,2,2,2,2,0,0,0,0,0,3,3,3,0,3,3,0,0
11,11,84,0.0031083491164422055,1,1,1,1,1,1,2,2,1,2,2,2,3,3,3,3,3,0,0,0,0,0,0,0,0
11,11,84,0.0034344538195475826,1,1,1,1,1,1,2,2,2,2,1,2,0,3,3,3,3,3,0,0,0,0,0,0,0
11,11,84,0.0030051410860502236,1,1,1,1,1,1,1,2,2,2,2,2,0,3,0,0,0,0,3,3,3,0,3,0,0
11,11,84,2.3880070346747262e-05,3,3,3,3,3,3,0,0,0,3,0,0,2,2,2,2,2,1,1,2,1,1,1,2,2
11,11,84,1.8114258593005478e-05,3,3,3,3,3,3,0,0,0,0,3,0,2,2,2,1,2,2,1,1,1,1,2,2,2
11,11,84,0.002896551631354753,1,1,1,1,1,1,1,2,2,2,2,2,3,0,0,0,0,0,3,3,3,3,0,0,0
11,11,84,0.003638467458767485,3,3,3,3,3,3,3,0,0,0,0,0,1,2,2,2,2,2,1,2,1,1,1,2,2
11,11,84,8.653522473740808e-05,1,1,1,1,1,1,2,2,2,2,1,2,0,0,0,0,3,0,3,3,3,0,3,0,0
11,11,84,2.4216409365715534e-05,3,3,3,3,3,3,0,0,0,0,0,3,2,2,2,2,1,2,1,2,1,1,1,2,2
11,11,84,0.0058849238148878415,1,1,1,1,1,1,2,2,2,1,2,2,3,0,3,3,3,3,0,0,0,0,0,0,0
11,11,84,0.00018340086220027023,1,1,1,1,1,1,2,2,2,2,2,1,0,3,0,0,0,0,3,3,3,3,0,0,0
11,11,84,0.0013958069287183252,1,1,1,1,1,1,2,2,2,2,1,2,0,0,3,0,0,0,0,3,3,3,3,0,0
11,11,84,0.0008922113204602614,1,1,1,1,1,1,2,2,2,1,2,2,0,0,0,0,3,0,0,3,3,3,3,0,0
11,11,84,0.013907810628063193,3,3,3,3,3,3,3,0,0,0,0,0,1,2,1,1,1,1,2,2,2,2,2,2,2
11,11,84,0.0003524832918787483,3,3,3,3,3,3,0,0,0,0,0,3,1,1,1,2,1,1,2,2,2,2,2,2,2
11,11,84,0.001943222706304828,3,3,3,3,3,3,0,3,0,0,0,0,2,2,2,1,2,2,2,1,1,1,1,2,2
11,11,84,0.00015827153264021224,3,3,3,3,3,3,0,0,0,3,0,0,2,2,2,2,1,2,2,1,1,1,1,2,2
11,11,84,1.744158055506893e-05,3,3,3,3,3,3,0,0,0,3,0,0,2,2,2,2,2,1,1,1,1,2,1,2,2
11,11,84,4.742380167452625e-05,3,3,3,3,3,3,0,0,0,0,0,3,2,1,2,2,2,2,1,1,1,1,2,2,2
11,11,84,0.0017125902361551544,3,3,3,3,3,3,0,0,3,0,0,0,1,1,1,2,1,1,2,2,2,2,2,2,2
11,11,84,0.00053674902584208,3,3,3,3,3,3,0,0,0,0,3,0,1,2,2,2,2,2,2,1,1,1,1,2,2
11,11,84,0.0036097344968613306,3,3,3,3,3,3,3,0,0,0,0,0,2,2,2,1,2,2,2,1,1,1,1,2,2
11,11,84,7.365824515405142e-05,3,3,3,3,3,3,0,0,0,0,0,3,2,2,1,2,2,2,1,1,1,1,2,2,2
11,11,84,0.01248307854371356,1,1,1,1,1,1,1,2,2,2,2,2,3,3,3,3,3,0,0,0,0,0,0,0,0
11,11,84,1.7153289967381842e-05,3,3,3,3,3,3,0,0,0,0,0,3,2,2,2,1,2,2,1,1,2,1,1,2,2
11,11,84,0.0018086390502862384,3,3,3,3,3,3,0,3,0,0,0,0,1,1,1,1,2,1,2,2,2,2,2,2,2
11,11,84,7.192850162792889e-05,3,3,3,3,3,3,0,0,0,0,0,3,2,2,2,1,2,2,1,2,1,1,1,2,2
11,11,84,0.0035318960381858205,3,3,3,3,3,3,3,0,0,0,0,0,1,1,1,1,2,1,2,2,2,2,2,2,2
11,11,84,0.0001432323736492024,3,3,3,3,3,3,0,0,3,0,0,0,2,2,2,1,2,2,1,1,2,1,1,2,2
11,11,84,0.012405432278763177,1,1,1,1,1,1,2,1,2,2,2,2,0,3,0,0,0,0,0,3,3,3,3,0,0
11,11,84,0.00017009144673538288,1,1,1,1,1,1,2,2,2,2,2,1,0,0,0,3,0,0,3,3,3,0,3,0,0
11,11,84,0.012062222334121677,1,1,1,1,1,1,2,2,1,2,2,2,3,0,3,3,3,3,0,0,0,0,0,0,0
11,11,84,0.0003945256692497823,1,1,1,1,1,1,2,1,2,2,2,2,0,0,0,0,3,0,3,3,3,3,0,0,0
11,11,84,0.0004411806960238095,3,3,3,3,3,3,0,0,3,0,0,0,2,2,2,1,2,2,1,2,1,1,1,2,2
11,11,84,0.00022083059016831072,3,3,3,3,3,3,0,0,3,0,0,0,2,1,2,2,2,2,1,1,1,1,2,2,2
11,11,84,0.00028737766749274723,1,1,1,1,1,1,2,2,2,2,1,2,3,0,0,0,0,0,3,3,3,3,0,0,0
11,11,84,0.00023937728464284685,3,3,3,3,3,3,0,0,3,0,0,0,2,2,2,2,1,2,1,2,1,1,1,2,2
11,11,84,0.0005626471303026366,1,1,1,1,1,1,2,2,1,2,2,2,0,0,0,3,0,0,3,3,0,3,3,0,0
11,11,84,0.0005224786417515689,3,3,3,3,3,3,0,0,0,0,3,0,2,2,1,2,2,2,2,1,1,1,1,2,2
11,11,84,5.8234698712792124e-05,3,3,3,3,3,3,0,3,0,0,0,0,2,2,2,2,2,1,1,1,1,1,2,2,2
11,11,84,0.0013094158492747614,1,1,1,1,1,1,2,2,1,2,2,2,0,0,0,3,0,0,3,0,3,3,3,0,0
11,11,84,0.0008011595431824224,1,1,1,1,1,1,2,2,2,2,1,2,0,0,3,0,0,0,3,0,3,3,3,0,0
11,11,84,4.7760140693494524e-05,3,3,3,3,3,3,0,0,0,0,3,0,2,1,2,2,2,2,1,1,1,2,1,2,2
11,11,84,0.0031910404666771175,1,1,1,1,1,1,2,2,1,2,2,2,0,3,0,0,0,0,3,0,3,3,3,0,0
11,11,84,3.5507790716793214e-05,3,3,3,3,3,3,0,0,0,3,0,0,2,2,2,2,1,2,1,1,1,1,2,2,2
11,11,84,0.005938545864197643,1,1,1,1,1,1,2,1,2,2,2,2,0,0,0,3,0,0,0,3,3,3,3,0,0
11,11,84,0.0003781411541828994,1,1,1,1,1,1,2,2,2,2,2,1,0,3,0,0,0,0,3,3,0,3,3,0,0
11,11,84,0.0015713278481884814,1,1,1,1,1,1,2,1,2,2,2,2,0,0,0,0,0,3,0,3,3,3,3,0,0
11,11,84,0.00011771865663889498,3,3,3,3,3,3,0,3,0,0,0,0,2,2,2,1,2,2,1,1,1,1,2,2,2
11,11,84,0.00011906401271476804,3,3,3,3,3,3,0,0,3,0,0,0,2,2,2,1,2,2,1,1,1,1,2,2,2
11,11,84,0.001009929977099156,3,3,3,3,3,3,0,0,0,3,0,0,1,2,2,2,2,2,2,1,1,1,1,2,2
11,11,84,8.427694846719257e-05,3,3,3,3,3,3,0,0,0,3,0,0,2,2,2,1,2,2,1,1,2,1,1,2,2
11,11,84,0.0007392731636922605,1,1,1,1,1,1,2,2,2,2,1,2,3,3,3,3,3,0,0,0,0,0,0,0,0
11,11,84,0.00012708810073872539,3,3,3,3,3,3,0,0,0,0,3,0,1,2,2,2,2,2,1,1,1,1,2,2,2
11,11,84,0.04851973834361888,1,1,1,1,1,1,1,2,2,2,2,2,3,0,3,3,3,3,0,0,0,0,0,0,0
11,11,84,0.0003077502023559683,3,3,3,3,3,3,3,0,0,0,0,0,2,2,2,1,2,2,1,1,1,1,2,2,2
11,11,84,0.006041321458708085,1,1,1,1,1,1,2,2,1,2,2,2,3,0,0,0,0,0,0,3,3,3,3,0,0
11,11,84,0.00014779697462091466,3,3,3,3,3,3,0,0,0,0,3,0,1,1,1,1,1,2,2,2,2,2,2,2,2
11,11,84,0.0029585821561387594,1,1,1,1,1,1,1,2,2,2,2,2,0,0,0,3,0,0,3,3,0,3,3,0,0
11,11,84,0.0002799301606441641,3,3,3,3,3,3,0,0,0,0,0,3,2,2,1,2,2,2,1,2,1,1,1,2,2
11,11,84,1.1387478213640043e-05,3,3,3,3,3,3,0,0,0,0,3,0,2,2,2,2,2,1,1,1,2,1,1,2,2
11,11,84,0.00015490814245052955,3,3,3,3,3,3,0,0,0,0,3,0,2,2,2,2,1,2,2,1,1,1,1,2,2
11,11,84,0.0062247223209083566,1,1,1,1,1,1,1,2,2,2,2,2,0,0,0,3,0,0,3,0,3,3,3,0,0
11,11,84,1.2540640564388401e-05,3,3,3,3,3,3,0,0,0,0,3,0,2,2,2,2,1,2,1,1,1,1,2,2,2
11,11,84,0.0007279817823411827,3,3,3,3,3,3,0,0,0,0,3,0,1,1,2,1,1,1,2,2,2,2,2,2,2
11,11,84,0.04825600050431637,1,1,1,1,1,1,1,2,2,2,2,2,3,3,0,3,3,3,0,0,0,0,0,0,0
11,11,84,0.0006939634929941061,1,1,1,1,1,1,2,2,2,1,2,2,0,3,0,0,0,0,3,3,0,3,3,0,0
11,11,84,0.0002529749906954213,3,3,3,3,3,3,0,0,3,0,0,0,2,2,2,2,2,1,2,1,1,1,1,2,2
11,11,84,0.00352257464251727,3,3,3,3,3,3,0,3,0,0,0,0,1,2,2,2,2,2,2,1,1,1,1,2,2
11,11,84,0.0002020436535373687,1,1,1,1,1,1,2,1,2,2,2,2,0,0,0,0,0,3,3,3,3,0,3,0,0
11,11,84,0.012659464334946769,1,1,1,1,1,1,1,2,2,2,2,2,0,3,0,0,0,0,3,0,3,3,3,0,0
11,11,84,0.0017184040963401784,1,1,1,1,1,1,2,2,2,1,2,2,0,3,0,0,0,0,3,0,3,3,3,0,0
11,11,84,0.00017922064867880743,1,1,1,1,1,1,2,2,2,1,2,2,0,0,0,3,0,0,3,3,3,3,0,0,0
11,11,84,0.00708738385613069,3,3,3,3,3,3,3,0,0,0,0,0,1,2,2,2,2,2,2,1,1,1,1,2,2
11,11,84,0.0004987427166986651,1,1,1,1,1,1,2,2,2,2,2,1,3,0,0,0,0,0,3,0,3,3,3,0,0
11,11,84,0.00011877572212708095,1,1,1,1,1,1,2,2,1,2,2,2,0,0,0,0,0,3,3,3,3,3,0,0,0
11,11,84,7.312971240995842e-05,3,3,3,3,3,3,0,0,0,0,0,3,1,2,2,2,2,2,1,1,2,1,1,2,2
11,11,84,0.0008041865943531367,3,3,3,3,3,3,0,3,0,0,0,0,2,2,2,2,1,2,2,1,1,1,1,2,2
11,11,84,0.0007029005012124059,1,1,1,1,1,1,1,2,2,2,2,2,0,0,0,0,3,0,3,3,3,3,0,0,0
11,11,84,1.2444543701826038e-05,3,3,3,3,3,3,0,0,0,0,0,3,2,2,2,2,1,2,1,1,1,1,2,2,2
11,11,84,0.02397352454558916,1,1,1,1,1,1,1,2,2,2,2,2,3,0,0,0,0,0,0,3,3,3,3,0,0
11,11,84,0.0002458638228658064,3,3,3,3,3,3,0,0,0,0,0,3,1,2,2,2,2,2,1,2,1,1,1,2,2
11,11,84,0.0005457340824916607,3,3,3,3,3,3,0,0,3,0,0,0,1,2,2,2,2,2,1,1,2,1,1,2,2
11,11,84,1.2252349976701312e-05,3,3,3,3,3,3,0,0,3,0,0,0,2,2,2,2,2,1,1,1,1,2,1,2,2
11,11,84,4.8817206181680524e-05,3,3,3,3,3,3,0,0,0,0,0,3,1,2,2,2,2,2,1,1,1,1,2,2,2
11,11,84,0.0001037846115673523,3,3,3,3,3,3,0,0,0,3,0,0,1,2,2,2,2,2,1,1,1,1,2,2,2
11,11,84,0.002992119961173025,1,1,1,1,1,1,2,2,2,2,2,1,3,0,3,3,3,3,0,0,0,0,0,0,0
11,11,84,0.00023856046131106673,1,1,1,1,1,1,2,2,2,2,2,1,0,0,0,0,0,0,3,3,3,3,3,0,0
11,11,84,2.3928118778028447e-05,3,3,3,3,3,3,0,0,0,0,0,3,2,2,2,2,1,2,1,1,2,1,1,2,2
11,11,84,0.0007592613111052322,3,3,3,3,3,3,0,0,3,0,0,0,1,2,2,2,2,2,1,2,1,1,1,2,2
11,11,84,0.00013362268739296608,3,3,3,3,3,3,0,0,0,3,0,0,2,1,2,2,2,2,1,1,1,2,1,2,2
11,11,84,0.001493633534806811,1,1,1,1,1,1,2,1,2,2,2,2,3,0,0,0,0,0,3,3,3,0,3,0,0
11,11,84,0.0032759900931822457,1,1,1,1,1,1,2,2,2,2,1,2,3,0,3,3,3,3,0,0,0,0,0,0,0
11,11,84,0.000385204273581233,1,1,1,1,1,1,2,2,2,2,1,2,0,3,0,0,0,0,3,3,0,3,3,0,0
11,11,84,0.0010045005043643831,3,3,3,3,3,3,0,0,0,0,3,0,2,1,1,1,1,1,2,2,2,2,2,2,2
11,11,84,0.0030247448460129465,1,1,1,1,1,1,2,2,2,2,2,1,0,3,3,3,3,3,0,0,0,0,0,0,0
11,11,84,0.0002918942200331783,1,1,1,1,1,1,2,2,2,1,2,2,0,0,3,0,0,0,3,3,3,3,0,0,0
11,11,84,0.00011276966821693327,3,3,3,3,3,3,0,0,3,0,0,0,2,2,2,2,1,2,1,1,2,1,1,2,2
11,11,84,0.0002039175423573348,1,1,1,1,1,1,2,2,2,2,1,2,0,0,0,3,0,0,3,3,0,3,3,0,0
11,11,84,0.006140109033422194,3,3,3,3,3,3,3,0,0,0,0,0,2,2,1,2,2,2,2,1,1,1,1,2,2
11,11,84,4.771209226221335e-05,1,1,1,1,1,1,2,2,2,2,2,1,0,0,0,0,3,0,3,3,3,0,3,0,0
11,11,84,0.0002525425548138906,3,3,3,3,3,3,0,3,0,0,0,0,2,1,2,2,2,2,1,1,1,2,1,2,2
11,11,84,1.2396495270544858e-05,3,3,3,3,3,3,0,0,0,0,0,3,2,2,2,2,2,1,1,1,1,1,2,2,2
11,11,84,8.850521041993655e-05,3,3,3,3,3,3,0,0,0,0,0,3,2,2,1,2,2,2,1,1,2,1,1,2,2
11,11,84,0.0003549337618740887,1,1,1,1,1,1,2,2,2,2,1,2,0,0,0,3,0,0,3,0,3,3,3,0,0
11,11,84,0.0015045405287076388,3,3,3,3,3,3,0,3,0,0,0,0,2,1,2,2,2,2,1,2,1,1,1,2,2
11,11,84,0.0002981885645310131,1,1,1,1,1,1,2,2,1,2,2,2,0,0,0,0,3,0,3,3,0,3,3,0,0
11,11,84,0.0009143135988496051,3,3,3,3,3,3,3,0,0,0,0,0,2,1,2,2,2,2,1,1,1,2,1,2,2
11,11,84,0.0017183560479088966,1,1,1,1,1,1,2,2,2,2,2,1,0,0,3,0,0,0,0,3,3,3,3,0,0
11,11,84,0.002879013953937123,1,1,1,1,1,1,2,2,2,2,1,2,3,3,0,3,3,3,0,0,0,0,0,0,0
11,11,84,0.0004123516372551006,1,1,1,1,1,1,1,2,2,2,2,2,0,0,0,0,0,3,3,3,3,3,0,0,0
11,11,84,2.4504699953402623e-05,3,3,3,3,3,3,0,0,3,0,0,0,2,2,2,2,2,1,1,1,1,1,2,2,2
11,11,84,0.000500808799243756,3,3,3,3,3,3,0,0,3,0,0,0,2,2,1,2,2,2,1,1,2,1,1,2,2
11,11,84,0.0008707336716775731,1,1,1,1,1,1,2,2,1,2,2,2,0,0,3,0,0,0,3,3,3,0,3,0,0
11,11,84,0.00031582233881120674,1,1,1,1,1,1,2,2,2,1,2,2,3,0,0,0,0,0,3,3,3,0,3,0,0
11,11,84,0.0007772794728356749,1,1,1,1,1,1,2,2,1,2,2,2,0,0,0,0,3,0,3,0,3,3,3,0,0
11,11,84,0.000785447706153476,1,1,1,1,1,1,2,2,2,2,1,2,0,3,0,0,0,0,3,0,3,3,3,0,0
11,11,84,0.0011325976221600131,3,3,3,3,3,3,0,0,3,0,0,0,2,2,1,2,2,2,1,2,1,1,1,2,2
11,11,84,0.0004677034300910218,3,3,3,3,3,3,0,3,0,0,0,0,1,2,2,2,2,2,1,1,1,1,2,2,2
11,11,84,0.005923314511481506,1,1,1,1,1,1,2,1,2,2,2,2,3,3,3,3,0,3,0,0,0,0,0,0,0
11,11,84,0.0018697566548759013,3,3,3,3,3,3,0,3,0,0,0,0,1,1,1,1,1,2,2,2,2,2,2,2,2
11,11,84,0.0007022758716057505,3,3,3,3,3,3,0,0,0,3,0,0,2,2,1,2,2,2,2,1,1,1,1,2,2
11,11,84,0.0007669971085415023,3,3,3,3,3,3,3,0,0,0,0,0,1,2,2,2,2,2,1,1,1,1,2,2,2
11,11,84,0.0030405527799044576,1,1,1,1,1,1,2,1,2,2,2,2,0,0,0,0,3,0,0,3,3,3,3,0,0
11,11,84,0.0013083587837865753,1,1,1,1,1,1,1,2,2,2,2,2,0,0,0,3,0,0,3,3,3,3,0,0,0
11,11,84,5.938786106354048e-05,3,3,3,3,3,3,0,0,0,3,0,0,2,2,2,1,2,2,1,1,1,2,1,2,2
11,11,84,0.001338389053337313,1,1,1,1,1,1,2,2,2,2,1,2,3,0,0,0,0,0,0,3,3,3,3,0,0
11,11,84,0.0031421752120641545,3,3,3,3,3,3,3,0,0,0,0,0,1,1,1,1,1,2,2,2,2,2,2,2,2
11,11,84,8.643912787484573e-05,3,3,3,3,3,3,0,3,0,0,0,0,2,2,2,2,1,2,1,1,1,1,2,2,2
11,11,84,0.00696788740753439,3,3,3,3,3,3,0,3,0,0,0,0,1,1,2,1,1,1,2,2,2,2,2,2,2
11,11,84,0.0001938754202195678,1,1,1,1,1,1,2,2,1,2,2,2,0,0,0,0,0,3,3,3,0,3,3,0,0
11,11,84,2.4408603090840262e-05,3,3,3,3,3,3,0,0,0,3,0,0,2,2,2,2,2,1,1,1,2,1,1,2,2
11,11,84,0.00022203180095034026,3,3,3,3,3,3,3,0,0,0,0,0,2,2,2,2,1,2,1,1,1,1,2,2,2
11,11,84,0.0007542162258207082,3,3,3,3,3,3,0,0,0,0,0,3,1,2,1,1,1,1,2,2,2,2,2,2,2
11,11,84,0.014134743369004195,3,3,3,3,3,3,3,0,0,0,0,0,1,1,2,1,1,1,2,2,2,2,2,2,2
11,11,84,0.001504828819295327,1,1,1,1,1,1,2,2,2,1,2,2,3,0,0,0,0,0,3,0,3,3,3,0,0
11,11,84,0.0002904047186634617,1,1,1,1,1,1,2,2,2,1,2,2,0,3,0,0,0,0,3,3,3,3,0,0,0
11,11,84,0.00025259060324517177,1,1,1,1,1,1,2,2,2,2,2,1,0,3,0,0,0,0,3,3,3,0,3,0,0
11,11,84,0.00013232537974837416,1,1,1,1,1,1,2,2,2,2,2,1,3,0,0,0,0,0,3,3,3,3,0,0,0
11,11,84,0.0003760750716378084,3,3,3,3,3,3,0,3,0,0,0,0,2,2,1,2,2,2,1,1,1,1,2,2,2
11,11,84,0.003618575408217071,3,3,3,3,3,3,0,0,3,0,0,0,1,2,1,1,1,1,2,2,2,2,2,2,2
11,11,84,0.0026503995179012595,1,1,1,1,1,1,1,2,2,2,2,2,0,0,3,0,0,0,3,3,3,0,3,0,0
11,11,84,0.002929176516194677,1,1,1,1,1,1,1,2,2,2,2,2,0,0,0,0,3,0,3,0,3,3,3,0,0
11,11,84,0.00025134134403186103,3,3,3,3,3,3,0,0,0,0,3,0,2,1,2,2,2,2,1,2,1,1,1,2,2
11,11,84,0.0008781811785261564,3,3,3,3,3,3,3,0,0,0,0,0,2,2,1,2,2,2,1,1,1,1,2,2,2
11,11,84,0.00021597769860891134,3,3,3,3,3,3,0,0,0,0,0,3,2,2,2,1,2,2,2,1,1,1,1,2,2
11,11,84,0.0018002305748120297,3,3,3,3,3,3,3,0,0,0,0,0,2,1,2,2,2,2,1,1,2,1,1,2,2
11,11,84,4.953793265089825e-05,1,1,1,1,1,1,2,2,2,2,1,2,0,0,0,0,0,3,3,3,3,3,0,0,0
11,11,84,9.431907060495952e-05,3,3,3,3,3,3,0,3,0,0,0,0,2,2,2,2,2,1,1,1,2,1,1,2,2
11,11,84,0.002939122541469881,1,1,1,1,1,1,2,1,2,2,2,2,0,0,3,0,0,0,3,3,0,3,3,0,0
11,11,84,0.0008518986866153502,3,3,3,3,3,3,0,0,3,0,0,0,2,2,2,1,2,2,2,1,1,1,1,2,2
11,11,84,0.00025263865167645294,3,3,3,3,3,3,0,0,0,0,0,3,1,1,1,1,2,1,2,2,2,2,2,2,2
11,11,84,0.00602974178676933,1,1,1,1,1,1,2,1,2,2,2,2,0,0,3,0,0,0,3,0,3,3,3,0,0
11,11,84,0.024194066845169806,1,1,1,1,1,1,1,2,2,2,2,2,3,3,3,0,3,3,0,0,0,0,0,0,0
11,11,84,0.0016673286138882816,3,3,3,3,3,3,0,3,0,0,0,0,1,2,2,2,2,2,1,2,1,1,1,2,2
11,11,84,0.007245319049751936,3,3,3,3,3,3,0,3,0,0,0,0,2,1,1,1,1,1,2,2,2,2,2,2,2
11,11,84,0.0006830084506619967,1,1,1,1,1,1,2,1,2,2,2,2,0,0,0,0,0,3,3,0,3,3,3,0,0
11,11,84,9.672149216901859e-05,3,3,3,3,3,3,0,0,0,3,0,0,2,2,1,2,2,2,1,1,1,1,2,2,2
11,11,84,0.0007681022224609691,3,3,3,3,3,3,0,0,3,0,0,0,1,1,1,1,2,1,2,2,2,2,2,2,2
11,11,84,5.256498382161269e-05,1,1,1,1,1,1,2,2,2,1,2,2,0,0,0,0,0,3,3,3,3,0,3,0,0
11,11,84,0.014065697773253175,3,3,3,3,3,3,3,0,0,0,0,0,2,1,1,1,1,1,2,2,2,2,2,2,2
11,11,84,0.0008221567076522983,1,1,1,1,1,1,2,2,2,2,2,1,3,3,3,3,3,0,0,0,0,0,0,0,0
11,11,84,0.0058757465645131336,1,1,1,1,1,1,2,2,1,2,2,2,3,3,3,0,3,3,0,0,0,0,0,0,0
11,11,84,0.0002507167144252057,1,1,1,1,1,1,2,2,2,1,2,2,0,0,0,3,0,0,3,3,3,0,3,0,0
11,11,84,0.0008684273469760764,1,1,1,1,1,1,2,2,2,2,2,1,0,0,3,0,0,0,3,0,3,3,3,0,0
11,11,84,0.006662203287723522,1,1,1,1,1,1,2,2,1,2,2,2,0,3,0,0,0,0,0,3,3,3,3,0,0
11,11,84,0.00013501609190012034,3,3,3,3,3,3,0,0,0,0,0,3,2,1,2,2,2,2,1,1,2,1,1,2,2
11,11,84,0.005755529389447612,1,1,1,1,1,1,1,2,2,2,2,2,0,0,0,0,3,0,0,3,3,3,3,0,0
11,11,84,0.000264026129890093,1,1,1,1,1,1,2,2,1,2,2,2,0,0,0,0,3,0,3,3,3,3,0,0,0
11,11,84,0.0004043755976624243,3,3,3,3,3,3,0,0,3,0,0,0,2,1,2,2,2,2,1,1,2,1,1,2,2
11,11,84,0.0001086855515580328,1,1,1,1,1,1,2,2,2,2,1,2,0,0,0,0,3,0,3,3,0,3,3,0,0
11,11,84,0.0004117750560797264,3,3,3,3,3,3,0,0,3,0,0,0,2,2,2,2,2,2,1,1,1,1,1,2,2
11,11,84,2.3543731327778994e-05,3,3,3,3,3,3,0,0,0,0,3,0,2,2,2,1,2,2,1,1,1,2,1,2,2
11,11,84,9.388663472342889e-05,1,1,1,1,1,1,2,2,2,1,2,2,0,0,0,0,3,0,3,3,3,3,0,0,0
11,11,84,5.8571037731760396e-05,3,3,3,3,3,3,0,0,0,3,0,0,2,2,2,2,2,1,2,1,1,1,1,2,2
11,11,84,0.00014952671814703718,1,1,1,1,1,1,2,2,2,2,1,2,0,0,0,0,3,0,3,0,3,3,3,0,0
11,11,84,0.00018258403886849014,3,3,3,3,3,3,3,0,0,0,0,0,2,2,2,2,2,1,1,1,2,1,1,2,2
11,11,84,0.0015753158679848193,3,3,3,3,3,3,0,0,3,0,0,0,1,2,2,2,2,2,2,1,1,1,1,2,2
11,11,84,0.00024581577443452517,3,3,3,3,3,3,0,3,0,0,0,0,2,2,2,2,1,2,1,1,2,1,1,2,2
11,11,84,4.655892991146499e-05,3,3,3,3,3,3,0,0,0,0,0,3,2,2,2,1,2,2,1,1,1,1,2,2,2
11,11,84,0.003275557657300715,1,1,1,1,1,1,2,2,1,2,2,2,0,0,0,3,0,0,0,3,3,3,3,0,0
11,11,84,0.0012528147972255292,1,1,1,1,1,1,2,2,2,2,1,2,3,3,3,0,3,3,0,0,0,0,0,0,0
11,11,84,0.02477333873269569,1,1,1,1,1,1,1,2,2,2,2,2,0,3,0,0,0,0,0,3,3,3,3,0,0
11,11,84,3.565193601063676e-05,1,1,1,1,1,1,2,2,2,2,1,2,0,0,0,0,0,3,3,3,0,3,3,0,0
11,11,84,0.0001771545661337166,3,3,3,3,3,3,3,0,0,0,0,0,2,2,2,2,2,1,1,1,1,2,1,2,2
11,11,84,0.006295882047635795,1,1,1,1,1,1,2,2,2,1,2,2,0,3,3,3,3,3,0,0,0,0,0,0,0
11,11,84,0.0016470041274563429,1,1,1,1,1,1,2,1,2,2,2,2,0,3,0,0,0,0,3,3,3,3,0,0,0
11,11,84,4.88652546129617e-05,3,3,3,3,3,3,0,0,0,3,0,0,2,2,2,2,1,2,1,1,2,1,1,2,2
11,11,84,0.00014525040776301197,1,1,1,1,1,1,2,2,2,2,2,1,0,0,0,3,0,0,3,3,0,3,3,0,0
11,11,84,1.1675768801327132e-05,3,3,3,3,3,3,0,0,0,0,3,0,2,2,2,2,2,1,1,1,1,2,1,2,2
11,11,84,0.0038476222801344627,3,3,3,3,3,3,3,0,0,0,0,0,2,1,2,2,2,2,1,2,1,1,1,2,2
11,11,84,0.0005369412195672046,3,3,3,3,3,3,0,0,0,0,0,3,1,2,2,2,2,2,2,1,1,1,1,2,2
11,11,84,0.0003250956860484747,1,1,1,1,1,1,2,2,2,2,2,1,0,0,0,3,0,0,3,0,3,3,3,0,0
11,11,84,0.0014021012732161602,1,1,1,1,1,1,2,1,2,2,2,2,0,0,3,0,0,0,3,3,3,3,0,0,0
11,11,84,0.0030529973236062802,1,1,1,1,1,1,2,2,2,2,2,1,3,3,0,3,3,3,0,0,0,0,0,0,0
11,11,84,5.900347361329102e-05,1,1,1,1,1,1,2,2,1,2,2,2,0,0,0,0,0,3,3,3,3,0,3,0,0
11,11,84,0.0003603632346088621,3,3,3,3,3,3,0,3,0,0,0,0,2,1,2,2,2,2,1,1,1,1,2,2,2
11,11,84,0.0004334929470188206,3,3,3,3,3,3,3,0,0,0,0,0,2,2,2,2,1,2,1,1,2,1,1,2,2
11,11,84,0.00011747841448248905,3,3,3,3,3,3,0,0,0,3,0,0,2,2,1,2,2,2,1,1,1,2,1,2,2
11,11,84,0.0001471723450142593,3,3,3,3,3,3,0,0,0,0,0,3,2,2,2,2,1,2,2,1,1,1,1,2,2
11,11,84,0.012039591522988245,1,1,1,1,1,1,1,2,2,2,2,2,0,0,0,3,0,0,0,3,3,3,3,0,0
11,11,84,0.0007617117811005724,1,1,1,1,1,1,2,2,2,2,2,1,0,3,0,0,0,0,3,0,3,3,3,0,0
11,11,84,0.0017042298091122302,1,1,1,1,1,1,1,2,2,2,2,2,0,0,0,0,3,0,3,3,0,3,3,0,0
11,11,84,0.00018705254297764006,1,1,1,1,1,1,2,2,2,2,2,1,0,0,3,0,0,0,3,3,3,3,0,0,0
11,11,84,0.0003385011983759244,3,3,3,3,3,3,0,0,3,0,0,0,2,2,2,2,1,2,2,1,1,1,1,2,2
11,11,84,0.00018998349728579212,3,3,3,3,3,3,0,0,0,3,0,0,2,2,2,1,2,2,1,2,1,1,1,2,2
11,11,84,0.00017609750064553065,1,1,1,1,1,1,2,2,2,1,2,2,0,0,0,0,3,0,3,3,0,3,3,0,0
11,11,84,0.00085963448405162,1,1,1,1,1,1,2,1,2,2,2,2,0,0,0,3,0,0,3,3,3,0,3,0,0
11,11,84,0.00297808981923892,1,1,1,1,1,1,2,2,2,1,2,2,0,3,0,0,0,0,0,3,3,3,3,0,0
11,11,84,0.0005537101220843369,3,3,3,3,3,3,0,0,0,0,0,3,2,2,1,2,2,2,2,1,1,1,1,2,2
11,11,84,0.001622018943190129,1,1,1,1,1,1,2,2,2,2,2,1,3,0,0,0,0,0,0,3,3,3,3,0,0
11,11,84,2.4696893678527348e-05,3,3,3,3,3,3,0,0,0,0,3,0,2,2,2,2,2,1,1,2,1,1,1,2,2
11,11,84,0.0019354869088685572,3,3,3,3,3,3,0,0,0,3,0,0,1,1,2,1,1,1,2,2,2,2,2,2,2
11,11,84,0.00014553869835069912,3,3,3,3,3,3,0,3,0,0,0,0,2,2,2,1,2,2,1,1,1,2,1,2,2
11,11,84,0.000796835184367116,1,1,1,1,1,1,2,2,1,2,2,2,3,0,0,0,0,0,3,3,3,0,3,0,0
11,11,84,7.091948457102407e-05,3,3,3,3,3,3,0,0,0,0,0,3,2,1,2,2,2,2,1,1,1,2,1,2,2
11,11,84,0.002847013698703856,1,1,1,1,1,1,2,2,2,1,2,2,3,3,3,0,3,3,0,0,0,0,0,0,0
11,11,84,7.048704868949344e-05,3,3,3,3,3,3,0,0,0,0,3,0,1,2,2,2,2,2,1,1,1,2,1,2,2
11,11,84,0.0005247849664530656,3,3,3,3,3,3,3,0,0,0,0,0,2,2,2,1,2,2,1,1,1,2,1,2,2
11,11,84,0.002755913872994733,1,1,1,1,1,1,2,2,2,1,2,2,3,0,0,0,0,0,0,3,3,3,3,0,0
11,11,84,0.0002244342225143993,3,3,3,3,3,3,0,0,3,0,0,0,2,1,2,2,2,2,1,1,1,2,1,2,2
11,11,84,0.0003968319939512789,1,1,1,1,1,1,1,2,2,2,2,2,0,0,0,0,0,3,3,3,3,0,3,0,0
11,11,84,0.0002674375685110569,3,3,3,3,3,3,0,0,0,3,0,0,1,2,2,2,2,2,1,1,2,1,1,2,2
11,11,84,2.3303489171373083e-05,1,1,1,1,1,1,2,2,2,1,2,2,0,0,0,0,3,0,3,3,3,0,3,0,0
11,11,84,0.0008184089300123669,1,1,1,1,1,1,2,2,2,1,2,2,0,0,0,3,0,0,3,0,3,3,3,0,0
11,11,84,0.003245911775200224,1,1,1,1,1,1,2,1,2,2,2,2,0,3,0,0,0,0,3,3,0,3,3,0,0
11,11,84,0.0003404231356271718,1,1,1,1,1,1,2,2,2,1,2,2,0,0,3,0,0,0,3,3,3,0,3,0,0
11,11,84,7.197655005921006e-05,3,3,3,3,3,3,0,0,0,3,0,0,2,2,2,1,2,2,1,1,1,1,2,2,2
11,11,84,1.2012107820295404e-05,1,1,1,1,1,1,2,2,2,2,2,1,0,0,0,0,0,3,3,3,3,3,0,0,0
11,11,84,0.0002636417424398435,3,3,3,3,3,3,0,0,0,0,0,3,1,1,1,1,1,2,2,2,2,2,2,2,2
11,11,84,0.00075796400346064,1,1,1,1,1,1,2,2,2,2,1,2,0,0,0,3,0,0,0,3,3,3,3,0,0
11,11,84,0.00027853675613700985,3,3,3,3,3,3,0,0,3,0,0,0,1,2,2,2,2,2,1,1,1,1,2,2,2
11,11,84,8.221086592210175e-05,3,3,3,3,3,3,0,0,0,0,3,0,2,2,1,2,2,2,1,1,1,2,1,2,2
11,11,84,0.000788090369873941,3,3,3,3,3,3,0,0,3,0,0,0,1,1,1,1,1,2,2,2,2,2,2,2,2
11,11,84,0.0004654932022520874,3,3,3,3,3,3,0,0,0,3,0,0,2,1,2,2,2,2,1,2,1,1,1,2,2
11,11,84,0.0007984207825993948,3,3,3,3,3,3,0,0,0,0,0,3,1,1,2,1,1,1,2,2,2,2,2,2,2
11,11,84,0.0015139580212387514,1,1,1,1,1,1,2,2,1,2,2,2,0,0,0,0,3,0,0,3,3,3,3,0,0
11,11,84,0.002987074875888502,1,1,1,1,1,1,1,2,2,2,2,2,3,0,0,0,0,0,3,3,3,0,3,0,0
11,11,84,0.0008572801109188422,3,3,3,3,3,3,0,3,0,0,0,0,2,1,2,2,2,2,1,1,2,1,1,2,2
11,11,84,4.1898232077190376e-05,3,3,3,3,3,3,0,0,3,0,0,0,2,2,2,2,1,2,1,1,1,1,2,2,2
11,11,84,0.003604256975695279,3,3,3,3,3,3,0,0,3,0,0,0,1,1,2,1,1,1,2,2,2,2,2,2,2
11,11,84,9.595271726851969e-05,3,3,3,3,3,3,0,0,0,0,3,0,2,2,2,2,2,2,1,1,1,1,1,2,2
11,11,84,1.1387478213640043e-05,3,3,3,3,3,3,0,0,0,3,0,0,2,2,2,2,1,2,1,1,1,2,1,2,2
11,11,84,0.003174127418866141,1,1,1,1,1,1,2,2,1,2,2,2,3,3,3,3,0,3,0,0,0,0,0,0,0
11,11,84,0.0032515814900914044,1,1,1,1,1,1,2,1,2,2,2,2,3,0,0,0,0,0,3,3,0,3,3,0,0
11,11,84,0.0001218027732977954,3,3,3,3,3,3,0,0,0,3,0,0,1,2,2,2,2,2,1,1,1,2,1,2,2
11,11,84,0.00027012828066280307,3,3,3,3,3,3,0,0,3,0,0,0,2,2,1,2,2,2,1,1,1,1,2,2,2
11,11,84,0.00065956081619678,1,1,1,1,1,1,2,2,2,1,2,2,0,0,3,0,0,0,3,3,0,3,3,0,0
11,11,84,0.0062723383163080055,1,1,1,1,1,1,2,1,2,2,2,2,3,0,0,0,0,0,3,0,3,3,3,0,0
11,11,84,6.188637949016192e-05,1,1,1,1,1,1,2,2,2,2,2,1,0,0,0,0,3,0,3,3,0,3,3,0,0
11,11,84,5.170011205855142e-05,1,1,1,1,1,1,2,2,2,2,1,2,0,0,0,0,0,3,3,3,3,0,3,0,0
11,11,84,0.001836266898272917,3,3,3,3,3,3,3,0,0,0,0,0,2,2,1,2,2,2,1,1,2,1,1,2,2
11,11,84,0.00013789899777699125,1,1,1,1,1,1,2,2,2,2,2,1,0,0,3,0,0,0,3,3,3,0,3,0,0
11,11,84,0.0001982478274661554,1,1,1,1,1,1,2,2,2,2,2,1,0,0,0,0,3,0,3,0,3,3,3,0,0
11,11,84,0.0008032736741587942,1,1,1,1,1,1,2,2,2,2,1,2,3,3,3,3,0,3,0,0,0,0,0,0,0
11,11,84,0.00016105834165452078,1,1,1,1,1,1,2,2,2,2,1,2,0,0,3,0,0,0,3,3,3,0,3,0,0
11,11,84,0.0015120360839875043,1,1,1,1,1,1,2,2,1,2,2,2,0,0,3,0,0,0,3,3,0,3,3,0,0
11,11,84,0.0008713102528529476,3,3,3,3,3,3,0,0,0,0,0,3,2,1,1,1,1,1,2,2,2,2,2,2,2
11,11,84,0.003494706552374184,1,1,1,1,1,1,2,1,2,2,2,2,0,0,0,0,0,0,3,3,3,3,3,0,0
11,11,84,0.00019781539158462473,1,1,1,1,1,1,2,2,2,2,2,1,0,0,0,0,0,3,0,3,3,3,3,0,0
11,11,84,0.00016874609065950985,3,3,3,3,3,3,0,3,0,0,0,0,2,2,2,2,2,1,1,2,1,1,1,2,2
11,11,84,0.00043012955682913777,3,3,3,3,3,3,0,0,0,0,3,0,2,1,2,2,2,2,2,1,1,1,1,2,2
11,11,84,0.0016843377585618216,1,1,1,1,1,1,2,2,2,2,1,2,0,3,0,0,0,0,0,3,3,3,3,0,0
11,11,84,0.003046991269696132,1,1,1,1,1,1,2,2,1,2,2,2,0,0,3,0,0,0,3,0,3,3,3,0,0
11,11,84,0.025498437609160027,1,1,1,1,1,1,2,1,2,2,2,2,0,3,3,3,3,3,0,0,0,0,0,0,0
11,11,84,0.0032829571157180198,3,3,3,3,3,3,0,0,3,0,0,0,2,1,1,1,1,1,2,2,2,2,2,2,2
11,11,84,0.00043671219191465974,3,3,3,3,3,3,3,0,0,0,0,0,2,2,2,2,2,1,1,2,1,1,1,2,2
11,11,84,0.0003831381910361422,1,1,1,1,1,1,2,2,1,2,2,2,0,0,0,0,0,3,3,0,3,3,3,0,0
11,11,84,0.00047322899968835766,3,3,3,3,3,3,0,3,0,0,0,0,1,2,2,2,2,2,1,1,1,2,1,2,2
11,11,84,0.0014540416274311184,1,1,1,1,1,1,2,2,2,2,2,1,3,3,3,0,3,3,0,0,0,0,0,0,0
11,11,84,0.00025134134403186103,1,1,1,1,1,1,2,1,2,2,2,2,0,0,0,0,3,0,3,3,3,0,3,0,0
11,11,84,0.011768069837818288,1,1,1,1,1,1,1,2,2,2,2,2,3,3,3,3,0,3,0,0,0,0,0,0,0
11,11,84,0.00020055415216765205,1,1,1,1,1,1,2,2,2,2,1,2,3,0,0,0,0,0,3,3,3,0,3,0,0
11,11,84,0.0010497140781999743,3,3,3,3,3,3,3,0,0,0,0,0,1,2,2,2,2,2,1,1,1,2,1,2,2
11,11,84,0.0018092636798928937,3,3,3,3,3,3,0,0,3,0,0,0,2,2,1,2,2,2,2,1,1,1,1,2,2
11,11,84,0.011946810002184276,1,1,1,1,1,1,2,1,2,2,2,2,0,0,3,0,0,0,0,3,3,3,3,0,0
11,11,84,0.0016909684420786228,3,3,3,3,3,3,0,0,0,3,0,0,2,1,1,1,1,1,2,2,2,2,2,2,2
11,11,84,0.0001030158366668534,3,3,3,3,3,3,0,3,0,0,0,0,2,2,2,2,1,2,1,1,1,2,1,2,2
11,11,84,0.0014316030100228055,1,1,1,1,1,1,2,2,2,1,2,2,3,3,3,3,0,3,0,0,0,0,0,0,0
11,11,84,0.00019296250002522538,3,3,3,3,3,3,0,0,0,3,0,0,2,2,1,2,2,2,1,1,2,1,1,2,2
11,11,84,0.00017532872574503168,3,3,3,3,3,3,3,0,0,0,0,0,2,2,2,2,1,2,1,1,1,2,1,2,2
11,11,84,0.0015035315116507342,3,3,3,3,3,3,3,0,0,0,0,0,2,2,2,1,2,2,1,2,1,1,1,2,2
11,11,84,4.737575324324507e-05,1,1,1,1,1,1,2,2,2,2,1,2,0,0,0,0,3,0,3,3,3,3,0,0,0
11,11,84,0.0008901932863464518,3,3,3,3,3,3,0,0,0,3,0,0,1,1,1,2,1,1,2,2,2,2,2,2,2
11,11,84,0.005793487650159752,1,1,1,1,1,1,1,2,2,2,2,2,0,0,3,0,0,0,3,3,0,3,3,0,0
11,11,84,2.532152328518271e-05,3,3,3,3,3,3,0,0,0,0,0,3,2,2,2,2,2,1,2,1,1,1,1,2,2
11,11,84,0.0004437753113129933,3,3,3,3,3,3,0,3,0,0,0,0,2,2,1,2,2,2,1,1,1,2,1,2,2
