map_height,map_width,observation,probability,s_0,s_1,s_2,s_3,s_4,s_5,s_6,s_7,s_8,s_9,s_10,s_11,s_12,s_13,s_14,s_15,s_16,s_17,s_18,s_19,s_20,s_21,s_22,s_23,s_24,s_25
11,11,84,0.0017363185805683915,78,79,80,81,82,83,84,85,74,63,52,41,30,29,28,27,26,25,36,35,46,57,68,79,78,77
11,11,84,0.003466028733078063,78,79,80,81,82,83,84,73,62,51,52,41,30,41,52,51,62,73,84,83,82,81,80,79,78,77
11,11,84,0.001042663093709896,18,29,40,51,62,73,84,83,94,93,92,91,90,91,80,69,58,47,36,37,38,39,40,29,18,7
11,11,84,0.0067885536151864705,78,79,80,81,82,83,84,85,74,63,52,41,30,29,28,27,38,37,36,35,46,57,68,79,78,77
11,11,84,0.00040563816396574684,78,79,80,81,82,83,84,73,62,63,52,41,30,41,40,39,38,37,36,47,58,69,80,79,78,77
11,11,84,0.0004029764359976494,78,79,80,81,82,83,84,73,62,63,52,41,30,29,28,27,38,37,36,47,58,57,68,79,78,77
11,11,84,9.453723472897823e-05,18,29,40,51,62,73,84,83,82,81,80,91,90,91,80,69,58,47,36,37,38,39,28,29,18,7
11,11,84,0.0035461559232901002,78,79,80,81,82,83,84,85,74,63,52,41,30,41,40,39,38,37,36,47,58,57,68,79,78,77
11,11,84,0.0005401472100777057,18,29,40,51,62,73,84,83,82,81,80,91,90,79,80,69,58,47,36,37,26,27,28,29,18,7
11,11,84,1.096815490302223e-05,18,29,40,51,62,73,84,83,82,81,80,91,90,79,68,57,46,35,36,37,38,39,40,29,18,7
11,11,84,0.00025502107446064655,78,79,80,81,82,83,84,73,62,63,52,41,30,29,28,27,38,37,36,47,58,69,68,79,78,77
11,11,84,0.0017555472705448204,78,79,80,81,82,83,84,73,62,63,52,41,30,41,52,63,74,85,84,83,82,81,80,79,78,77
11,11,84,0.00034083885550102966,18,29,40,51,62,73,84,83,82,81,92,91,90,79,68,69,58,47,36,37,38,39,40,29,18,7
11,11,84,0.028033502527448552,78,79,80,81,82,83,84,85,74,63,52,41,30,29,40,51,62,73,84,83,82,81,80,79,78,77
11,11,84,0.003883644672900247,78,79,80,81,82,83,84,73,74,63,52,41,30,29,28,39,38,37,36,47,46,57,68,79,78,77
11,11,84,0.0001263861866231097,18,29,40,51,62,73,84,83,82,81,80,91,90,79,68,57,46,47,36,37,38,27,28,29,18,7
11,11,84,0.0017425598737349655,78,79,80,81,82,83,84,73,62,51,40,41,30,41,40,51,62,73,84,83,82,81,80,79,78,77
11,11,84,0.0005023782080476334,78,79,80,81,82,83,84,73,74,63,52,41,30,29,28,27,26,37,36,47,58,57,68,79,78,77
11,11,84,0.004344903773026932,18,29,40,51,62,73,84,83,94,93,92,91,90,79,80,69,58,47,36,37,26,27,28,29,18,7
11,11,84,1.1840100271881739e-05,18,29,40,51,62,73,84,83,82,81,92,91,90,79,68,57,46,35,36,37,38,39,28,29,18,7
11,11,84,0.0036808026449866166,78,79,80,81,82,83,84,73,62,51,52,41,30,41,40,51,62,73,84,83,82,81,80,79,78,77
11,11,84,0.001811902476490057,78,79,80,81,82,83,84,73,74,63,52,41,30,29,40,39,38,37,36,47,58,57,68,79,78,77
11,11,84,3.363873449336943e-05,18,29,40,51,62,73,84,83,82,81,80,79,90,79,68,57,58,47,36,37,38,39,28,29,18,7
11,11,84,0.004136462938007988,18,29,40,51,62,73,84,83,82,93,92,91,90,91,92,93,82,83,84,73,62,51,40,29,18,7
11,11,84,0.00010224706746415701,18,29,40,51,62,73,84,83,94,93,92,91,90,79,68,57,46,35,36,37,38,39,40,29,18,7
11,11,84,0.0009951191251762928,18,29,40,51,62,73,84,83,94,93,92,91,90,79,68,69,58,47,36,37,38,39,40,29,18,7
11,11,84,0.00024244670440446212,18,29,40,51,62,73,84,83,82,81,92,91,90,79,68,57,58,47,36,37,38,27,28,29,18,7
11,11,84,0.0020273188744598736,18,29,40,51,62,73,84,83,94,93,92,91,90,91,80,69,58,47,36,37,38,27,28,29,18,7
11,11,84,0.0036593252537957615,78,79,80,81,82,83,84,85,74,63,52,41,30,29,28,39,38,37,36,47,58,57,68,79,78,77
11,11,84,0.00032385886673902875,18,29,40,51,62,73,84,83,82,81,80,91,90,79,68,57,46,47,36,25,26,27,28,29,18,7
11,11,84,0.00011592284219679561,18,29,40,51,62,73,84,83,82,81,80,91,90,79,68,69,58,47,36,37,38,39,28,29,18,7
11,11,84,7.663940873659884e-05,78,79,80,81,82,83,84,73,62,51,52,41,30,29,28,27,38,37,36,47,58,69,68,79,78,77
11,11,84,0.0001259272680079205,18,29,40,51,62,73,84,83,82,81,80,91,90,79,68,57,58,47,36,37,38,27,28,29,18,7
11,11,84,0.00016066740717774408,78,79,80,81,82,83,84,73,62,51,40,41,30,29,28,39,38,37,36,47,58,57,68,79,78,77
11,11,84,1.1518857241249288e-05,78,79,80,81,82,83,84,73,62,51,40,29,30,29,28,27,26,37,36,47,58,69,68,79,78,77
11,11,84,0.0002307442797171371,78,79,80,81,82,83,84,73,62,51,40,29,30,29,28,39,38,37,36,47,58,57,68,79,78,77
11,11,84,0.00023652665426852128,78,79,80,81,82,83,84,85,74,63,52,41,30,29,28,27,26,25,36,47,58,69,80,79,78,77
11,11,84,0.004330034809894796,18,29,40,51,62,73,84,83,82,81,92,91,90,79,80,81,82,83,84,73,62,51,40,29,18,7
11,11,84,0.0004631865583104744,78,79,80,81,82,83,84,73,62,51,40,41,30,41,40,39,38,37,36,47,46,57,68,79,78,77
11,11,84,0.0010340354237443382,78,79,80,81,82,83,84,73,74,63,52,41,30,29,28,27,26,25,36,35,46,57,68,79,78,77
11,11,84,0.0033362465487025562,78,79,80,81,82,83,84,85,74,63,52,41,30,29,40,39,38,37,36,47,58,57,68,79,78,77
11,11,84,4.901250810220813e-05,78,79,80,81,82,83,84,73,62,51,40,41,30,29,28,27,26,37,36,47,58,57,68,79,78,77
11,11,84,0.008471637636392897,18,29,40,51,62,73,84,95,94,93,92,91,90,79,80,69,58,47,36,37,26,27,28,29,18,7
11,11,84,0.003926048752943735,18,29,40,51,62,73,84,83,94,93,92,91,90,91,92,93,94,95,84,73,62,51,40,29,18,7
11,11,84,0.0003211512469094125,18,29,40,51,62,73,84,95,94,93,92,91,90,79,68,57,46,35,36,37,38,39,40,29,18,7
11,11,84,0.0012365103167658205,18,29,40,51,62,73,84,83,82,81,92,91,90,79,80,69,58,47,36,37,26,27,28,29,18,7
11,11,84,0.00017246161558810683,18,29,40,51,62,73,84,83,82,81,92,91,90,79,80,69,58,47,36,37,38,39,28,29,18,7
11,11,84,9.283923585277813e-05,18,29,40,51,62,73,84,83,82,81,92,91,90,79,68,57,46,47,36,37,38,27,28,29,18,7
11,11,84,0.014395680364285951,78,79,80,81,82,83,84,73,74,63,52,41,30,29,40,51,62,73,84,83,82,81,80,79,78,77
11,11,84,0.0005784210225844861,18,29,40,51,62,73,84,83,82,93,92,91,90,79,80,69,58,47,36,37,38,39,28,29,18,7
11,11,84,8.113681116545317e-05,18,29,40,51,62,73,84,83,82,81,80,91,90,79,68,57,46,35,36,37,26,27,28,29,18,7
11,11,84,0.001841640402754317,78,79,80,81,82,83,84,73,62,63,52,41,30,41,40,39,38,37,36,47,46,57,68,79,78,77
11,11,84,0.000255342317491279,18,29,40,51,62,73,84,83,82,81,92,91,90,79,68,69,58,47,36,37,38,39,28,29,18,7
11,11,84,6.879190041686327e-05,78,79,80,81,82,83,84,73,62,63,52,41,30,29,28,27,26,25,36,47,58,69,80,79,78,77
11,11,84,0.00032105946318637457,78,79,80,81,82,83,84,73,62,51,52,41,30,29,28,27,26,25,36,35,46,57,68,79,78,77
11,11,84,2.615836106578524e-05,78,79,80,81,82,83,84,73,62,63,52,41,30,29,28,27,26,25,36,47,58,69,68,79,78,77
11,11,84,0.0042147544537592665,18,29,40,51,62,73,84,95,94,93,92,91,90,79,80,69,58,47,36,37,38,27,28,29,18,7
11,11,84,0.000596640091607498,18,29,40,51,62,73,84,83,82,81,80,79,90,79,80,69,58,47,36,37,26,27,28,29,18,7
11,11,84,0.0015550916194301712,78,79,80,81,82,83,84,85,74,63,52,41,30,29,28,39,38,37,36,47,58,69,80,79,78,77
11,11,84,0.0005414780740617542,18,29,40,51,62,73,84,95,94,93,92,91,90,79,68,57,46,47,36,37,38,39,40,29,18,7
11,11,84,6.791995504800377e-05,78,79,80,81,82,83,84,73,62,63,52,41,30,29,28,27,26,25,36,47,58,57,68,79,78,77
11,11,84,7.668530059811777e-05,18,29,40,51,62,73,84,83,82,81,92,91,90,79,68,57,46,35,36,37,38,27,28,29,18,7
11,11,84,0.007028613942791951,78,79,80,81,82,83,84,73,62,63,52,41,30,41,52,51,62,73,84,83,82,81,80,79,78,77
11,11,84,0.0018284694384983848,78,79,80,81,82,83,84,85,74,63,52,41,30,29,40,39,38,37,36,47,58,69,68,79,78,77
11,11,84,0.0010114566278770294,18,29,40,51,62,73,84,83,94,93,92,91,90,79,68,69,58,47,36,37,38,39,28,29,18,7
11,11,84,0.0017962533517121028,78,79,80,81,82,83,84,85,74,63,52,41,30,29,28,39,38,37,36,47,58,69,68,79,78,77
11,11,84,0.0008140298396226293,78,79,80,81,82,83,84,73,62,51,40,29,30,29,28,39,38,37,36,35,46,57,68,79,78,77
11,11,84,0.0036914954487205255,78,79,80,81,82,83,84,85,74,63,52,41,30,29,28,27,26,25,24,35,46,57,68,79,78,77
11,11,84,0.001665232087075585,18,29,40,51,62,73,84,95,94,93,92,91,90,79,80,69,58,47,36,37,38,39,40,29,18,7
11,11,84,0.0003100913082833523,78,79,80,81,82,83,84,73,62,51,40,41,30,29,40,39,38,37,36,47,46,57,68,79,78,77
11,11,84,0.0034333537276765927,78,79,80,81,82,83,84,73,74,63,52,41,30,41,52,63,74,73,84,83,82,81,80,79,78,77
11,11,84,5.2408505854608314e-05,78,79,80,81,82,83,84,73,62,51,40,29,30,29,28,27,26,25,36,47,46,57,68,79,78,77
11,11,84,0.01367150678951735,78,79,80,81,82,83,84,85,74,63,52,41,30,29,40,39,38,37,36,35,46,57,68,79,78,77
11,11,84,0.00017310410164937177,18,29,40,51,62,73,84,83,82,81,80,79,90,79,68,69,58,47,36,37,38,39,40,29,18,7
11,11,84,0.007242699476777721,78,79,80,81,82,83,84,73,62,63,52,41,30,29,40,51,62,73,84,83,82,81,80,79,78,77
11,11,84,0.02762607458088352,78,79,80,81,82,83,84,85,74,63,52,41,30,41,40,51,62,73,84,83,82,81,80,79,78,77
11,11,84,0.0002753970609750477,18,29,40,51,62,73,84,83,82,81,80,79,90,91,80,69,58,47,36,37,38,27,28,29,18,7
11,11,84,0.003916090218994125,18,29,40,51,62,73,84,83,94,93,92,91,90,79,68,57,58,47,36,25,26,27,28,29,18,7
11,11,84,0.006565289708896902,78,79,80,81,82,83,84,73,74,63,52,41,30,41,52,63,62,73,84,83,82,81,80,79,78,77
11,11,84,0.00046750039329325276,18,29,40,51,62,73,84,83,82,93,92,91,90,79,68,57,46,35,36,25,26,27,28,29,18,7
11,11,84,0.0008870896831607526,78,79,80,81,82,83,84,73,62,63,52,41,30,29,28,27,38,37,36,47,46,57,68,79,78,77
11,11,84,0.0008733221247050756,78,79,80,81,82,83,84,73,62,51,52,41,30,29,28,39,38,37,36,47,46,57,68,79,78,77
11,11,84,0.001102643756715126,18,29,40,51,62,73,84,83,82,81,92,91,90,91,92,93,94,83,84,73,62,51,40,29,18,7
11,11,84,0.018242932791001563,18,29,40,51,62,73,84,95,94,93,92,91,90,79,68,69,58,47,36,25,26,27,28,29,18,7
11,11,84,0.0005823677226751133,18,29,40,51,62,73,84,83,94,93,92,91,90,79,68,57,46,47,36,37,38,27,28,29,18,7
11,11,84,0.0005607067640381824,18,29,40,51,62,73,84,83,82,81,92,91,90,79,80,69,58,47,36,37,38,27,28,29,18,7
11,11,84,0.0005601560616999555,78,79,80,81,82,83,84,73,62,51,40,29,30,29,40,39,38,37,36,47,46,57,68,79,78,77
11,11,84,2.326717379009318e-05,18,29,40,51,62,73,84,83,82,81,80,79,90,79,68,57,46,47,36,37,38,39,28,29,18,7
11,11,84,0.001188323862170952,18,29,40,51,62,73,84,83,82,93,92,91,90,91,80,69,58,47,36,37,38,27,28,29,18,7
11,11,84,0.0003661252711979555,78,79,80,81,82,83,84,85,74,63,52,41,30,29,28,27,26,25,36,47,58,57,68,79,78,77
11,11,84,0.00040664778491916303,78,79,80,81,82,83,84,73,62,63,52,41,30,29,28,27,26,37,36,47,46,57,68,79,78,77
11,11,84,0.0010972285170558933,18,29,40,51,62,73,84,83,82,81,80,91,90,79,80,69,58,47,36,25,26,27,28,29,18,7
11,11,84,0.008842856904219463,18,29,40,51,62,73,84,95,94,93,92,91,90,79,68,69,58,47,36,37,26,27,28,29,18,7
11,11,84,0.009048636011270293,18,29,40,51,62,73,84,95,94,93,92,91,90,91,92,93,94,95,84,73,62,51,40,29,18,7
11,11,84,0.0004127972943626985,18,29,40,51,62,73,84,83,82,81,80,79,90,91,92,93,94,95,84,73,62,51,40,29,18,7
11,11,84,0.0003982954661227193,78,79,80,81,82,83,84,73,62,51,40,29,30,29,28,27,38,37,36,35,46,57,68,79,78,77
11,11,84,0.0003735138609025018,78,79,80,81,82,83,84,73,62,51,40,29,30,29,28,39,38,37,36,47,46,57,68,79,78,77
11,11,84,0.004569498543300533,18,29,40,51,62,73,84,83,82,81,92,91,90,91,80,81,82,83,84,73,62,51,40,29,18,7
11,11,84,0.001852654449518858,78,79,80,81,82,83,84,73,74,63,52,41,30,29,28,27,26,37,36,35,46,57,68,79,78,77
11,11,84,0.001259593923109837,18,29,40,51,62,73,84,95,94,93,92,91,90,79,68,57,58,47,36,37,38,39,40,29,18,7
11,11,84,2.386376798983916e-05,18,29,40,51,62,73,84,83,82,81,80,79,90,79,68,57,46,35,36,37,38,39,40,29,18,7
11,11,84,0.0011900677529086716,18,29,40,51,62,73,84,95,94,93,92,91,90,79,68,57,46,47,36,37,38,27,28,29,18,7
11,11,84,0.0063822270732979336,78,79,80,81,82,83,84,73,74,63,52,41,30,29,28,39,38,37,36,35,46,57,68,79,78,77
11,11,84,0.0036554244455666504,78,79,80,81,82,83,84,73,62,63,52,41,30,41,52,63,62,73,84,83,82,81,80,79,78,77
11,11,84,0.00033133924016661294,18,29,40,51,62,73,84,83,94,93,92,91,90,79,68,57,46,35,36,37,38,27,28,29,18,7
11,11,84,0.0009705669792636702,18,29,40,51,62,73,84,83,82,81,92,91,90,79,68,57,58,47,36,25,26,27,28,29,18,7
11,11,84,3.5979219430834426e-05,78,79,80,81,82,83,84,73,62,51,40,41,30,29,28,27,26,37,36,47,58,69,68,79,78,77
11,11,84,0.00017337945281848527,18,29,40,51,62,73,84,83,82,81,80,91,90,79,68,57,46,35,36,25,26,27,28,29,18,7
11,11,84,0.0008852081168384762,78,79,80,81,82,83,84,73,62,51,40,29,30,29,40,39,38,37,36,35,46,57,68,79,78,77
11,11,84,0.006890295872173913,78,79,80,81,82,83,84,85,74,63,52,41,30,29,28,39,38,37,36,47,46,57,68,79,78,77
11,11,84,9.072821022290774e-05,18,29,40,51,62,73,84,83,82,81,80,79,90,79,68,57,46,35,36,37,26,27,28,29,18,7
11,11,84,0.0009722649781398702,18,29,40,51,62,73,84,83,82,81,92,91,90,79,68,69,58,47,36,37,26,27,28,29,18,7
11,11,84,0.00017461853307949616,78,79,80,81,82,83,84,73,62,51,40,29,30,29,28,27,26,37,36,35,46,57,68,79,78,77
11,11,84,0.00018384279724479934,18,29,40,51,62,73,84,83,82,81,92,91,90,79,68,57,58,47,36,37,38,39,40,29,18,7
11,11,84,0.00035143987551190055,78,79,80,81,82,83,84,73,62,51,40,41,30,29,28,27,38,37,36,35,46,57,68,79,78,77
11,11,84,0.003754918001339673,78,79,80,81,82,83,84,73,62,51,52,41,30,29,40,51,62,73,84,83,82,81,80,79,78,77
11,11,84,0.0009373871633854898,78,79,80,81,82,83,84,73,62,51,52,41,30,41,52,63,74,73,84,83,82,81,80,79,78,77
11,11,84,0.0010122367895228504,18,29,40,51,62,73,84,83,94,93,92,91,90,79,80,69,58,47,36,37,38,39,28,29,18,7
11,11,84,4.970088602499196e-05,78,79,80,81,82,83,84,73,62,51,40,29,30,29,28,27,26,37,36,47,58,57,68,79,78,77
11,11,84,0.008947077321728914,18,29,40,51,62,73,84,83,94,93,92,91,90,91,92,93,82,83,84,73,62,51,40,29,18,7
11,11,84,0.0090498291996698,18,29,40,51,62,73,84,83,82,93,92,91,90,91,92,81,82,83,84,73,62,51,40,29,18,7
11,11,84,0.0007834658598510275,78,79,80,81,82,83,84,73,62,51,52,41,30,41,40,39,38,37,36,47,46,57,68,79,78,77
11,11,84,7.948470415077197e-05,78,79,80,81,82,83,84,73,62,51,40,29,30,29,28,27,38,37,36,47,58,69,68,79,78,77
11,11,84,0.004262895016492619,18,29,40,51,62,73,84,83,82,93,92,91,90,79,80,69,58,47,36,25,26,27,28,29,18,7
11,11,84,8.971858926949145e-05,78,79,80,81,82,83,84,73,62,51,40,41,30,29,28,27,38,37,36,47,58,69,80,79,78,77
11,11,84,0.014315507282212394,78,79,80,81,82,83,84,85,74,63,52,41,30,41,52,63,62,73,84,83,82,81,80,79,78,77
11,11,84,0.004493822863655832,18,29,40,51,62,73,84,83,94,93,92,91,90,79,68,69,58,47,36,37,26,27,28,29,18,7
11,11,84,0.002299732964436194,18,29,40,51,62,73,84,95,94,93,92,91,90,79,68,57,58,47,36,37,38,27,28,29,18,7
11,11,84,0.0007999410381363201,78,79,80,81,82,83,84,73,74,63,52,41,30,29,28,39,38,37,36,47,58,69,68,79,78,77
11,11,84,0.014011106564757363,78,79,80,81,82,83,84,73,74,63,52,41,30,41,40,51,62,73,84,83,82,81,80,79,78,77
11,11,84,0.001014301923291202,18,29,40,51,62,73,84,83,82,81,92,91,90,91,80,69,58,47,36,37,26,27,28,29,18,7
11,11,84,2.381787612832024e-05,18,29,40,51,62,73,84,83,82,81,80,91,90,79,68,57,46,47,36,37,38,39,40,29,18,7
11,11,84,0.00014933211738257042,78,79,80,81,82,83,84,73,62,51,40,41,30,29,40,39,38,37,36,47,58,69,68,79,78,77
11,11,84,0.001071758533912892,18,29,40,51,62,73,84,83,82,93,92,91,90,79,68,57,46,35,24,25,26,27,28,29,18,7
11,11,84,0.00047828498075019947,18,29,40,51,62,73,84,83,82,81,92,91,90,79,68,57,46,47,36,25,26,27,28,29,18,7
11,11,84,0.01695653802076471,18,29,40,51,62,73,84,83,94,93,92,91,90,91,92,81,82,83,84,73,62,51,40,29,18,7
11,11,84,0.00010256831049478946,78,79,80,81,82,83,84,73,62,51,40,29,30,29,28,27,26,37,36,47,46,57,68,79,78,77
11,11,84,0.0001222559190864068,18,29,40,51,62,73,84,83,82,81,80,91,90,79,80,69,58,47,36,37,38,39,40,29,18,7
11,11,84,0.00048227757270234554,18,29,40,51,62,73,84,83,82,81,80,79,90,79,68,57,58,47,36,25,26,27,28,29,18,7
11,11,84,0.01766166647300292,18,29,40,51,62,73,84,95,94,93,92,91,90,79,80,69,58,47,36,25,26,27,28,29,18,7
11,11,84,0.00010334847214061113,78,79,80,81,82,83,84,73,62,51,40,41,30,29,28,27,26,25,36,35,46,57,68,79,78,77
11,11,84,0.0007043023987308878,78,79,80,81,82,83,84,73,62,51,40,41,30,41,40,39,38,37,36,35,46,57,68,79,78,77
11,11,84,0.0003534132255572142,78,79,80,81,82,83,84,73,62,51,52,41,30,29,40,39,38,37,36,47,58,57,68,79,78,77
11,11,84,9.343583005252409e-05,18,29,40,51,62,73,84,83,82,93,92,91,90,79,68,57,46,35,36,37,38,39,40,29,18,7
11,11,84,0.00021459034446247676,78,79,80,81,82,83,84,73,62,51,52,41,30,29,40,39,38,37,36,47,58,69,68,79,78,77
11,11,84,2.354252495920671e-05,18,29,40,51,62,73,84,83,82,81,80,79,90,79,68,57,46,47,36,37,38,27,28,29,18,7
11,11,84,0.00016186059557723597,78,79,80,81,82,83,84,73,62,51,52,41,30,29,28,27,38,37,36,47,58,69,80,79,78,77
11,11,84,0.0017822563339488324,78,79,80,81,82,83,84,73,74,63,52,41,30,29,28,27,38,37,36,47,46,57,68,79,78,77
11,11,84,0.00032661237843016405,18,29,40,51,62,73,84,83,82,81,80,91,90,91,80,69,58,47,36,37,38,27,28,29,18,7
11,11,84,0.00040485800231992514,78,79,80,81,82,83,84,73,62,63,52,41,30,29,40,39,38,37,36,47,58,69,80,79,78,77
11,11,84,0.0005582286035161606,18,29,40,51,62,73,84,83,82,93,92,91,90,79,68,69,58,47,36,37,38,39,28,29,18,7
11,11,84,8.196286467279373e-05,78,79,80,81,82,83,84,73,62,51,52,41,30,29,28,27,26,37,36,47,58,69,80,79,78,77
11,11,84,0.00010532182218592475,78,79,80,81,82,83,84,73,62,51,40,29,30,29,28,27,38,37,36,47,58,57,68,79,78,77
11,11,84,0.0004925114578210651,18,29,40,51,62,73,84,83,94,93,92,91,90,79,68,57,58,47,36,37,38,39,40,29,18,7
11,11,84,0.0017536657042225448,78,79,80,81,82,83,84,85,74,63,52,41,30,29,40,39,38,37,36,47,58,69,80,79,78,77
11,11,84,9.426188355986469e-05,78,79,80,81,82,83,84,73,62,51,40,29,30,29,40,39,38,37,36,47,58,57,68,79,78,77
11,11,84,0.004179463612251214,18,29,40,51,62,73,84,83,82,93,92,91,90,91,80,69,58,47,36,25,26,27,28,29,18,7
11,11,84,0.00012835953666842336,18,29,40,51,62,73,84,83,82,81,80,91,90,79,68,57,46,47,36,37,26,27,28,29,18,7
11,11,84,2.2532904005790436e-05,78,79,80,81,82,83,84,73,62,51,52,41,30,29,28,27,26,37,36,47,58,69,68,79,78,77
11,11,84,0.002156504464635639,18,29,40,51,62,73,84,83,94,93,92,91,90,79,80,69,58,47,36,37,38,27,28,29,18,7
11,11,84,0.008169990430629038,18,29,40,51,62,73,84,83,82,93,92,91,90,79,80,81,82,83,84,73,62,51,40,29,18,7
11,11,84,0.0009722190862783512,18,29,40,51,62,73,84,83,82,93,92,91,90,79,68,57,46,47,36,25,26,27,28,29,18,7
11,11,84,0.0002527723732462194,18,29,40,51,62,73,84,83,82,81,92,91,90,91,80,69,58,47,36,37,38,39,28,29,18,7
11,11,84,6.993919695483632e-05,78,79,80,81,82,83,84,73,62,51,52,41,30,29,28,27,26,25,36,47,58,57,68,79,78,77
11,11,84,0.00013951125901752126,18,29,40,51,62,73,84,83,82,93,92,91,90,79,68,57,46,35,36,37,38,27,28,29,18,7
11,11,84,0.0022328226303416046,18,29,40,51,62,73,84,83,82,81,80,91,90,79,80,81,82,83,84,73,62,51,40,29,18,7
11,11,84,0.0005335387820189808,18,29,40,51,62,73,84,83,82,93,92,91,90,79,68,57,58,47,36,37,38,27,28,29,18,7
11,11,84,0.0007671742490118101,78,79,80,81,82,83,84,73,62,51,52,41,30,41,52,63,74,85,84,83,82,81,80,79,78,77
11,11,84,0.0003439136102227974,78,79,80,81,82,83,84,73,62,51,40,41,30,41,52,63,74,85,84,83,82,81,80,79,78,77
11,11,84,0.00012868077969905578,18,29,40,51,62,73,84,83,82,81,80,79,90,79,80,69,58,47,36,37,38,39,28,29,18,7
11,11,84,0.0010617541081017674,18,29,40,51,62,73,84,83,94,93,92,91,90,91,80,69,58,47,36,37,38,39,28,29,18,7
11,11,84,0.0005443233694759275,18,29,40,51,62,73,84,83,82,81,92,91,90,79,68,57,58,47,36,37,26,27,28,29,18,7
11,11,84,0.0007823185633130541,78,79,80,81,82,83,84,73,62,51,40,41,30,41,52,63,62,73,84,83,82,81,80,79,78,77
11,11,84,0.0004395063577667108,78,79,80,81,82,83,84,85,74,63,52,41,30,29,28,27,26,37,36,47,58,69,68,79,78,77
11,11,84,0.0010084736568782993,18,29,40,51,62,73,84,83,82,81,80,79,90,91,92,93,82,83,84,73,62,51,40,29,18,7
11,11,84,8.577188917886424e-05,78,79,80,81,82,83,84,73,62,51,40,29,30,29,40,39,38,37,36,47,58,69,80,79,78,77
11,11,84,0.0008721289363055836,78,79,80,81,82,83,84,73,62,63,52,41,30,29,28,27,26,25,24,35,46,57,68,79,78,77
11,11,84,0.0021225444871116376,18,29,40,51,62,73,84,83,82,81,80,91,90,91,80,81,82,83,84,73,62,51,40,29,18,7
11,11,84,0.0001266156459307043,78,79,80,81,82,83,84,73,62,51,40,41,30,29,28,27,26,37,36,47,46,57,68,79,78,77
11,11,84,0.003318669965740808,78,79,80,81,82,83,84,73,74,63,52,41,30,41,40,39,38,37,36,47,46,57,68,79,78,77
11,11,84,0.0005426712624612464,18,29,40,51,62,73,84,83,82,81,80,79,90,79,68,69,58,47,36,37,26,27,28,29,18,7
11,11,84,0.0006454690322636304,18,29,40,51,62,73,84,83,82,81,80,91,90,91,92,93,94,83,84,73,62,51,40,29,18,7
11,11,84,0.0005556586592711008,18,29,40,51,62,73,84,83,82,81,92,91,90,91,80,69,58,47,36,37,38,27,28,29,18,7
11,11,84,0.00021881239572221753,78,79,80,81,82,83,84,73,74,63,52,41,30,29,28,27,26,37,36,47,58,69,80,79,78,77
11,11,84,1.1748316548843895e-05,18,29,40,51,62,73,84,83,82,81,92,91,90,79,68,57,46,35,36,37,38,39,40,29,18,7
11,11,84,0.0001626866490845766,78,79,80,81,82,83,84,73,62,51,40,29,30,29,40,39,38,37,36,47,58,69,68,79,78,77
11,11,84,0.0002454755672647109,78,79,80,81,82,83,84,73,62,51,52,41,30,41,40,39,38,37,36,47,58,69,68,79,78,77
11,11,84,0.0019080918182337152,78,79,80,81,82,83,84,73,74,63,52,41,30,29,28,39,38,37,36,47,58,57,68,79,78,77
11,11,84,0.002139340908427563,18,29,40,51,62,73,84,83,82,81,80,79,90,91,92,81,82,83,84,73,62,51,40,29,18,7
11,11,84,0.00016034616414711158,78,79,80,81,82,83,84,73,62,51,40,41,30,29,28,39,38,37,36,47,58,69,68,79,78,77
11,11,84,0.00019774803128503254,78,79,80,81,82,83,84,73,62,51,40,41,30,29,28,27,38,37,36,47,46,57,68,79,78,77
11,11,84,0.03409581743409815,18,29,40,51,62,73,84,95,94,93,92,91,90,91,80,81,82,83,84,73,62,51,40,29,18,7
11,11,84,0.0008531297056367502,78,79,80,81,82,83,84,73,74,63,52,41,30,29,28,39,38,37,36,47,58,69,80,79,78,77
11,11,84,0.004036510463619774,18,29,40,51,62,73,84,83,94,93,92,91,90,91,80,69,58,47,36,37,26,27,28,29,18,7
11,11,84,0.0022195598823626372,18,29,40,51,62,73,84,83,82,93,92,91,90,79,68,69,58,47,36,37,26,27,28,29,18,7
11,11,84,0.00022624687728828275,18,29,40,51,62,73,84,83,82,81,80,91,90,79,68,57,58,47,36,37,26,27,28,29,18,7
11,11,84,0.00045488013137554945,78,79,80,81,82,83,84,73,62,51,52,41,30,29,28,27,38,37,36,47,46,57,68,79,78,77
11,11,84,0.0021613690019566447,18,29,40,51,62,73,84,95,94,93,92,91,90,91,80,69,58,47,36,37,38,39,28,29,18,7
11,11,84,4.621310454955391e-05,18,29,40,51,62,73,84,83,82,81,80,79,90,79,68,57,58,47,36,37,38,39,40,29,18,7
11,11,84,0.0004636913687871825,78,79,80,81,82,83,84,73,62,63,52,41,30,29,28,39,38,37,36,47,58,69,68,79,78,77
11,11,84,0.000955330881239388,78,79,80,81,82,83,84,73,74,63,52,41,30,29,28,27,38,37,36,47,58,57,68,79,78,77
11,11,84,0.0004887483251765135,78,79,80,81,82,83,84,73,62,63,52,41,30,29,28,27,26,25,36,35,46,57,68,79,78,77
11,11,84,0.00027558062842112345,18,29,40,51,62,73,84,83,82,81,92,91,90,79,80,69,58,47,36,37,38,39,40,29,18,7
11,11,84,0.00010417452564795172,18,29,40,51,62,73,84,83,82,81,80,91,90,91,80,69,58,47,36,37,38,39,40,29,18,7
11,11,84,7.989773090444226e-05,18,29,40,51,62,73,84,83,82,81,80,91,90,79,68,57,46,47,36,37,38,39,28,29,18,7
11,11,84,0.0004831036262096863,18,29,40,51,62,73,84,83,82,81,80,91,90,91,92,93,94,95,84,73,62,51,40,29,18,7
11,11,84,0.001569272204639518,78,79,80,81,82,83,84,73,62,51,40,41,30,29,40,51,62,73,84,83,82,81,80,79,78,77
11,11,84,0.007214475981943575,78,79,80,81,82,83,84,73,74,63,52,41,30,29,40,39,38,37,36,35,46,57,68,79,78,77
11,11,84,8.054021696570717e-05,18,29,40,51,62,73,84,83,82,81,80,79,90,79,68,69,58,47,36,37,38,39,28,29,18,7
11,11,84,0.00018742236244327523,18,29,40,51,62,73,84,83,82,81,80,79,90,79,68,57,46,35,36,25,26,27,28,29,18,7
11,11,84,0.0023023946924042894,18,29,40,51,62,73,84,83,94,93,92,91,90,79,68,69,58,47,36,37,38,27,28,29,18,7
11,11,84,0.0030036682282749286,78,79,80,81,82,83,84,73,62,63,52,41,30,29,40,39,38,37,36,35,46,57,68,79,78,77
11,11,84,0.00018838609153517256,18,29,40,51,62,73,84,83,82,81,80,79,90,91,80,69,58,47,36,37,38,39,28,29,18,7
11,11,84,0.0022497108353805684,18,29,40,51,62,73,84,95,94,93,92,91,90,91,80,69,58,47,36,37,38,39,40,29,18,7
11,11,84,0.00015685838267167357,18,29,40,51,62,73,84,83,82,81,92,91,90,79,68,57,58,47,36,37,38,39,28,29,18,7
11,11,84,0.003498015360556755,78,79,80,81,82,83,84,73,62,63,52,41,30,29,28,39,38,37,36,35,46,57,68,79,78,77
11,11,84,0.0007236228724303537,78,79,80,81,82,83,84,85,74,63,52,41,30,29,28,27,38,37,36,47,58,69,80,79,78,77
11,11,84,0.00028957764618439436,18,29,40,51,62,73,84,83,82,81,80,79,90,79,68,57,46,47,36,25,26,27,28,29,18,7
11,11,84,0.0005038008557547198,78,79,80,81,82,83,84,73,74,63,52,41,30,29,28,27,38,37,36,47,58,69,80,79,78,77
11,11,84,0.0017871208712698379,78,79,80,81,82,83,84,73,62,51,40,29,30,41,40,51,62,73,84,83,82,81,80,79,78,77
11,11,84,4.791110342575401e-05,18,29,40,51,62,73,84,83,82,81,80,91,90,79,68,57,58,47,36,37,38,39,40,29,18,7
11,11,84,0.0036587745514575364,78,79,80,81,82,83,84,85,74,63,52,41,30,29,28,27,26,37,36,35,46,57,68,79,78,77
11,11,84,0.0002958189393509677,18,29,40,51,62,73,84,83,82,81,92,91,90,79,68,57,46,35,36,25,26,27,28,29,18,7
11,11,84,9.270156026822136e-05,78,79,80,81,82,83,84,73,62,63,52,41,30,29,28,27,26,37,36,47,58,69,80,79,78,77
11,11,84,1.2069559579476344e-05,18,29,40,51,62,73,84,83,82,81,80,79,90,79,68,57,46,35,36,37,38,39,28,29,18,7
11,11,84,0.0008373429052742411,78,79,80,81,82,83,84,73,62,63,52,41,30,29,40,39,38,37,36,47,58,57,68,79,78,77
11,11,84,0.0021201581103126536,18,29,40,51,62,73,84,83,82,81,80,91,90,91,92,81,82,83,84,73,62,51,40,29,18,7
11,11,84,0.0015291627176719812,78,79,80,81,82,83,84,73,62,51,52,41,30,41,52,63,62,73,84,83,82,81,80,79,78,77
11,11,84,0.00103862460989623,18,29,40,51,62,73,84,83,82,81,80,91,90,79,68,69,58,47,36,25,26,27,28,29,18,7
11,11,84,0.0003490076068513978,78,79,80,81,82,83,84,73,74,63,52,41,30,29,28,27,38,37,36,47,58,69,68,79,78,77
11,11,84,0.00041132875479409325,78,79,80,81,82,83,84,73,62,51,52,41,30,29,28,39,38,37,36,47,58,57,68,79,78,77
11,11,84,0.000184072256552394,18,29,40,51,62,73,84,83,82,81,80,79,90,79,80,69,58,47,36,37,38,39,40,29,18,7
11,11,84,0.00837668737491025,18,29,40,51,62,73,84,95,94,93,92,91,90,79,68,57,58,47,36,25,26,27,28,29,18,7
11,11,84,0.00013092948091348293,18,29,40,51,62,73,84,83,82,81,92,91,90,79,68,57,46,47,36,37,38,39,40,29,18,7
11,11,84,0.00020403521631312484,78,79,80,81,82,83,84,73,62,51,40,41,30,41,40,39,38,37,36,47,58,57,68,79,78,77
11,11,84,0.00031087146992917397,18,29,40,51,62,73,84,83,82,81,80,91,90,79,68,69,58,47,36,37,38,27,28,29,18,7
11,11,84,0.001668949327858616,78,79,80,81,82,83,84,73,62,51,40,29,30,29,40,51,62,73,84,83,82,81,80,79,78,77
11,11,84,0.0004440955439186029,78,79,80,81,82,83,84,73,62,51,52,41,30,41,40,39,38,37,36,47,58,57,68,79,78,77
11,11,84,0.000546939205582506,18,29,40,51,62,73,84,83,82,81,80,79,90,91,80,69,58,47,36,37,26,27,28,29,18,7
11,11,84,0.0005697015688958909,18,29,40,51,62,73,84,83,82,81,92,91,90,79,68,69,58,47,36,37,38,27,28,29,18,7
11,11,84,0.00011707013873476867,78,79,80,81,82,83,84,73,62,51,40,41,30,29,28,39,38,37,36,47,58,69,80,79,78,77
11,11,84,0.0003708062410728854,78,79,80,81,82,83,84,73,74,63,52,41,30,29,28,27,26,25,36,47,46,57,68,79,78,77
11,11,84,0.000452264295268971,78,79,80,81,82,83,84,85,74,63,52,41,30,29,28,27,26,37,36,47,58,69,80,79,78,77
11,11,84,0.00011863046202641197,78,79,80,81,82,83,84,85,74,63,52,41,30,29,28,27,26,25,36,47,58,69,68,79,78,77
11,11,84,0.0005853506936738432,18,29,40,51,62,73,84,83,82,81,80,91,90,79,68,57,58,47,36,25,26,27,28,29,18,7
11,11,84,0.008615003811778016,18,29,40,51,62,73,84,95,94,93,92,91,90,91,80,69,58,47,36,37,26,27,28,29,18,7
11,11,84,0.000981672809751249,18,29,40,51,62,73,84,83,82,81,80,91,90,91,80,69,58,47,36,25,26,27,28,29,18,7
11,11,84,0.000164201080514701,78,79,80,81,82,83,84,73,62,51,40,29,30,29,28,39,38,37,36,47,58,69,68,79,78,77
11,11,84,0.0021242883778493545,18,29,40,51,62,73,84,83,82,81,92,91,90,79,80,69,58,47,36,25,26,27,28,29,18,7
11,11,84,0.0010086572243243755,18,29,40,51,62,73,84,83,82,93,92,91,90,79,68,69,58,47,36,37,38,27,28,29,18,7
11,11,84,0.00023157033322447772,78,79,80,81,82,83,84,73,62,51,40,29,30,29,28,27,26,25,24,35,46,57,68,79,78,77
11,11,84,0.0008903938971901144,78,79,80,81,82,83,84,73,62,51,40,29,30,41,52,63,62,73,84,83,82,81,80,79,78,77
11,11,84,0.00016282432466913335,78,79,80,81,82,83,84,73,74,63,52,41,30,29,28,27,26,37,36,47,58,69,68,79,78,77
11,11,84,0.0011712520896859132,18,29,40,51,62,73,84,95,94,93,92,91,90,79,68,57,58,47,36,37,38,39,28,29,18,7
11,11,84,0.006735915650024262,78,79,80,81,82,83,84,73,74,63,52,41,30,41,40,39,38,37,36,35,46,57,68,79,78,77
11,11,84,0.00025814172104393325,18,29,40,51,62,73,84,83,82,81,80,79,90,79,68,57,58,47,36,37,26,27,28,29,18,7
11,11,84,2.26705795903472e-05,78,79,80,81,82,83,84,73,62,51,40,41,30,29,28,27,26,37,36,47,58,69,80,79,78,77
11,11,84,0.003684428102046609,78,79,80,81,82,83,84,85,74,63,52,41,30,29,28,27,38,37,36,47,46,57,68,79,78,77
11,11,84,0.0003182600596337204,18,29,40,51,62,73,84,83,82,81,80,91,90,79,68,57,46,35,24,25,26,27,28,29,18,7
11,11,84,2.3221281928574263e-05,78,79,80,81,82,83,84,73,62,51,52,41,30,29,28,27,26,25,36,47,58,69,68,79,78,77
11,11,84,5.81449885444735e-05,18,29,40,51,62,73,84,83,82,81,80,91,90,79,68,57,58,47,36,37,38,39,28,29,18,7
11,11,84,2.4322686605028375e-05,78,79,80,81,82,83,84,73,62,51,40,41,30,29,28,27,26,25,36,47,58,69,68,79,78,77
11,11,84,0.00020811959198830876,78,79,80,81,82,83,84,73,62,51,40,41,30,29,28,27,26,37,36,35,46,57,68,79,78,77
11,11,84,0.0005028371266628225,18,29,40,51,62,73,84,83,94,93,92,91,90,79,68,57,58,47,36,37,38,39,28,29,18,7
11,11,84,0.0001385475299256239,78,79,80,81,82,83,84,73,62,51,40,41,30,29,40,39,38,37,36,47,58,69,80,79,78,77
11,11,84,0.00012606494359247722,78,79,80,81,82,83,84,73,62,51,52,41,30,29,28,39,38,37,36,47,58,69,68,79,78,77
11,11,84,0.0009595070406376102,18,29,40,51,62,73,84,83,94,93,92,91,90,79,68,57,46,35,36,25,26,27,28,29,18,7
11,11,84,0.007242561801193166,78,79,80,81,82,83,84,85,74,63,52,41,30,41,40,39,38,37,36,47,46,57,68,79,78,77
11,11,84,0.008378477157509485,18,29,40,51,62,73,84,83,82,93,92,91,90,91,80,81,82,83,84,73,62,51,40,29,18,7
11,11,84,0.008610919436102827,18,29,40,51,62,73,84,95,94,93,92,91,90,91,92,93,94,83,84,73,62,51,40,29,18,7
11,11,84,0.00039118222758728654,78,79,80,81,82,83,84,73,62,63,52,41,30,29,28,39,38,37,36,47,58,69,80,79,78,77
11,11,84,0.004514657768785422,18,29,40,51,62,73,84,95,94,93,92,91,90,79,68,57,46,47,36,25,26,27,28,29,18,7
11,11,84,0.00014589022776865133,18,29,40,51,62,73,84,83,82,81,80,79,90,79,68,57,58,47,36,37,38,27,28,29,18,7
11,11,84,0.00039292611832500554,78,79,80,81,82,83,84,73,62,63,52,41,30,41,40,39,38,37,36,47,58,69,68,79,78,77
11,11,84,0.0003386360461481216,18,29,40,51,62,73,84,83,94,93,92,91,90,79,68,57,46,47,36,37,38,39,40,29,18,7
11,11,84,0.014261171318173982,78,79,80,81,82,83,84,73,74,63,52,41,30,41,52,51,62,73,84,83,82,81,80,79,78,77
11,11,84,3.510727406197492e-05,18,29,40,51,62,73,84,83,82,81,92,91,90,79,68,57,46,47,36,37,38,39,28,29,18,7
11,11,84,0.0007501024765267714,78,79,80,81,82,83,84,85,74,63,52,41,30,29,28,27,26,25,36,47,46,57,68,79,78,77
11,11,84,0.0007612083070143508,78,79,80,81,82,83,84,73,74,63,52,41,30,41,40,39,38,37,36,47,58,69,68,79,78,77
11,11,84,9.398653239075116e-05,78,79,80,81,82,83,84,73,62,63,52,41,30,29,28,27,26,37,36,47,58,69,68,79,78,77
11,11,84,0.0009087047499361643,78,79,80,81,82,83,84,73,74,63,52,41,30,29,40,39,38,37,36,47,58,69,68,79,78,77
11,11,84,0.00019210333231820526,78,79,80,81,82,83,84,73,62,51,40,29,30,29,28,27,26,25,36,35,46,57,68,79,78,77
11,11,84,0.001040047257603317,78,79,80,81,82,83,84,73,74,63,52,41,30,29,40,39,38,37,36,47,58,69,80,79,78,77
11,11,84,0.0002434104334963594,18,29,40,51,62,73,84,83,82,81,80,91,90,79,80,69,58,47,36,37,38,27,28,29,18,7
11,11,84,0.004169596862024648,18,29,40,51,62,73,84,95,94,93,92,91,90,79,68,57,58,47,36,37,26,27,28,29,18,7
11,11,84,0.0002680543631320202,78,79,80,81,82,83,84,73,62,51,40,41,30,29,28,27,26,25,24,35,46,57,68,79,78,77
11,11,84,0.0018190157150254872,78,79,80,81,82,83,84,73,62,63,52,41,30,29,40,39,38,37,36,47,46,57,68,79,78,77
11,11,84,0.0008776359596878539,78,79,80,81,82,83,84,73,62,51,52,41,30,29,40,39,38,37,36,47,46,57,68,79,78,77
11,11,84,0.001568308475547621,78,79,80,81,82,83,84,73,62,51,52,41,30,29,40,39,38,37,36,35,46,57,68,79,78,77
11,11,84,0.0004686017979697071,18,29,40,51,62,73,84,83,82,93,92,91,90,91,80,69,58,47,36,37,38,39,28,29,18,7
11,11,84,1.1885992133400658e-05,18,29,40,51,62,73,84,83,82,81,80,91,90,79,68,57,46,35,36,37,38,39,28,29,18,7
11,11,84,0.0016385689155330888,78,79,80,81,82,83,84,73,62,51,40,41,30,41,52,51,62,73,84,83,82,81,80,79,78,77
11,11,84,0.016885222067964282,18,29,40,51,62,73,84,95,94,93,92,91,90,91,92,93,82,83,84,73,62,51,40,29,18,7
11,11,84,4.754396853360263e-05,18,29,40,51,62,73,84,83,82,81,80,91,90,79,68,57,46,35,36,37,38,27,28,29,18,7
11,11,84,0.0009235737130682947,78,79,80,81,82,83,84,73,62,51,52,41,30,29,28,27,38,37,36,35,46,57,68,79,78,77
11,11,84,0.017685851484023404,18,29,40,51,62,73,84,83,94,93,92,91,90,91,80,81,82,83,84,73,62,51,40,29,18,7
11,11,84,0.0005350073215875864,78,79,80,81,82,83,84,73,62,63,52,41,30,29,40,39,38,37,36,47,58,69,68,79,78,77
11,11,84,7.852097505887463e-05,18,29,40,51,62,73,84,83,82,93,92,91,90,79,68,57,46,35,36,37,38,39,28,29,18,7
11,11,84,0.0005334928901574621,78,79,80,81,82,83,84,73,62,51,40,41,30,41,52,63,74,73,84,83,82,81,80,79,78,77
11,11,84,3.3271599601218056e-05,18,29,40,51,62,73,84,83,82,81,80,79,90,79,68,57,46,35,36,37,38,27,28,29,18,7
11,11,84,0.00046281942341832287,18,29,40,51,62,73,84,95,94,93,92,91,90,79,68,57,46,35,36,37,38,27,28,29,18,7
11,11,84,0.0004586891558816201,78,79,80,81,82,83,84,73,62,51,40,41,30,29,28,39,38,37,36,47,46,57,68,79,78,77
11,11,84,0.0002686968491932851,18,29,40,51,62,73,84,83,82,93,92,91,90,79,68,57,58,47,36,37,38,39,40,29,18,7
11,11,84,0.0009505122357799016,78,79,80,81,82,83,84,85,74,63,52,41,30,29,28,27,38,37,36,47,58,69,68,79,78,77
11,11,84,2.1798634221487696e-05,78,79,80,81,82,83,84,73,62,51,40,29,30,29,28,27,26,25,36,47,58,69,68,79,78,77
11,11,84,0.0004989822102952331,18,29,40,51,62,73,84,83,82,93,92,91,90,79,68,57,46,47,36,37,26,27,28,29,18,7
11,11,84,0.004549765042847394,18,29,40,51,62,73,84,95,94,93,92,91,90,79,68,57,46,35,24,25,26,27,28,29,18,7
11,11,84,0.0005521708777956628,18,29,40,51,62,73,84,83,82,81,92,91,90,79,68,57,46,35,24,25,26,27,28,29,18,7
11,11,84,0.003330188822982054,78,79,80,81,82,83,84,73,62,63,52,41,30,41,40,39,38,37,36,35,46,57,68,79,78,77
11,11,84,0.00021091899554096305,78,79,80,81,82,83,84,73,62,51,40,29,30,41,40,39,38,37,36,47,58,57,68,79,78,77
11,11,84,0.0021100160089169706,18,29,40,51,62,73,84,83,82,81,92,91,90,91,80,69,58,47,36,25,26,27,28,29,18,7
11,11,84,0.0021026274192124245,18,29,40,51,62,73,84,83,82,93,92,91,90,91,92,93,94,95,84,73,62,51,40,29,18,7
11,11,84,0.0002279448761644829,78,79,80,81,82,83,84,73,74,63,52,41,30,29,28,27,26,25,36,47,58,57,68,79,78,77
11,11,84,0.001883769131628687,78,79,80,81,82,83,84,73,62,63,52,41,30,41,52,63,74,73,84,83,82,81,80,79,78,77
11,11,84,0.0018420534295079875,78,79,80,81,82,83,84,85,74,63,52,41,30,29,28,27,26,37,36,47,46,57,68,79,78,77
11,11,84,0.00032110535504789345,18,29,40,51,62,73,84,83,82,81,80,79,90,79,68,69,58,47,36,37,38,27,28,29,18,7
11,11,84,2.2303444698195832e-05,78,79,80,81,82,83,84,73,62,51,40,29,30,29,28,27,26,25,36,47,58,69,80,79,78,77
11,11,84,0.01712675093513839,18,29,40,51,62,73,84,83,94,93,92,91,90,79,80,81,82,83,84,73,62,51,40,29,18,7
11,11,84,0.0041414651509135494,18,29,40,51,62,73,84,95,94,93,92,91,90,79,68,69,58,47,36,37,38,27,28,29,18,7
11,11,84,0.00021573764100044977,78,79,80,81,82,83,84,73,62,51,40,29,30,29,28,27,38,37,36,47,46,57,68,79,78,77
11,11,84,0.000922105173499689,18,29,40,51,62,73,84,83,82,93,92,91,90,79,80,69,58,47,36,37,38,27,28,29,18,7
11,11,84,0.001495478091317093,78,79,80,81,82,83,84,85,74,63,52,41,30,41,40,39,38,37,36,47,58,69,80,79,78,77
11,11,84,0.00027938965292719387,18,29,40,51,62,73,84,83,94,93,92,91,90,79,68,57,46,47,36,37,38,39,28,29,18,7
11,11,84,0.003654827851366907,78,79,80,81,82,83,84,73,74,63,52,41,30,41,52,63,74,85,84,83,82,81,80,79,78,77
11,11,84,0.0001594283269167331,18,29,40,51,62,73,84,83,82,81,80,91,90,79,68,69,58,47,36,37,38,39,40,29,18,7
11,11,84,0.008991546535540762,18,29,40,51,62,73,84,83,94,93,92,91,90,79,80,69,58,47,36,25,26,27,28,29,18,7
11,11,84,5.874158274421947e-05,78,79,80,81,82,83,84,73,62,51,40,29,30,29,28,27,38,37,36,47,58,69,80,79,78,77
11,11,84,0.00018301674373745878,78,79,80,81,82,83,84,73,62,51,52,41,30,29,28,27,26,37,36,47,46,57,68,79,78,77
11,11,84,0.00025268058952318155,18,29,40,51,62,73,84,83,82,93,92,91,90,79,68,57,46,35,36,37,26,27,28,29,18,7
11,11,84,6.92508190320525e-05,78,79,80,81,82,83,84,73,62,51,52,41,30,29,28,27,26,25,36,47,58,69,80,79,78,77
11,11,84,0.0001290938064527261,18,29,40,51,62,73,84,83,82,81,80,91,90,79,80,69,58,47,36,37,38,39,28,29,18,7
11,11,84,0.0019356728270065872,78,79,80,81,82,83,84,73,62,51,52,41,30,41,40,39,38,37,36,35,46,57,68,79,78,77
11,11,84,0.0020339273025185983,18,29,40,51,62,73,84,83,82,81,92,91,90,79,68,69,58,47,36,25,26,27,28,29,18,7
11,11,84,3.474013916982354e-05,78,79,80,81,82,83,84,73,62,51,40,41,30,29,28,27,38,37,36,47,58,57,68,79,78,77
11,11,84,0.00014846017201371094,78,79,80,81,82,83,84,73,74,63,52,41,30,29,28,27,26,25,36,47,58,69,80,79,78,77
11,11,84,0.0017037812507514764,78,79,80,81,82,83,84,73,74,63,52,41,30,29,28,27,26,25,24,35,46,57,68,79,78,77
11,11,84,4.76816441181594e-05,18,29,40,51,62,73,84,83,82,81,80,79,90,79,68,57,46,47,36,37,38,39,40,29,18,7
11,11,84,5.497845009966792e-05,78,79,80,81,82,83,84,73,62,51,40,29,30,29,28,27,26,25,36,47,58,57,68,79,78,77
11,11,84,0.00023257995417789396,18,29,40,51,62,73,84,83,82,81,92,91,90,79,68,57,46,47,36,37,26,27,28,29,18,7
11,11,84,0.0008086145999633964,78,79,80,81,82,83,84,73,62,51,40,41,30,29,40,39,38,37,36,35,46,57,68,79,78,77
11,11,84,0.03471554113204968,18,29,40,51,62,73,84,95,94,93,92,91,90,79,80,81,82,83,84,73,62,51,40,29,18,7
11,11,84,0.006829489155661339,78,79,80,81,82,83,84,85,74,63,52,41,30,29,40,39,38,37,36,47,46,57,68,79,78,77
11,11,84,0.00044198451828873254,18,29,40,51,62,73,84,83,82,93,92,91,90,79,68,57,46,47,36,37,38,27,28,29,18,7
11,11,84,0.0019292479663939393,18,29,40,51,62,73,84,95,94,93,92,91,90,79,68,69,58,47,36,37,38,39,28,29,18,7
11,11,84,0.0020911544538326945,18,29,40,51,62,73,84,83,82,93,92,91,90,91,80,69,58,47,36,37,26,27,28,29,18,7
11,11,84,0.00016112632579293323,78,79,80,81,82,83,84,73,62,51,40,41,30,29,40,39,38,37,36,47,58,57,68,79,78,77
11,11,84,0.0004303738773244455,78,79,80,81,82,83,84,73,62,51,40,29,30,41,52,63,74,73,84,83,82,81,80,79,78,77
11,11,84,0.0001505711976435813,18,29,40,51,62,73,84,83,82,81,80,79,90,91,80,69,58,47,36,37,38,39,40,29,18,7
11,11,84,0.00016438464796077667,18,29,40,51,62,73,84,83,82,81,92,91,90,79,68,57,46,35,36,37,26,27,28,29,18,7
11,11,84,0.004152433305816574,18,29,40,51,62,73,84,95,94,93,92,91,90,91,80,69,58,47,36,37,38,27,28,29,18,7
11,11,84,5.516201754574361e-05,78,79,80,81,82,83,84,73,74,63,52,41,30,29,28,27,26,25,36,47,58,69,68,79,78,77
11,11,84,0.0008145805419608563,78,79,80,81,82,83,84,73,62,63,52,41,30,29,28,27,26,37,36,35,46,57,68,79,78,77
11,11,84,0.013583807442154686,78,79,80,81,82,83,84,85,74,63,52,41,30,41,40,39,38,37,36,35,46,57,68,79,78,77
11,11,84,0.0008783702294721572,78,79,80,81,82,83,84,73,62,51,40,29,30,41,40,39,38,37,36,35,46,57,68,79,78,77
11,11,84,0.00872597033293078,18,29,40,51,62,73,84,83,94,93,92,91,90,79,68,69,58,47,36,25,26,27,28,29,18,7
11,11,84,0.0002028420279136329,78,79,80,81,82,83,84,73,62,51,52,41,30,29,40,39,38,37,36,47,58,69,80,79,78,77
11,11,84,0.001238667234257209,18,29,40,51,62,73,84,83,94,93,92,91,90,79,80,69,58,47,36,37,38,39,40,29,18,7
11,11,84,0.0018145183125966341,78,79,80,81,82,83,84,73,74,63,52,41,30,41,40,39,38,37,36,47,58,57,68,79,78,77
11,11,84,0.00043982760079734336,78,79,80,81,82,83,84,73,62,51,40,29,30,41,40,39,38,37,36,47,46,57,68,79,78,77
11,11,84,0.0003607100315387226,18,29,40,51,62,73,84,83,82,93,92,91,90,79,68,57,58,47,36,37,38,39,28,29,18,7
11,11,84,0.00012831364480690442,78,79,80,81,82,83,84,73,62,51,40,41,30,41,40,39,38,37,36,47,58,69,68,79,78,77
11,11,84,0.0005992559277140765,18,29,40,51,62,73,84,83,82,81,80,91,90,91,80,69,58,47,36,37,26,27,28,29,18,7
11,11,84,0.0012273778363235549,18,29,40,51,62,73,84,83,82,93,92,91,90,79,68,57,58,47,36,37,26,27,28,29,18,7
11,11,84,0.0001287266715605747,78,79,80,81,82,83,84,73,62,51,40,29,30,29,28,39,38,37,36,47,58,69,80,79,78,77
11,11,84,0.0021672890520925856,18,29,40,51,62,73,84,83,94,93,92,91,90,79,68,57,46,35,24,25,26,27,28,29,18,7
11,11,84,0.028353231126650877,78,79,80,81,82,83,84,85,74,63,52,41,30,41,52,51,62,73,84,83,82,81,80,79,78,77
11,11,84,0.0011830004062347572,18,29,40,51,62,73,84,83,82,81,92,91,90,91,92,93,94,95,84,73,62,51,40,29,18,7
11,11,84,0.0005024240999091521,78,79,80,81,82,83,84,73,62,51,40,29,30,41,52,63,74,85,84,83,82,81,80,79,78,77
11,11,84,0.0018426959155692512,78,79,80,81,82,83,84,85,74,63,52,41,30,41,40,39,38,37,36,47,58,69,68,79,78,77
11,11,84,0.0010082900894322234,78,79,80,81,82,83,84,73,74,63,52,41,30,41,40,39,38,37,36,47,58,69,80,79,78,77
11,11,84,0.0021833512036242074,18,29,40,51,62,73,84,83,82,81,80,79,90,91,80,81,82,83,84,73,62,51,40,29,18,7
11,11,84,0.0008949830833420064,18,29,40,51,62,73,84,83,82,81,80,91,90,91,92,93,82,83,84,73,62,51,40,29,18,7
11,11,84,0.00028306100184870764,78,79,80,81,82,83,84,73,62,63,52,41,30,29,28,27,26,37,36,47,58,57,68,79,78,77
11,11,84,0.007411397959721263,78,79,80,81,82,83,84,85,74,63,52,41,30,41,52,63,74,85,84,83,82,81,80,79,78,77
11,11,84,0.0032780097764350444,78,79,80,81,82,83,84,73,74,63,52,41,30,29,28,27,38,37,36,35,46,57,68,79,78,77
11,11,84,0.00048158919477956193,78,79,80,81,82,83,84,73,62,51,52,41,30,29,28,27,26,37,36,35,46,57,68,79,78,77
11,11,84,0.002088538617726115,18,29,40,51,62,73,84,95,94,93,92,91,90,79,68,57,46,47,36,37,26,27,28,29,18,7
11,11,84,0.013897524207498048,78,79,80,81,82,83,84,85,74,63,52,41,30,29,28,39,38,37,36,35,46,57,68,79,78,77
11,11,84,0.0005832396680439729,18,29,40,51,62,73,84,83,82,93,92,91,90,79,68,69,58,47,36,37,38,39,40,29,18,7
11,11,84,6.824119807863622e-05,78,79,80,81,82,83,84,73,62,51,52,41,30,29,28,27,26,37,36,47,58,57,68,79,78,77
11,11,84,0.0012228804338947003,18,29,40,51,62,73,84,95,94,93,92,91,90,79,68,57,46,35,36,37,26,27,28,29,18,7
11,11,84,0.0018404472143548258,78,79,80,81,82,83,84,73,62,63,52,41,30,29,28,39,38,37,36,47,46,57,68,79,78,77
11,11,84,0.00020114402903743272,18,29,40,51,62,73,84,83,82,81,92,91,90,91,80,69,58,47,36,37,38,39,40,29,18,7
11,11,84,0.004613462946635661,18,29,40,51,62,73,84,83,94,93,92,91,90,91,92,93,94,83,84,73,62,51,40,29,18,7
11,11,84,2.2119877252120145e-05,78,79,80,81,82,83,84,73,62,51,40,41,30,29,28,27,26,25,36,47,58,57,68,79,78,77
11,11,84,0.002282844759397229,18,29,40,51,62,73,84,83,82,81,80,79,90,79,80,81,82,83,84,73,62,51,40,29,18,7
11,11,84,0.0022135021566421385,18,29,40,51,62,73,84,83,94,93,92,91,90,79,68,57,46,47,36,25,26,27,28,29,18,7
11,11,84,0.0010587252452415184,18,29,40,51,62,73,84,83,94,93,92,91,90,79,68,57,46,47,36,37,26,27,28,29,18,7
11,11,84,0.0018143347451505581,78,79,80,81,82,83,84,85,74,63,52,41,30,29,28,27,38,37,36,47,58,57,68,79,78,77
11,11,84,0.0002457968102953433,78,79,80,81,82,83,84,73,62,63,52,41,30,29,28,27,26,25,36,47,46,57,68,79,78,77
11,11,84,0.002143975986440973,18,29,40,51,62,73,84,83,94,93,92,91,90,79,68,57,58,47,36,37,26,27,28,29,18,7
11,11,84,0.008875072991005734,18,29,40,51,62,73,84,83,94,93,92,91,90,91,80,69,58,47,36,25,26,27,28,29,18,7
11,11,84,3.3776410077926196e-05,78,79,80,81,82,83,84,73,62,51,40,41,30,29,28,27,38,37,36,47,58,69,68,79,78,77
11,11,84,0.0010421582832331876,18,29,40,51,62,73,84,83,82,81,80,79,90,79,80,69,58,47,36,25,26,27,28,29,18,7
11,11,84,0.0035580419154234992,78,79,80,81,82,83,84,73,74,63,52,41,30,29,40,39,38,37,36,47,46,57,68,79,78,77
11,11,84,0.002291655996808862,18,29,40,51,62,73,84,95,94,93,92,91,90,79,68,57,46,35,36,25,26,27,28,29,18,7
11,11,84,0.0344646962169872,18,29,40,51,62,73,84,95,94,93,92,91,90,91,92,81,82,83,84,73,62,51,40,29,18,7
11,11,84,0.0004582761291279497,18,29,40,51,62,73,84,83,94,93,92,91,90,79,68,57,46,35,36,37,26,27,28,29,18,7
11,11,84,0.00029054137527629177,18,29,40,51,62,73,84,83,82,81,80,79,90,79,80,69,58,47,36,37,38,27,28,29,18,7
11,11,84,0.0005857178285659945,18,29,40,51,62,73,84,83,82,81,80,91,90,79,68,69,58,47,36,37,26,27,28,29,18,7
11,11,84,0.0008480816008696687,78,79,80,81,82,83,84,73,74,63,52,41,30,29,28,27,26,37,36,47,46,57,68,79,78,77
11,11,84,4.401029519664568e-05,78,79,80,81,82,83,84,73,62,51,40,29,30,41,40,39,38,37,36,47,58,69,68,79,78,77
11,11,84,0.0010316490469453549,18,29,40,51,62,73,84,83,94,93,92,91,90,79,68,57,58,47,36,37,38,27,28,29,18,7
11,11,84,0.00010913084669199525,78,79,80,81,82,83,84,73,62,51,52,41,30,29,28,27,26,25,36,47,46,57,68,79,78,77
11,11,84,0.0041961223579825855,18,29,40,51,62,73,84,83,82,81,92,91,90,91,92,81,82,83,84,73,62,51,40,29,18,7
11,11,84,0.00011128776418338456,18,29,40,51,62,73,84,83,82,93,92,91,90,79,68,57,46,47,36,37,38,39,28,29,18,7
11,11,84,0.00048200222153323217,18,29,40,51,62,73,84,95,94,93,92,91,90,79,68,57,46,47,36,37,38,39,28,29,18,7
11,11,84,8.361497168747491e-05,18,29,40,51,62,73,84,83,94,93,92,91,90,79,68,57,46,35,36,37,38,39,28,29,18,7
11,11,84,0.0024326816872565086,18,29,40,51,62,73,84,95,94,93,92,91,90,79,80,69,58,47,36,37,38,39,28,29,18,7
11,11,84,0.0006940226217506494,78,79,80,81,82,83,84,85,74,63,52,41,30,29,28,27,26,37,36,47,58,57,68,79,78,77
11,11,84,0.0001265697540691854,18,29,40,51,62,73,84,95,94,93,92,91,90,79,68,57,46,35,36,37,38,39,28,29,18,7
11,11,84,0.00014428401261548906,78,79,80,81,82,83,84,73,62,51,40,29,30,41,40,39,38,37,36,47,58,69,80,79,78,77
11,11,84,0.002460262696029381,18,29,40,51,62,73,84,95,94,93,92,91,90,79,68,69,58,47,36,37,38,39,40,29,18,7
11,11,84,0.0009536328823631881,18,29,40,51,62,73,84,83,82,81,80,79,90,79,68,69,58,47,36,25,26,27,28,29,18,7
11,11,84,0.0024477801096962322,18,29,40,51,62,73,84,83,82,93,92,91,90,79,80,69,58,47,36,37,26,27,28,29,18,7
11,11,84,0.01687296894093873,18,29,40,51,62,73,84,95,94,93,92,91,90,91,80,69,58,47,36,25,26,27,28,29,18,7
11,11,84,0.0019902382503525864,18,29,40,51,62,73,84,83,82,93,92,91,90,79,68,57,58,47,36,25,26,27,28,29,18,7
11,11,84,2.26705795903472e-05,78,79,80,81,82,83,84,73,62,51,40,29,30,29,28,27,26,37,36,47,58,69,80,79,78,77
11,11,84,0.00026475014910265786,78,79,80,81,82,83,84,73,62,51,52,41,30,29,28,27,38,37,36,47,58,57,68,79,78,77
11,11,84,0.0040377036520192686,18,29,40,51,62,73,84,83,82,93,92,91,90,79,68,69,58,47,36,25,26,27,28,29,18,7
11,11,84,0.0002626391234727876,18,29,40,51,62,73,84,83,82,81,80,79,90,79,68,57,46,35,24,25,26,27,28,29,18,7
11,11,84,0.000858407269711426,78,79,80,81,82,83,84,73,62,63,52,41,30,41,40,39,38,37,36,47,58,57,68,79,78,77
11,11,84,0.0005814957773062538,18,29,40,51,62,73,84,83,82,93,92,91,90,79,80,69,58,47,36,37,38,39,40,29,18,7
11,11,84,0.000883556009823795,78,79,80,81,82,83,84,73,62,51,40,41,30,29,28,39,38,37,36,35,46,57,68,79,78,77
11,11,84,0.0005485913125971873,78,79,80,81,82,83,84,73,62,51,52,41,30,29,28,27,26,25,24,35,46,57,68,79,78,77
11,11,84,0.006938895353522458,78,79,80,81,82,83,84,73,62,63,52,41,30,41,40,51,62,73,84,83,82,81,80,79,78,77
11,11,84,0.0001682395643283661,78,79,80,81,82,83,84,73,62,51,52,41,30,41,40,39,38,37,36,47,58,69,80,79,78,77
11,11,84,0.00014231066257017547,78,79,80,81,82,83,84,73,62,51,40,41,30,41,40,39,38,37,36,47,58,69,80,79,78,77
11,11,84,0.0004689230410003393,18,29,40,51,62,73,84,83,82,93,92,91,90,91,80,69,58,47,36,37,38,39,40,29,18,7
11,11,84,0.0001258813761464016,18,29,40,51,62,73,84,83,82,81,80,79,90,79,68,57,46,47,36,37,26,27,28,29,18,7
11,11,84,0.0017622015904650635,78,79,80,81,82,83,84,73,62,63,52,41,30,29,28,27,38,37,36,35,46,57,68,79,78,77
11,11,84,0.002090833210802062,18,29,40,51,62,73,84,83,82,93,92,91,90,91,92,93,94,83,84,73,62,51,40,29,18,7
11,11,84,0.00017314999351089068,78,79,80,81,82,83,84,73,62,51,52,41,30,29,28,39,38,37,36,47,58,69,80,79,78,77
11,11,84,0.0020607281496456474,78,79,80,81,82,83,84,73,62,51,40,29,30,41,52,51,62,73,84,83,82,81,80,79,78,77
11,11,84,0.0005124744175817958,18,29,40,51,62,73,84,83,82,81,80,79,90,91,92,93,94,83,84,73,62,51,40,29,18,7
11,11,84,0.0008221985909729971,78,79,80,81,82,83,84,73,62,63,52,41,30,29,28,39,38,37,36,47,58,57,68,79,78,77
11,11,84,0.0021694918614454926,18,29,40,51,62,73,84,83,82,81,92,91,90,91,92,93,82,83,84,73,62,51,40,29,18,7
11,11,84,0.00021179094090982258,78,79,80,81,82,83,84,73,62,63,52,41,30,29,28,27,38,37,36,47,58,69,80,79,78,77
11,11,84,0.007039444422110402,78,79,80,81,82,83,84,85,74,63,52,41,30,41,52,63,74,73,84,83,82,81,80,79,78,77
11,11,84,0.00010440398495554633,18,29,40,51,62,73,84,83,82,93,92,91,90,79,68,57,46,47,36,37,38,39,40,29,18,7
11,11,84,0.0018561422309942958,78,79,80,81,82,83,84,73,62,51,52,41,30,29,28,39,38,37,36,35,46,57,68,79,78,77
11,11,84,0.001156245450969226,18,29,40,51,62,73,84,83,82,81,80,79,90,91,80,69,58,47,36,25,26,27,28,29,18,7
