map_height,map_width,observation,probability,a_0,a_1,a_2,a_3,a_4,a_5,a_6,a_7,a_8,a_9,a_10,a_11,a_12,a_13,a_14,a_15,a_16,a_17,a_18,a_19,a_20,a_21,a_22
11,11,58,0.00021209666256110344,0,0,0,2,0,0,0,2,0,2,2,3,3,3,1,1,1,1,1,1,3,1,1
11,11,58,0.0009444404094038585,0,2,0,0,0,0,0,2,2,2,0,1,3,3,3,1,1,1,1,3,1,1,1
11,11,58,0.013985875910235665,2,2,2,2,0,0,0,2,0,2,2,1,3,3,3,1,1,1,3,3,3,3,3
11,11,58,0.0005391707742220339,0,0,2,0,0,0,0,2,2,2,0,3,1,3,3,1,1,1,3,1,1,1,1
11,11,58,0.0008545554270619834,0,0,0,2,0,0,0,0,2,2,2,3,3,1,3,1,1,1,3,1,1,1,1
11,11,58,0.00041421062908408667,0,0,2,0,0,0,0,2,0,2,2,3,3,1,3,1,1,1,3,1,1,1,1
11,11,58,0.0007530250970644972,0,0,0,2,0,0,0,0,3,3,3,1,2,2,1,2,1,1,1,3,1,1,1
11,11,58,0.0008212311382141408,0,2,0,0,0,0,0,3,3,0,3,1,2,1,2,2,1,1,1,1,3,1,1
11,11,58,0.0007145635540352352,0,0,0,2,0,0,0,3,3,0,3,2,1,1,2,2,1,1,3,1,1,1,1
11,11,58,0.0016624480275039147,0,2,0,0,0,0,0,2,0,2,2,1,3,3,3,1,1,1,1,1,3,1,1
11,11,58,0.00035529507799303623,0,2,0,0,0,0,0,3,3,0,3,2,1,2,1,2,1,1,1,1,3,1,1
11,11,58,0.00038853453767672894,0,2,0,0,0,0,0,3,3,0,3,2,1,2,2,1,1,1,1,1,3,1,1
11,11,58,0.027654568789353094,2,2,2,2,0,0,0,0,2,2,2,1,3,3,3,1,1,1,3,3,3,3,3
11,11,58,0.00040341017990348543,0,2,0,0,0,0,0,3,3,3,0,1,2,2,2,1,1,1,1,3,1,1,1
11,11,58,0.0016307117406091096,0,0,0,2,0,0,0,0,3,3,3,2,2,2,1,1,1,1,1,1,3,1,1
11,11,58,0.0016549389498926512,0,2,0,0,0,0,0,3,3,3,0,2,1,1,2,2,1,1,3,1,1,1,1
11,11,58,0.000385083687278779,0,2,0,0,0,0,0,3,3,3,0,2,1,2,2,1,1,1,1,1,3,1,1
11,11,58,0.0015611145011672758,0,2,0,0,0,0,0,0,3,3,3,2,1,2,2,1,1,1,1,3,1,1,1
11,11,58,0.00038599644908511967,0,2,0,0,0,0,0,3,3,3,0,2,1,2,1,2,1,1,1,1,3,1,1
11,11,58,0.0031547626833724426,0,2,0,0,0,0,0,0,3,3,3,2,2,1,1,2,1,1,3,1,1,1,1
11,11,58,0.0015613689886597485,0,2,0,0,0,0,0,0,3,3,3,2,1,2,1,2,1,1,1,3,1,1,1
11,11,58,0.0032377323922521406,0,2,0,0,0,0,0,0,3,3,3,2,2,1,2,1,1,1,3,1,1,1,1
11,11,58,0.0007723457874931369,0,0,0,2,0,0,0,3,0,3,3,2,2,2,1,1,1,1,1,1,3,1,1
11,11,58,0.00012053206276889816,0,0,2,0,0,0,0,2,2,2,0,3,3,1,3,1,1,1,1,1,3,1,1
11,11,58,0.0008221235410210836,0,2,0,0,0,0,0,3,0,3,3,2,1,2,2,1,1,1,1,3,1,1,1
11,11,58,0.001636883910593251,0,0,2,0,0,0,0,3,0,3,3,2,1,1,2,2,1,1,3,1,1,1,1
11,11,58,0.0003751077775737913,0,0,2,0,0,0,0,3,3,3,0,2,2,2,1,1,1,1,1,3,1,1,1
11,11,58,0.0008725018850312613,0,2,0,0,0,0,0,2,2,0,2,1,3,3,3,1,1,1,1,3,1,1,1
11,11,58,0.0015517595409439235,0,2,0,0,0,0,0,3,0,3,3,2,2,1,1,2,1,1,3,1,1,1,1
11,11,58,0.0007811001572342471,0,2,0,0,0,0,0,3,0,3,3,2,1,2,1,2,1,1,1,3,1,1,1
11,11,58,0.0016109024341949213,0,2,0,0,0,0,0,3,0,3,3,2,2,1,2,1,1,1,3,1,1,1,1
11,11,58,0.023279830391890435,2,2,2,2,0,0,0,3,0,3,3,1,1,2,2,2,1,1,3,3,3,3,3
11,11,58,0.00048637310245006055,0,2,0,0,0,0,0,2,0,2,2,3,3,3,1,1,1,1,1,3,1,1,1
11,11,58,0.0031487330263840815,0,2,0,0,0,0,0,3,3,3,0,1,1,2,2,2,1,1,3,1,1,1,1
11,11,58,0.011642422746037807,2,2,2,2,0,0,0,3,3,3,0,1,1,2,2,2,1,1,3,3,3,3,3
11,11,58,0.0007247634127335924,0,0,2,0,0,0,0,2,2,0,2,1,3,3,3,1,1,1,3,1,1,1,1
11,11,58,0.000362067838459415,0,2,0,0,0,0,0,3,3,0,3,2,1,2,1,2,1,1,1,3,1,1,1
11,11,58,0.00011022362274041123,0,0,2,0,0,0,0,2,2,0,2,3,3,3,1,1,1,1,1,3,1,1,1
11,11,58,0.00038132745188986016,0,2,0,0,0,0,0,3,3,0,3,2,1,2,2,1,1,1,1,3,1,1,1
11,11,58,0.00018101525681359288,0,0,2,0,0,0,0,3,3,0,3,2,2,1,2,1,1,1,1,1,3,1,1
11,11,58,0.0008351566938023285,0,0,2,0,0,0,0,3,3,0,3,2,2,2,1,1,1,1,3,1,1,1,1
11,11,58,0.0018673274247784568,0,2,0,0,0,0,0,2,2,0,2,1,3,3,3,1,1,1,3,1,1,1,1
11,11,58,0.006404998894421497,0,2,0,0,0,0,0,0,3,3,3,2,1,1,2,2,1,1,3,1,1,1,1
11,11,58,0.0016367447907640294,0,2,0,0,0,0,0,0,3,3,3,2,1,2,2,1,1,1,1,1,3,1,1
11,11,58,0.0004122663446415861,0,0,2,0,0,0,0,3,0,3,3,2,1,2,1,2,1,1,1,1,3,1,1
11,11,58,0.00025797566770434637,0,0,0,2,0,0,0,2,2,0,2,3,1,3,3,1,1,1,1,3,1,1,1
11,11,58,0.0014743376594001495,0,2,0,0,0,0,0,0,3,3,3,2,1,2,1,2,1,1,1,1,3,1,1
11,11,58,0.00021586307744972128,0,2,0,0,0,0,0,2,2,0,2,3,3,3,1,1,1,1,1,3,1,1,1
11,11,58,0.04628611048153815,2,2,2,2,0,0,0,0,3,3,3,1,1,2,2,2,1,1,3,3,3,3,3
11,11,58,0.003239815796523871,0,2,0,0,0,0,0,3,0,3,3,2,1,1,2,2,1,1,3,1,1,1,1
11,11,58,0.0007881002598605709,0,2,0,0,0,0,0,3,0,3,3,2,1,2,2,1,1,1,1,1,3,1,1
11,11,58,0.00037953246677627597,0,0,2,0,0,0,0,3,3,3,0,2,2,2,1,1,1,1,1,1,3,1,1
11,11,58,0.0016182893578098022,0,0,2,0,0,0,0,0,3,3,3,2,2,2,1,1,1,1,1,3,1,1,1
11,11,58,0.0008114520321700009,0,2,0,0,0,0,0,3,0,3,3,2,1,2,1,2,1,1,1,1,3,1,1
11,11,58,0.0008452276121711715,0,0,0,2,0,0,0,3,3,3,0,1,1,2,2,2,1,1,1,3,1,1,1
11,11,58,0.00041137733500121014,0,0,2,0,0,0,0,3,3,3,0,1,2,1,2,2,1,1,1,3,1,1,1
11,11,58,0.0003951037081491287,0,0,0,2,0,0,0,3,3,0,3,2,1,2,1,2,1,1,3,1,1,1,1
11,11,58,0.0009295749466768005,0,0,0,2,0,0,0,0,2,2,2,3,1,3,3,1,1,1,1,3,1,1,1
11,11,58,0.003222059355882305,0,2,0,0,0,0,0,3,3,0,3,1,1,2,2,2,1,1,3,1,1,1,1
11,11,58,0.0007675444568017902,0,0,2,0,0,0,0,3,0,3,3,2,2,2,1,1,1,1,1,3,1,1,1
11,11,58,0.001555939922153633,0,0,0,2,0,0,0,3,0,3,3,1,1,2,2,2,1,1,1,3,1,1,1
11,11,58,0.0004172746584934781,0,0,0,2,0,0,0,3,3,0,3,2,2,1,2,1,1,1,3,1,1,1,1
11,11,58,0.00041650780284948935,0,0,0,2,0,0,0,3,3,0,3,2,2,2,1,1,1,1,1,1,3,1,1
11,11,58,0.01258879726038455,0,2,0,0,0,0,0,0,3,3,3,1,1,2,2,2,1,1,3,1,1,1,1
11,11,58,0.00043149881273950097,0,0,0,2,0,0,0,3,3,0,3,2,2,1,1,2,1,1,3,1,1,1,1
11,11,58,0.001649530242385934,0,0,2,0,0,0,0,0,3,3,3,1,2,2,2,1,1,1,3,1,1,1,1
11,11,58,0.000358725569391588,0,2,0,0,0,0,0,3,3,0,3,1,2,2,2,1,1,1,1,3,1,1,1
11,11,58,0.00011366768680522831,0,0,2,0,0,0,0,2,2,0,2,3,3,3,1,1,1,1,1,1,3,1,1
11,11,58,0.00041774970181276353,0,2,0,0,0,0,0,3,3,0,3,2,2,1,2,1,1,1,1,1,3,1,1
11,11,58,0.0008881409897354401,0,0,2,0,0,0,0,0,2,2,2,3,3,1,3,1,1,1,3,1,1,1,1
11,11,58,0.006397136927487338,0,2,0,0,0,0,0,3,0,3,3,1,1,2,2,2,1,1,3,1,1,1,1
11,11,58,0.007002895202406887,0,2,0,0,0,0,0,0,2,2,2,1,3,3,3,1,1,1,3,1,1,1,1
11,11,58,0.0007718843168401171,0,0,0,2,0,0,0,3,3,3,0,2,2,2,1,1,1,1,3,1,1,1,1
11,11,58,0.0002104611562761362,0,0,0,2,0,0,0,2,2,0,2,3,1,3,3,1,1,1,1,1,3,1,1
11,11,58,0.000744457351484534,0,0,2,0,0,0,0,3,3,0,3,2,1,1,2,2,1,1,3,1,1,1,1
11,11,58,0.0004293848699686823,0,2,0,0,0,0,0,3,3,3,0,2,2,1,1,2,1,1,1,1,3,1,1
11,11,58,0.00037445628959305777,0,2,0,0,0,0,0,3,3,3,0,2,2,1,2,1,1,1,1,1,3,1,1
11,11,58,0.0015563504953081562,0,0,2,0,0,0,0,0,3,3,3,2,2,2,1,1,1,1,1,1,3,1,1
11,11,58,0.006046307256695609,2,2,2,2,0,0,0,3,0,3,3,2,2,1,1,2,1,1,3,3,3,3,3
11,11,58,0.0007360592642328865,0,0,0,2,0,0,0,3,3,3,0,1,1,2,2,2,1,1,1,1,3,1,1
11,11,58,0.0032120970188435874,0,0,0,2,0,0,0,0,3,3,3,1,1,2,2,2,1,1,1,3,1,1,1
11,11,58,0.0034648064920369927,0,2,0,0,0,0,0,2,0,2,2,1,3,3,3,1,1,1,3,1,1,1,1
11,11,58,0.0003903159501240482,0,2,0,0,0,0,0,3,3,3,0,1,2,2,1,2,1,1,1,3,1,1,1
11,11,58,0.00041530662188501093,0,0,2,0,0,0,0,3,3,0,3,1,2,2,2,1,1,1,3,1,1,1,1
11,11,58,0.0008371416962436258,0,0,2,0,0,0,0,3,0,3,3,2,2,2,1,1,1,1,1,1,3,1,1
11,11,58,0.00020618576640257024,0,0,0,2,0,0,0,2,0,2,2,3,3,1,3,1,1,1,1,1,3,1,1
11,11,58,0.00038803234902491277,0,0,0,2,0,0,0,3,3,0,3,2,2,2,1,1,1,1,1,3,1,1,1
11,11,58,0.0008962404783292507,0,0,2,0,0,0,0,0,2,2,2,3,1,3,3,1,1,1,1,3,1,1,1
11,11,58,0.011696224795113352,2,2,2,2,0,0,0,3,0,3,3,1,2,1,2,2,1,1,3,3,3,3,3
11,11,58,0.0015215875038361866,0,0,0,2,0,0,0,3,0,3,3,1,2,1,2,2,1,1,3,1,1,1,1
11,11,58,0.0017182181131879888,0,0,0,2,0,0,0,0,2,2,2,1,3,3,3,1,1,1,1,3,1,1,1
11,11,58,0.0016316821862470794,0,2,0,0,0,0,0,3,3,0,3,1,2,1,2,2,1,1,3,1,1,1,1
11,11,58,0.0004029147775848022,0,0,0,2,0,0,0,3,3,3,0,2,2,1,2,1,1,1,3,1,1,1,1
11,11,58,0.00026750707258914574,0,0,0,2,0,0,0,2,2,0,2,3,3,1,3,1,1,1,3,1,1,1,1
11,11,58,0.0002105968829387903,0,0,0,2,0,0,0,3,3,3,0,1,2,2,1,2,1,1,1,3,1,1,1
11,11,58,0.00584092906393584,2,2,2,2,0,0,0,3,3,3,0,1,2,1,2,2,1,1,3,3,3,3,3
11,11,58,0.011699736722509554,2,2,2,2,0,0,0,3,3,0,3,1,1,2,2,2,1,1,3,3,3,3,3
11,11,58,0.0009992502289496612,0,2,0,0,0,0,0,0,2,2,2,3,3,3,1,1,1,1,1,1,3,1,1
11,11,58,0.0031152696177070152,0,0,0,2,0,0,0,0,3,3,3,2,2,2,1,1,1,1,3,1,1,1,1
11,11,58,0.0007892641159928189,0,2,0,0,0,0,0,3,3,3,0,2,1,1,2,2,1,1,1,1,3,1,1
11,11,58,0.0007242306855826873,0,2,0,0,0,0,0,3,3,3,0,2,1,2,2,1,1,1,3,1,1,1,1
11,11,58,0.0007555326471570105,0,0,2,0,0,0,0,3,0,3,3,1,2,1,2,2,1,1,1,1,3,1,1
11,11,58,0.00020961625780112304,0,0,2,0,0,0,0,3,3,0,3,2,2,1,2,1,1,1,1,3,1,1,1
11,11,58,0.00020219540252057534,0,0,0,2,0,0,0,2,2,2,0,3,3,1,3,1,1,1,3,1,1,1,1
11,11,58,0.0003922602345665509,0,2,0,0,0,0,0,3,3,3,0,2,2,1,1,2,1,1,1,3,1,1,1
11,11,58,0.0007585763175670012,0,2,0,0,0,0,0,3,3,3,0,2,1,2,1,2,1,1,3,1,1,1,1
11,11,58,0.0003632927715898574,0,2,0,0,0,0,0,3,3,3,0,2,2,1,2,1,1,1,1,3,1,1,1
11,11,58,0.0016164231161983251,0,2,0,0,0,0,0,0,3,3,3,2,2,1,2,1,1,1,1,1,3,1,1
11,11,58,0.001480027999731872,0,0,0,2,0,0,0,3,0,3,3,2,2,2,1,1,1,1,3,1,1,1,1
11,11,58,0.00024022262022934854,0,0,2,0,0,0,0,2,2,2,0,3,3,1,3,1,1,1,3,1,1,1,1
11,11,58,0.0015264804500248245,0,2,0,0,0,0,0,3,3,3,0,1,2,1,2,2,1,1,3,1,1,1,1
11,11,58,0.0003818296405416758,0,2,0,0,0,0,0,3,3,3,0,1,2,2,2,1,1,1,1,1,3,1,1
11,11,58,0.0016300806116277746,0,2,0,0,0,0,0,0,3,3,3,1,2,2,2,1,1,1,1,3,1,1,1
11,11,58,0.0016345867368278435,0,2,0,0,0,0,0,2,2,2,0,1,3,3,3,1,1,1,3,1,1,1,1
11,11,58,0.0007736894814533995,0,2,0,0,0,0,0,3,0,3,3,2,2,1,1,2,1,1,1,1,3,1,1
11,11,58,0.00038452720796190227,0,2,0,0,0,0,0,3,3,3,0,1,2,2,1,2,1,1,1,1,3,1,1
11,11,58,0.005741000308557677,2,2,2,2,0,0,0,3,0,3,3,1,2,2,1,2,1,1,3,3,3,3,3
11,11,58,0.0015842049996510942,0,2,0,0,0,0,0,0,3,3,3,1,2,2,1,2,1,1,1,3,1,1,1
11,11,58,0.005945625218339733,2,2,2,2,0,0,0,3,0,3,3,1,2,2,2,1,1,1,3,3,3,3,3
11,11,58,0.0008338537178408601,0,2,0,0,0,0,0,3,0,3,3,1,2,2,2,1,1,1,1,3,1,1,1
11,11,58,0.0017185404640117894,0,0,0,2,0,0,0,0,2,2,2,1,3,3,3,1,1,1,1,1,3,1,1
11,11,58,0.000794564242169414,0,2,0,0,0,0,0,3,0,3,3,1,2,2,1,2,1,1,1,3,1,1,1
11,11,58,0.00022387434371280916,0,0,2,0,0,0,0,3,3,0,3,2,2,1,1,2,1,1,1,3,1,1,1
11,11,58,0.0008548811710523582,0,0,2,0,0,0,0,3,3,3,0,1,1,2,2,2,1,1,1,3,1,1,1
11,11,58,0.0028169220541965695,2,2,2,2,0,0,0,3,3,3,0,1,2,2,2,1,1,1,3,3,3,3,3
11,11,58,0.00018678024680977447,0,0,0,2,0,0,0,3,3,3,0,2,1,2,2,1,1,1,1,3,1,1,1
11,11,58,0.0007692613990843497,0,0,0,2,0,0,0,0,3,3,3,2,2,1,2,1,1,1,1,3,1,1,1
11,11,58,8.399783834930673e-05,0,0,0,2,0,0,0,2,2,0,2,3,3,3,1,1,1,1,1,1,3,1,1
11,11,58,0.0004096400337192533,0,0,2,0,0,0,0,3,3,0,3,2,1,2,1,2,1,1,3,1,1,1,1
11,11,58,0.00019032949903814754,0,0,0,2,0,0,0,3,3,3,0,2,1,2,1,2,1,1,1,3,1,1,1
11,11,58,0.00041198810498314773,0,0,2,0,0,0,0,3,3,0,3,2,1,2,2,1,1,1,3,1,1,1,1
11,11,58,0.0008683961534860113,0,0,2,0,0,0,0,2,0,2,2,1,3,3,3,1,1,1,1,1,3,1,1
11,11,58,0.0003789250899609041,0,0,2,0,0,0,0,3,3,0,3,2,2,1,2,1,1,1,3,1,1,1,1
11,11,58,0.0004045876087019989,0,0,2,0,0,0,0,3,3,0,3,2,2,2,1,1,1,1,1,1,3,1,1
11,11,58,0.000778650290973363,0,2,0,0,0,0,0,3,3,3,0,2,1,1,2,2,1,1,1,3,1,1,1
11,11,58,0.003155780633342325,0,2,0,0,0,0,0,0,3,3,3,2,1,1,2,2,1,1,1,1,3,1,1
11,11,58,0.00038320047983447027,0,0,2,0,0,0,0,3,3,0,3,2,2,1,1,2,1,1,3,1,1,1,1
11,11,58,0.0002216619991115671,0,0,2,0,0,0,0,3,3,0,3,2,1,2,2,1,1,1,1,3,1,1,1
11,11,58,0.0016793493901707656,2,2,2,2,0,0,0,2,2,0,2,3,3,3,1,1,1,1,3,3,3,3,3
11,11,58,0.0008209528985556943,0,0,0,2,0,0,0,2,0,2,2,1,3,3,3,1,1,1,1,1,3,1,1
11,11,58,0.0015602085256940673,0,2,0,0,0,0,0,0,3,3,3,2,2,1,1,2,1,1,1,3,1,1,1
11,11,58,0.0032823084214339236,0,2,0,0,0,0,0,0,3,3,3,2,1,2,1,2,1,1,3,1,1,1,1
11,11,58,0.01175615829617433,2,2,2,2,0,0,0,0,3,3,3,1,2,2,1,2,1,1,3,3,3,3,3
11,11,58,0.011683113599501166,2,2,2,2,0,0,0,0,3,3,3,1,2,2,2,1,1,1,3,3,3,3,3
11,11,58,0.00011289065166154056,0,0,2,0,0,0,0,2,2,0,2,3,3,1,3,1,1,1,1,1,3,1,1
11,11,58,0.00153428812629393,0,2,0,0,0,0,0,3,0,3,3,2,1,1,2,2,1,1,1,1,3,1,1
11,11,58,0.0016578536799731224,0,2,0,0,0,0,0,3,0,3,3,2,1,2,2,1,1,1,3,1,1,1,1
11,11,58,0.006397408380812623,0,2,0,0,0,0,0,0,3,3,3,1,2,1,2,2,1,1,3,1,1,1,1
11,11,58,0.0007687286719334363,0,0,2,0,0,0,0,3,3,3,0,2,2,2,1,1,1,1,3,1,1,1,1
11,11,58,0.00023507179338167129,0,2,0,0,0,0,0,2,2,0,2,3,3,1,3,1,1,1,1,3,1,1,1
11,11,58,0.00019430629025387605,0,0,2,0,0,0,0,2,2,0,2,3,1,3,3,1,1,1,1,1,3,1,1
11,11,58,0.0007548132958449497,0,2,0,0,0,0,0,3,0,3,3,2,2,1,1,2,1,1,1,3,1,1,1
11,11,58,0.0015762582035527713,0,2,0,0,0,0,0,3,0,3,3,2,1,2,1,2,1,1,3,1,1,1,1
11,11,58,0.0008142480014206504,0,2,0,0,0,0,0,3,0,3,3,2,2,1,2,1,1,1,1,3,1,1,1
11,11,58,0.0015436023685184857,0,2,0,0,0,0,0,0,3,3,3,1,2,2,1,2,1,1,1,1,3,1,1
11,11,58,0.0008040922538876466,0,2,0,0,0,0,0,3,3,0,3,1,2,2,1,2,1,1,3,1,1,1,1
11,11,58,0.000228546734074635,0,0,0,2,0,0,0,3,3,0,3,2,1,2,1,2,1,1,1,1,3,1,1
11,11,58,0.0008086458834196531,0,2,0,0,0,0,0,3,0,3,3,1,2,2,2,1,1,1,1,1,3,1,1
11,11,58,0.0015347801354460501,0,2,0,0,0,0,0,3,3,0,3,1,1,2,2,2,1,1,1,1,3,1,1
11,11,58,0.0007270470138327339,0,2,0,0,0,0,0,3,0,3,3,1,2,2,1,2,1,1,1,1,3,1,1
11,11,58,0.0009236572641851346,0,0,0,2,0,0,0,2,0,2,2,1,3,3,3,1,1,1,1,3,1,1,1
11,11,58,0.0008451224240076164,0,0,2,0,0,0,0,3,3,3,0,1,1,2,2,2,1,1,1,1,3,1,1
11,11,58,0.0007846901274614167,0,0,0,2,0,0,0,3,3,3,0,2,1,1,2,2,1,1,3,1,1,1,1
11,11,58,0.003199175840559032,0,0,2,0,0,0,0,0,3,3,3,1,1,2,2,2,1,1,1,3,1,1,1
11,11,58,0.0017630520230288052,0,2,0,0,0,0,0,2,0,2,2,3,1,3,3,1,1,1,3,1,1,1,1
11,11,58,0.0008043840662123511,0,0,0,2,0,0,0,0,3,3,3,2,1,2,2,1,1,1,1,3,1,1,1
11,11,58,0.001590173579641256,0,2,0,0,0,0,0,0,3,3,3,2,2,1,1,2,1,1,1,1,3,1,1
11,11,58,0.00017813106523221798,0,0,2,0,0,0,0,2,2,0,2,3,3,3,1,1,1,1,3,1,1,1,1
11,11,58,0.00019268774980174154,0,0,0,2,0,0,0,3,3,3,0,2,1,2,1,2,1,1,1,1,3,1,1
11,11,58,0.0016175971518302748,0,0,0,2,0,0,0,0,3,3,3,2,2,1,1,2,1,1,3,1,1,1,1
11,11,58,0.0008011232331421155,0,0,0,2,0,0,0,0,3,3,3,2,1,2,1,2,1,1,1,3,1,1,1
11,11,58,0.0015773508031871257,0,0,0,2,0,0,0,0,3,3,3,2,2,1,2,1,1,1,3,1,1,1,1
11,11,58,0.00037077470386859805,0,0,2,0,0,0,0,3,3,0,3,2,2,2,1,1,1,1,1,3,1,1,1
11,11,58,0.0016209835320634633,0,0,2,0,0,0,0,3,0,3,3,1,1,2,2,2,1,1,1,3,1,1,1
11,11,58,0.0032991792456016776,0,2,0,0,0,0,0,0,3,3,3,2,1,1,2,2,1,1,1,3,1,1,1
11,11,58,0.0003636999515778163,0,0,0,2,0,0,0,3,0,3,3,2,1,2,2,1,1,1,1,3,1,1,1
11,11,58,0.0004765125604083284,0,0,0,2,0,0,0,0,2,2,2,3,3,1,3,1,1,1,1,3,1,1,1
11,11,58,0.0008355774464565433,0,2,0,0,0,0,0,2,0,2,2,3,1,3,3,1,1,1,1,3,1,1,1
11,11,58,0.0004268366018773711,0,0,0,2,0,0,0,2,2,2,0,1,3,3,3,1,1,1,1,1,3,1,1
11,11,58,0.0007586306082320622,0,0,0,2,0,0,0,3,0,3,3,2,2,1,1,2,1,1,3,1,1,1,1
11,11,58,0.0004065420726442011,0,0,0,2,0,0,0,3,0,3,3,2,1,2,1,2,1,1,1,3,1,1,1
11,11,58,0.0008008992841487373,0,0,0,2,0,0,0,3,0,3,3,2,2,1,2,1,1,1,3,1,1,1,1
11,11,58,7.896916549801726e-05,0,0,0,2,0,0,0,2,2,2,0,3,3,3,1,1,1,1,1,1,3,1,1
11,11,58,0.0016089377907530166,0,0,2,0,0,0,0,0,3,3,3,2,1,1,2,2,1,1,1,3,1,1,1
11,11,58,0.0015703031962288766,0,2,0,0,0,0,0,3,0,3,3,2,1,1,2,2,1,1,1,3,1,1,1
11,11,58,0.0004830613718813301,0,0,0,2,0,0,0,2,2,0,2,1,3,3,3,1,1,1,1,3,1,1,1
11,11,58,0.0029904621650645507,0,0,2,0,0,0,0,0,3,3,3,2,2,2,1,1,1,1,3,1,1,1,1
11,11,58,0.0008035425609038948,0,2,0,0,0,0,0,2,2,0,2,3,1,3,3,1,1,1,3,1,1,1,1
11,11,58,0.001488151240491647,0,0,0,2,0,0,0,3,3,3,0,1,1,2,2,2,1,1,3,1,1,1,1
11,11,58,0.0007815548415541273,0,0,2,0,0,0,0,2,0,2,2,1,3,3,3,1,1,1,1,3,1,1,1
11,11,58,0.00018672595614471332,0,0,0,2,0,0,0,3,3,0,3,2,1,2,1,2,1,1,1,3,1,1,1
11,11,58,0.001611044947190697,0,2,0,0,0,0,0,0,2,2,2,3,1,3,3,1,1,1,1,1,3,1,1
11,11,58,0.0015469005264209508,0,2,0,0,0,0,0,3,3,0,3,1,1,2,2,2,1,1,1,3,1,1,1
11,11,58,0.0034097116464996075,2,2,2,2,0,0,0,2,2,2,0,3,1,3,3,1,1,1,3,3,3,3,3
11,11,58,0.0015570935987861824,0,0,2,0,0,0,0,3,0,3,3,2,2,2,1,1,1,1,3,1,1,1,1
11,11,58,0.0008148859167351105,0,2,0,0,0,0,0,2,2,2,0,1,3,3,3,1,1,1,1,1,3,1,1
11,11,58,0.0008759900602614404,0,2,0,0,0,0,0,2,2,0,2,1,3,3,3,1,1,1,1,1,3,1,1
11,11,58,0.001646306734147919,2,2,2,2,0,0,0,2,2,2,0,3,3,1,3,1,1,1,3,3,3,3,3
11,11,58,0.0032409185756579187,0,0,2,0,0,0,0,0,3,3,3,1,1,2,2,2,1,1,1,1,3,1,1
11,11,58,0.003084032126297454,0,0,0,2,0,0,0,0,3,3,3,2,1,1,2,2,1,1,3,1,1,1,1
11,11,58,0.0007951173283197243,0,0,0,2,0,0,0,0,3,3,3,2,1,2,2,1,1,1,1,1,3,1,1
11,11,58,0.00040890371657436117,0,0,2,0,0,0,0,3,3,0,3,1,2,1,2,2,1,1,1,3,1,1,1
11,11,58,0.0008249975531027597,0,0,0,2,0,0,0,0,3,3,3,2,1,2,1,2,1,1,1,1,3,1,1
11,11,58,0.0002177598575602964,0,0,2,0,0,0,0,3,3,3,0,2,2,1,1,2,1,1,1,1,3,1,1
11,11,58,0.003067626165949283,0,0,0,2,0,0,0,0,3,3,3,1,1,2,2,2,1,1,1,1,3,1,1
11,11,58,0.001582610211364925,0,0,2,0,0,0,0,3,0,3,3,1,1,2,2,2,1,1,1,1,3,1,1
11,11,58,0.001636503875937821,0,0,0,2,0,0,0,3,0,3,3,2,1,1,2,2,1,1,3,1,1,1,1
11,11,58,0.00038260667568536363,0,0,0,2,0,0,0,3,0,3,3,2,1,2,2,1,1,1,1,1,3,1,1
11,11,58,0.0004469071821171673,0,2,0,0,0,0,0,2,2,2,0,3,1,3,3,1,1,1,1,3,1,1,1
11,11,58,0.02366466298484332,2,2,2,2,0,0,0,0,3,3,3,1,2,1,2,2,1,1,3,3,3,3,3
11,11,58,0.00045326258309589157,0,0,0,2,0,0,0,3,0,3,3,2,1,2,1,2,1,1,1,1,3,1,1
11,11,58,0.00040040044115915795,0,0,0,2,0,0,0,3,3,0,3,1,2,2,2,1,1,1,3,1,1,1,1
11,11,58,0.00019742461032832732,0,0,2,0,0,0,0,3,3,3,0,2,1,2,2,1,1,1,1,3,1,1,1
11,11,58,0.00026405622219119587,0,0,2,0,0,0,0,2,2,0,2,3,1,3,3,1,1,1,1,3,1,1,1
11,11,58,0.00039449972450032327,0,0,2,0,0,0,0,3,3,3,0,2,2,1,1,2,1,1,3,1,1,1,1
11,11,58,0.0001995792710979419,0,0,2,0,0,0,0,3,3,3,0,2,1,2,1,2,1,1,1,3,1,1,1
11,11,58,0.00041582238320309235,0,0,2,0,0,0,0,3,3,3,0,2,2,1,2,1,1,1,3,1,1,1,1
11,11,58,0.001644572826032538,0,0,0,2,0,0,0,3,3,0,3,1,1,2,2,2,1,1,3,1,1,1,1
11,11,58,0.0007912253662681532,0,2,0,0,0,0,0,3,3,3,0,1,2,1,2,2,1,1,1,1,3,1,1
11,11,58,0.0007774762553414156,0,2,0,0,0,0,0,3,3,3,0,1,2,2,2,1,1,1,3,1,1,1,1
11,11,58,0.006281287434579954,0,0,0,2,0,0,0,0,3,3,3,1,1,2,2,2,1,1,3,1,1,1,1
11,11,58,0.0007766890406980287,0,2,0,0,0,0,0,3,0,3,3,2,2,1,2,1,1,1,1,1,3,1,1
11,11,58,0.0007820197053737208,0,2,0,0,0,0,0,3,3,3,0,1,2,2,1,2,1,1,3,1,1,1,1
11,11,58,0.00044963528803649335,0,0,0,2,0,0,0,3,3,0,3,1,2,1,2,2,1,1,1,3,1,1,1
11,11,58,0.0033128197751982817,2,2,2,2,0,0,0,2,0,2,2,3,3,1,3,1,1,1,3,3,3,3,3
11,11,58,0.0031700455055871544,0,0,0,2,0,0,0,3,0,3,3,1,1,2,2,2,1,1,3,1,1,1,1
11,11,58,0.0008050593063590495,0,0,2,0,0,0,0,3,0,3,3,2,1,1,2,2,1,1,1,3,1,1,1
11,11,58,0.003501544306450571,0,0,0,2,0,0,0,0,2,2,2,1,3,3,3,1,1,1,3,1,1,1,1
11,11,58,0.00018573854467391352,0,0,0,2,0,0,0,3,3,0,3,2,2,1,2,1,1,1,1,3,1,1,1
11,11,58,0.00046022536088998167,0,0,0,2,0,0,0,0,2,2,2,3,3,3,1,1,1,1,1,3,1,1,1
11,11,58,0.0003828102656793432,0,0,2,0,0,0,0,3,3,0,3,1,2,1,2,2,1,1,1,1,3,1,1
11,11,58,0.00011201521468742947,0,0,2,0,0,0,0,2,2,2,0,3,3,3,1,1,1,1,1,3,1,1,1
11,11,58,0.0002210749812955934,0,0,2,0,0,0,0,3,3,0,3,2,1,2,1,2,1,1,1,1,3,1,1
11,11,58,0.00018042484583105284,0,0,0,2,0,0,0,3,3,3,0,2,2,1,2,1,1,1,1,1,3,1,1
11,11,58,0.001790390766053665,0,2,0,0,0,0,0,0,2,2,2,3,3,3,1,1,1,1,3,1,1,1,1
11,11,58,0.00039796754073110176,0,2,0,0,0,0,0,2,2,2,0,3,1,3,3,1,1,1,1,1,3,1,1
11,11,58,0.00041246314830243035,0,0,0,2,0,0,0,2,2,0,2,1,3,3,3,1,1,1,1,1,3,1,1
11,11,58,0.0007272302448273162,0,0,2,0,0,0,0,3,3,3,0,2,1,1,2,2,1,1,3,1,1,1,1
11,11,58,0.00021959216750611047,0,0,2,0,0,0,0,3,3,3,0,2,1,2,2,1,1,1,1,1,3,1,1
11,11,58,0.0066775685715275935,2,2,2,2,0,0,0,0,2,2,2,3,3,1,3,1,1,1,3,3,3,3,3
11,11,58,0.0007837468271559798,0,0,2,0,0,0,0,0,3,3,3,2,1,2,2,1,1,1,1,3,1,1,1
11,11,58,0.0004382512142064791,0,0,0,2,0,0,0,2,2,2,0,1,3,3,3,1,1,1,1,3,1,1,1
11,11,58,0.0017785350420709354,0,0,0,2,0,0,0,2,0,2,2,1,3,3,3,1,1,1,3,1,1,1,1
11,11,58,0.00020717317787337,0,0,0,2,0,0,0,2,0,2,2,3,3,3,1,1,1,1,1,3,1,1,1
11,11,58,0.0016193921369438578,0,0,2,0,0,0,0,0,3,3,3,2,2,1,1,2,1,1,3,1,1,1,1
11,11,58,0.0007571681534419764,0,0,2,0,0,0,0,0,3,3,3,2,1,2,1,2,1,1,1,3,1,1,1
11,11,58,0.0015764991183789784,0,0,2,0,0,0,0,0,3,3,3,2,2,1,2,1,1,1,3,1,1,1,1
11,11,58,0.0007604764908441418,0,2,0,0,0,0,0,3,3,3,0,1,2,1,2,2,1,1,1,3,1,1,1
11,11,58,0.0030314516171857236,0,2,0,0,0,0,0,0,3,3,3,1,2,1,2,2,1,1,1,1,3,1,1
11,11,58,0.0030888639954878934,0,2,0,0,0,0,0,0,3,3,3,1,2,2,2,1,1,1,3,1,1,1,1
11,11,58,0.0014459843595719633,0,0,0,2,0,0,0,3,0,3,3,1,1,2,2,2,1,1,1,1,3,1,1
11,11,58,0.0004312103935813605,0,0,2,0,0,0,0,2,2,0,2,3,1,3,3,1,1,1,3,1,1,1,1
11,11,58,0.00042277498149748344,0,0,2,0,0,0,0,2,2,2,0,1,3,3,3,1,1,1,1,1,3,1,1
11,11,58,0.0007725425911539827,0,0,2,0,0,0,0,3,0,3,3,2,2,1,1,2,1,1,3,1,1,1,1
11,11,58,0.00313668389190707,0,2,0,0,0,0,0,0,3,3,3,1,2,2,1,2,1,1,3,1,1,1,1
11,11,58,0.0007972719890893396,0,0,2,0,0,0,0,3,0,3,3,2,2,1,2,1,1,1,3,1,1,1,1
11,11,58,0.0004991585540719624,0,0,2,0,0,0,0,2,2,0,2,1,3,3,3,1,1,1,1,1,3,1,1
11,11,58,0.0003864273812390429,0,2,0,0,0,0,0,3,3,0,3,1,2,2,1,2,1,1,1,1,3,1,1
11,11,58,0.0015200605788813432,0,2,0,0,0,0,0,3,0,3,3,1,2,1,2,2,1,1,1,1,3,1,1
11,11,58,0.0016476063169428288,0,2,0,0,0,0,0,3,0,3,3,1,2,2,2,1,1,1,3,1,1,1,1
11,11,58,0.00022999561619845333,0,0,2,0,0,0,0,2,0,2,2,3,3,3,1,1,1,1,1,3,1,1,1
11,11,58,0.00045949243691165604,0,0,0,2,0,0,0,0,2,2,2,3,3,3,1,1,1,1,1,1,3,1,1
11,11,58,0.00165710718332853,0,2,0,0,0,0,0,3,0,3,3,1,2,2,1,2,1,1,3,1,1,1,1
11,11,58,0.0016225851066827683,0,0,2,0,0,0,0,3,3,3,0,1,1,2,2,2,1,1,3,1,1,1,1
11,11,58,0.00038514476427697257,0,0,0,2,0,0,0,3,3,3,0,2,1,1,2,2,1,1,1,1,3,1,1
11,11,58,0.00037550817122861764,0,0,0,2,0,0,0,3,3,3,0,2,1,2,2,1,1,1,3,1,1,1,1
11,11,58,0.000208740820827012,0,0,0,2,0,0,0,3,3,3,0,2,2,1,1,2,1,1,1,3,1,1,1
11,11,58,0.000445923163812937,0,0,0,2,0,0,0,3,3,3,0,2,1,2,1,2,1,1,3,1,1,1,1
11,11,58,0.0008594415869174963,0,0,0,2,0,0,0,0,3,3,3,2,2,1,1,2,1,1,1,1,3,1,1
11,11,58,0.0007750671070793265,0,0,0,2,0,0,0,0,3,3,3,2,2,1,2,1,1,1,1,1,3,1,1
11,11,58,0.0007826711933544553,0,0,0,2,0,0,0,3,3,3,0,1,2,1,2,2,1,1,3,1,1,1,1
11,11,58,0.0002048760041079709,0,0,0,2,0,0,0,3,3,3,0,1,2,2,2,1,1,1,1,1,3,1,1
11,11,58,0.0032555770552244413,0,0,2,0,0,0,0,0,3,3,3,2,1,1,2,2,1,1,3,1,1,1,1
11,11,58,0.000765430514030972,0,0,0,2,0,0,0,0,3,3,3,1,2,2,2,1,1,1,1,3,1,1,1
11,11,58,0.002862013844696433,2,2,2,2,0,0,0,3,3,3,0,1,2,2,1,2,1,1,3,3,3,3,3
11,11,58,0.0008863052866230597,0,0,0,2,0,0,0,2,2,2,0,1,3,3,3,1,1,1,3,1,1,1,1
11,11,58,0.0003436633030036834,0,0,0,2,0,0,0,3,0,3,3,2,2,1,1,2,1,1,1,1,3,1,1
11,11,58,0.0001771402605948529,0,0,0,2,0,0,0,3,3,3,0,1,2,2,1,2,1,1,1,1,3,1,1
11,11,58,0.0004017848531182178,0,0,0,2,0,0,0,3,0,3,3,2,2,1,2,1,1,1,1,1,3,1,1
11,11,58,0.0007665909769966541,0,0,2,0,0,0,0,0,3,3,3,2,1,2,1,2,1,1,1,1,3,1,1
11,11,58,0.00016043230842228127,0,0,0,2,0,0,0,2,2,0,2,3,3,3,1,1,1,1,3,1,1,1,1
11,11,58,0.0008225850116740956,0,2,0,0,0,0,0,2,0,2,2,3,3,1,3,1,1,1,3,1,1,1,1
11,11,58,0.0031453703983168654,0,2,0,0,0,0,0,0,3,3,3,1,2,1,2,2,1,1,1,3,1,1,1
11,11,58,0.00041437350107927285,0,0,0,2,0,0,0,3,0,3,3,1,2,2,2,1,1,1,1,3,1,1,1
11,11,58,0.0004931356834167407,0,0,0,2,0,0,0,2,0,2,2,3,3,1,3,1,1,1,3,1,1,1,1
11,11,58,0.0008972312829666171,0,2,0,0,0,0,0,0,2,2,2,3,3,1,3,1,1,1,1,3,1,1,1
11,11,58,0.0003974382067467585,0,0,0,2,0,0,0,3,0,3,3,1,2,2,1,2,1,1,1,3,1,1,1
11,11,58,0.0004812256687689495,0,0,2,0,0,0,0,2,2,0,2,1,3,3,3,1,1,1,1,3,1,1,1
11,11,58,0.0003909844039376133,0,2,0,0,0,0,0,3,3,0,3,1,2,2,1,2,1,1,1,3,1,1,1
11,11,58,0.001568470886283061,0,2,0,0,0,0,0,3,0,3,3,1,2,1,2,2,1,1,1,3,1,1,1
11,11,58,0.0035148726647230844,0,2,0,0,0,0,0,0,2,2,2,3,1,3,3,1,1,1,3,1,1,1,1
11,11,58,0.0015895220916605243,0,0,2,0,0,0,0,3,3,0,3,1,1,2,2,2,1,1,3,1,1,1,1
11,11,58,0.0007707102812081689,0,2,0,0,0,0,0,3,3,0,3,2,1,1,2,2,1,1,1,3,1,1,1
11,11,58,0.0003700417798902723,0,0,0,2,0,0,0,3,3,3,0,2,1,1,2,2,1,1,1,3,1,1,1
11,11,58,0.006186292343389216,0,0,2,0,0,0,0,0,3,3,3,1,1,2,2,2,1,1,3,1,1,1,1
11,11,58,0.0014619356356002423,0,0,0,2,0,0,0,0,3,3,3,2,1,1,2,2,1,1,1,1,3,1,1
11,11,58,0.0016170135271808671,0,0,0,2,0,0,0,0,3,3,3,2,1,2,2,1,1,1,3,1,1,1,1
11,11,58,0.00019419431575718853,0,0,2,0,0,0,0,3,3,0,3,1,2,2,2,1,1,1,1,3,1,1,1
11,11,58,0.0007739575416121404,0,0,0,2,0,0,0,0,3,3,3,2,2,1,1,2,1,1,1,3,1,1,1
11,11,58,0.0014996235366523832,0,0,0,2,0,0,0,0,3,3,3,2,1,2,1,2,1,1,3,1,1,1,1
11,11,58,0.005961851340859844,2,2,2,2,0,0,0,3,3,0,3,2,1,1,2,2,1,1,3,3,3,3,3
11,11,58,0.00039109298526773567,0,0,0,2,0,0,0,3,3,3,0,2,2,1,1,2,1,1,3,1,1,1,1
11,11,58,0.0017639172805032192,0,0,2,0,0,0,0,0,2,2,2,3,1,3,3,1,1,1,3,1,1,1,1
11,11,58,0.0031325951261946487,0,0,2,0,0,0,0,3,0,3,3,1,1,2,2,2,1,1,3,1,1,1,1
11,11,58,0.00020508298726851652,0,0,2,0,0,0,0,3,3,0,3,2,2,1,1,2,1,1,1,1,3,1,1
11,11,58,0.0008293374131410861,0,0,0,2,0,0,0,3,0,3,3,2,1,1,2,2,1,1,1,1,3,1,1
11,11,58,0.0008252011430967387,0,0,0,2,0,0,0,3,0,3,3,2,1,2,2,1,1,1,3,1,1,1,1
11,11,58,0.003127956667498488,0,0,0,2,0,0,0,0,3,3,3,1,2,1,2,2,1,1,3,1,1,1,1
11,11,58,0.0008591803130918895,0,0,0,2,0,0,0,0,3,3,3,1,2,2,2,1,1,1,1,1,3,1,1
11,11,58,0.00038715691205080184,0,0,0,2,0,0,0,3,0,3,3,2,2,1,1,2,1,1,1,3,1,1,1
11,11,58,0.0008201656839123162,0,0,0,2,0,0,0,3,0,3,3,2,1,2,1,2,1,1,3,1,1,1,1
11,11,58,0.00035676092594968733,0,0,0,2,0,0,0,3,0,3,3,2,2,1,2,1,1,1,1,3,1,1,1
11,11,58,0.0007661295063436337,0,0,0,2,0,0,0,0,3,3,3,1,2,2,1,2,1,1,1,1,3,1,1
11,11,58,0.00044877681689521045,0,2,0,0,0,0,0,2,0,2,2,3,3,3,1,1,1,1,1,1,3,1,1
11,11,58,0.0003911167374336997,0,0,0,2,0,0,0,3,3,0,3,1,2,2,1,2,1,1,3,1,1,1,1
11,11,58,0.00021911373102025917,0,0,2,0,0,0,0,3,3,3,0,2,2,1,2,1,1,1,1,1,3,1,1
11,11,58,0.00040286048691974183,0,0,0,2,0,0,0,3,0,3,3,1,2,2,2,1,1,1,1,1,3,1,1
11,11,58,0.000802025815448757,0,0,0,2,0,0,0,3,3,0,3,1,1,2,2,2,1,1,1,1,3,1,1
11,11,58,0.0009421771673041214,0,2,0,0,0,0,0,2,0,2,2,3,3,3,1,1,1,1,3,1,1,1,1
11,11,58,0.0009306879053105542,0,2,0,0,0,0,0,0,2,2,2,3,3,1,3,1,1,1,1,1,3,1,1
11,11,58,0.0007763938352067589,0,0,0,2,0,0,0,3,0,3,3,1,2,1,2,2,1,1,1,1,3,1,1
11,11,58,0.00040578200333334444,0,0,0,2,0,0,0,3,0,3,3,1,2,2,1,2,1,1,1,1,3,1,1
11,11,58,0.00020527639776279696,0,0,2,0,0,0,0,3,3,3,0,1,2,2,2,1,1,1,1,3,1,1,1
11,11,58,0.00022912017922434348,0,0,0,2,0,0,0,3,3,3,0,2,2,1,1,2,1,1,1,1,3,1,1
11,11,58,0.0016479693857654183,0,0,2,0,0,0,0,2,0,2,2,1,3,3,3,1,1,1,3,1,1,1,1
11,11,58,0.0002231991035661099,0,2,0,0,0,0,0,2,2,2,0,3,3,1,3,1,1,1,1,3,1,1,1
11,11,58,0.00021327409135961847,0,0,2,0,0,0,0,3,3,3,0,1,2,2,1,2,1,1,1,3,1,1,1
11,11,58,0.000852505954455933,0,2,0,0,0,0,0,3,3,0,3,2,2,1,2,1,1,1,3,1,1,1,1
11,11,58,0.0008285705574970961,0,2,0,0,0,0,0,3,3,0,3,2,1,1,2,2,1,1,1,1,3,1,1
11,11,58,0.0001769773885996695,0,0,2,0,0,0,0,3,3,0,3,2,1,2,2,1,1,1,1,1,3,1,1
11,11,58,0.0015890877663400351,0,0,0,2,0,0,0,0,3,3,3,2,1,1,2,2,1,1,1,3,1,1,1
11,11,58,0.0005005938635295166,0,0,0,2,0,0,0,2,0,2,2,3,1,3,3,1,1,1,1,3,1,1,1
11,11,58,0.0007871603527217,0,0,2,0,0,0,0,3,3,0,3,1,2,1,2,2,1,1,3,1,1,1,1
11,11,58,0.00042300571682399356,0,2,0,0,0,0,0,2,0,2,2,3,3,1,3,1,1,1,1,1,3,1,1
11,11,58,0.0007751960474088472,0,0,0,2,0,0,0,3,0,3,3,2,1,1,2,2,1,1,1,3,1,1,1
11,11,58,0.0005397543988714416,0,0,2,0,0,0,0,0,2,2,2,3,3,3,1,1,1,1,1,1,3,1,1
11,11,58,0.00307955653959647,0,2,0,0,0,0,0,0,3,3,3,2,1,2,2,1,1,1,3,1,1,1,1
11,11,58,0.00037711313901448806,0,0,2,0,0,0,0,3,3,3,0,2,1,1,2,2,1,1,1,1,3,1,1
11,11,58,0.0004063181236508237,0,0,2,0,0,0,0,3,3,3,0,2,1,2,2,1,1,1,3,1,1,1,1
11,11,58,0.0002248006781854139,0,2,0,0,0,0,0,2,2,0,2,3,3,1,3,1,1,1,1,1,3,1,1
11,11,58,0.0002129178088701547,0,0,2,0,0,0,0,3,3,3,0,2,2,1,1,2,1,1,1,3,1,1,1
11,11,58,0.00040668458563998674,0,0,2,0,0,0,0,3,3,3,0,2,1,2,1,2,1,1,3,1,1,1,1
11,11,58,0.00018081845315274616,0,0,2,0,0,0,0,3,3,3,0,2,2,1,2,1,1,1,1,3,1,1,1
11,11,58,0.0017475927561526412,0,0,2,0,0,0,0,0,2,2,2,1,3,3,3,1,1,1,1,1,3,1,1
11,11,58,0.0008041126128870375,0,0,0,2,0,0,0,0,2,2,2,3,1,3,3,1,1,1,1,1,3,1,1
11,11,58,0.0008219912075249979,0,0,2,0,0,0,0,0,3,3,3,2,2,1,2,1,1,1,1,1,3,1,1
11,11,58,0.0007524787972473194,0,0,2,0,0,0,0,3,3,3,0,1,2,1,2,2,1,1,3,1,1,1,1
11,11,58,0.00017194871574838003,0,0,2,0,0,0,0,3,3,3,0,1,2,2,2,1,1,1,1,1,3,1,1
11,11,58,0.0008230770208262205,0,0,2,0,0,0,0,0,3,3,3,1,2,2,2,1,1,1,1,3,1,1,1
11,11,58,0.011764444408929372,2,2,2,2,0,0,0,3,0,3,3,2,2,2,1,1,1,1,3,3,3,3,3
11,11,58,0.0008408945384659695,0,0,2,0,0,0,0,2,2,2,0,1,3,3,3,1,1,1,3,1,1,1,1
11,11,58,0.0003836110529889951,0,0,2,0,0,0,0,3,0,3,3,2,2,1,1,2,1,1,1,1,3,1,1
11,11,58,0.00019462185474454505,0,0,2,0,0,0,0,3,3,3,0,1,2,2,1,2,1,1,1,1,3,1,1
11,11,58,0.00040549019100864114,0,0,2,0,0,0,0,3,0,3,3,2,2,1,2,1,1,1,1,1,3,1,1
11,11,58,0.0008452411848374382,0,0,2,0,0,0,0,0,3,3,3,1,2,2,1,2,1,1,1,3,1,1,1
11,11,58,0.0009234502810245888,0,2,0,0,0,0,0,2,2,2,0,3,1,3,3,1,1,1,3,1,1,1,1
11,11,58,0.00018121206047443965,0,0,0,2,0,0,0,3,3,3,0,1,2,2,2,1,1,1,1,3,1,1,1
11,11,58,0.00037525029056957723,0,2,0,0,0,0,0,3,3,0,3,2,2,1,1,2,1,1,1,3,1,1,1
11,11,58,0.000433351481684713,0,0,2,0,0,0,0,3,0,3,3,1,2,2,2,1,1,1,1,3,1,1,1
11,11,58,0.00041924269510194227,0,2,0,0,0,0,0,2,2,0,2,3,3,1,3,1,1,1,3,1,1,1,1
11,11,58,0.0010085610780076492,0,0,0,2,0,0,0,0,2,2,2,3,3,3,1,1,1,1,3,1,1,1,1
11,11,58,0.005844780307988599,2,2,2,2,0,0,0,3,3,3,0,2,2,2,1,1,1,1,3,3,3,3,3
11,11,58,0.00041642297368532855,0,0,0,2,0,0,0,2,0,2,2,3,1,3,3,1,1,1,1,1,3,1,1
11,11,58,0.00039468634866147084,0,0,2,0,0,0,0,3,0,3,3,1,2,2,1,2,1,1,1,3,1,1,1
11,11,58,0.00022736591210955356,0,0,0,2,0,0,0,2,2,2,0,3,3,3,1,1,1,1,3,1,1,1,1
11,11,58,0.001634902301318517,0,2,0,0,0,0,0,0,3,3,3,2,2,1,2,1,1,1,1,3,1,1,1
11,11,58,0.00019596894187137387,0,2,0,0,0,0,0,2,2,2,0,3,3,1,3,1,1,1,1,1,3,1,1
11,11,58,0.005784174959947524,2,2,2,2,0,0,0,3,3,0,3,2,2,2,1,1,1,1,3,3,3,3,3
11,11,58,0.000783414296832479,0,2,0,0,0,0,0,3,3,3,0,2,2,2,1,1,1,1,1,3,1,1,1
11,11,58,0.014218477478357019,2,2,2,2,0,0,0,0,2,2,2,3,1,3,3,1,1,1,3,3,3,3,3
11,11,58,0.0002420820755076932,0,0,2,0,0,0,0,2,2,0,2,3,3,1,3,1,1,1,3,1,1,1,1
11,11,58,0.003445828511431538,2,2,2,2,0,0,0,2,0,2,2,3,3,3,1,1,1,1,3,3,3,3,3
11,11,58,0.0003812901270576308,0,0,2,0,0,0,0,3,3,3,0,2,1,1,2,2,1,1,1,3,1,1,1
11,11,58,0.0004134980641051613,0,0,0,2,0,0,0,3,3,3,0,1,2,2,2,1,1,1,3,1,1,1,1
11,11,58,0.0015534832695596142,0,0,2,0,0,0,0,0,3,3,3,2,1,1,2,2,1,1,1,1,3,1,1
11,11,58,0.001640317795158368,0,0,2,0,0,0,0,0,3,3,3,2,1,2,2,1,1,1,3,1,1,1,1
11,11,58,0.023263750175532793,2,2,2,2,0,0,0,0,3,3,3,2,2,2,1,1,1,1,3,3,3,3,3
11,11,58,0.00039235524323040743,0,0,0,2,0,0,0,3,3,3,0,1,2,2,1,2,1,1,3,1,1,1,1
11,11,58,0.000831848356400163,0,0,2,0,0,0,0,0,3,3,3,2,2,1,1,2,1,1,1,3,1,1,1
11,11,58,0.00039547017013829184,0,2,0,0,0,0,0,3,3,0,3,2,2,1,2,1,1,1,1,3,1,1,1
11,11,58,0.0016474095132819784,0,0,2,0,0,0,0,0,3,3,3,2,1,2,1,2,1,1,3,1,1,1,1
11,11,58,0.0007907774682813992,0,0,2,0,0,0,0,0,3,3,3,2,2,1,2,1,1,1,1,3,1,1,1
11,11,58,0.00038798823785954844,0,0,2,0,0,0,0,2,0,2,2,3,1,3,3,1,1,1,1,1,3,1,1
11,11,58,0.0008329104175354221,0,0,2,0,0,0,0,3,0,3,3,2,1,1,2,2,1,1,1,1,3,1,1
11,11,58,0.0008353840359622702,0,0,2,0,0,0,0,3,0,3,3,2,1,2,2,1,1,1,3,1,1,1,1
11,11,58,0.0032021686134705253,0,0,2,0,0,0,0,0,3,3,3,1,2,1,2,2,1,1,3,1,1,1,1
11,11,58,0.0007732144381341144,0,0,2,0,0,0,0,0,3,3,3,1,2,2,2,1,1,1,1,1,3,1,1
11,11,58,0.0003916087465858165,0,0,2,0,0,0,0,3,0,3,3,2,2,1,1,2,1,1,1,3,1,1,1
11,11,58,0.0007560755538076217,0,0,2,0,0,0,0,3,0,3,3,2,1,2,1,2,1,1,3,1,1,1,1
11,11,58,0.00035523739416140854,0,0,2,0,0,0,0,3,0,3,3,2,2,1,2,1,1,1,1,3,1,1,1
11,11,58,0.00084951996787757,0,0,2,0,0,0,0,0,3,3,3,1,2,2,1,2,1,1,1,1,3,1,1
11,11,58,0.0016022295004514014,0,2,0,0,0,0,0,3,3,0,3,2,2,2,1,1,1,1,3,1,1,1,1
11,11,58,0.0004138509534280588,0,0,2,0,0,0,0,3,3,0,3,1,2,2,1,2,1,1,3,1,1,1,1
11,11,58,0.0004117030789915771,0,2,0,0,0,0,0,3,3,0,3,2,2,1,1,2,1,1,1,1,3,1,1
11,11,58,0.0015980559055748245,0,0,2,0,0,0,0,3,0,3,3,1,2,1,2,2,1,1,3,1,1,1,1
11,11,58,0.00038089312656937096,0,0,2,0,0,0,0,3,0,3,3,1,2,2,2,1,1,1,1,1,3,1,1
11,11,58,0.0008058329483361716,0,0,2,0,0,0,0,3,3,0,3,1,1,2,2,2,1,1,1,1,3,1,1
11,11,58,0.00019004447304657538,0,0,0,2,0,0,0,2,2,2,0,3,1,3,3,1,1,1,1,1,3,1,1
11,11,58,0.001669342941966691,0,2,0,0,0,0,0,0,3,3,3,1,2,2,2,1,1,1,1,1,3,1,1
11,11,58,0.0004013573141308604,0,0,2,0,0,0,0,3,0,3,3,1,2,2,1,2,1,1,1,1,3,1,1
11,11,58,0.0001213667817442134,0,0,0,2,0,0,0,2,2,0,2,3,3,3,1,1,1,1,1,3,1,1,1
11,11,58,0.0007846120846303916,0,2,0,0,0,0,0,3,3,3,0,2,2,2,1,1,1,1,1,1,3,1,1
11,11,58,0.0008041635103855396,0,0,2,0,0,0,0,0,3,3,3,2,2,1,1,2,1,1,1,1,3,1,1
11,11,58,0.0032383160169015524,0,2,0,0,0,0,0,0,3,3,3,2,2,2,1,1,1,1,1,3,1,1,1
11,11,58,0.0007728751214774835,0,2,0,0,0,0,0,3,3,0,3,1,2,2,2,1,1,1,3,1,1,1,1
11,11,58,0.00036685559648449593,0,0,0,2,0,0,0,3,3,3,0,1,2,1,2,2,1,1,1,3,1,1,1
11,11,58,0.001868633793906491,2,2,2,2,0,0,0,2,2,2,0,3,3,3,1,1,1,1,3,3,3,3,3
11,11,58,0.0016057787526797742,0,0,0,2,0,0,0,0,3,3,3,1,2,1,2,2,1,1,1,1,3,1,1
11,11,58,0.0015386754906641837,0,0,0,2,0,0,0,0,3,3,3,1,2,2,2,1,1,1,3,1,1,1,1
11,11,58,0.0007426962980366128,0,0,0,2,0,0,0,3,3,0,3,1,1,2,2,2,1,1,1,3,1,1,1
11,11,58,0.0004669200785253357,0,0,2,0,0,0,0,2,0,2,2,3,1,3,3,1,1,1,1,3,1,1,1
11,11,58,0.00022933394871802053,0,2,0,0,0,0,0,2,2,2,0,3,3,3,1,1,1,1,1,1,3,1,1
11,11,58,9.935870339504751e-05,0,0,2,0,0,0,0,2,2,2,0,3,3,3,1,1,1,1,1,1,3,1,1
11,11,58,0.0014958537285972013,0,2,0,0,0,0,0,3,0,3,3,2,2,2,1,1,1,1,1,3,1,1,1
11,11,58,0.0015253776708907681,0,0,0,2,0,0,0,0,3,3,3,1,2,2,1,2,1,1,3,1,1,1,1
11,11,58,0.00021500799947500905,0,0,0,2,0,0,0,3,3,0,3,1,2,2,1,2,1,1,1,1,3,1,1
11,11,58,0.00584336875069702,2,2,2,2,0,0,0,3,3,0,3,1,2,1,2,2,1,1,3,3,3,3,3
11,11,58,0.00035912256987984776,0,0,2,0,0,0,0,3,0,3,3,2,1,2,2,1,1,1,1,3,1,1,1
11,11,58,0.00019998984425246695,0,0,0,2,0,0,0,3,3,0,3,1,2,2,2,1,1,1,1,1,3,1,1
11,11,58,0.0007474569107291623,0,0,0,2,0,0,0,3,0,3,3,1,2,2,2,1,1,1,3,1,1,1,1
11,11,58,0.0004011842626359784,0,0,0,2,0,0,0,3,3,0,3,1,2,1,2,2,1,1,1,1,3,1,1
11,11,58,0.00022918804255566864,0,2,0,0,0,0,0,2,2,0,2,3,3,3,1,1,1,1,1,1,3,1,1
11,11,58,0.0016278445148605598,0,2,0,0,0,0,0,0,2,2,2,3,3,1,3,1,1,1,3,1,1,1,1
11,11,58,0.0008667402882016462,0,0,0,2,0,0,0,2,2,0,2,1,3,3,3,1,1,1,3,1,1,1,1
11,11,58,0.000730128009074955,0,0,0,2,0,0,0,3,0,3,3,1,2,2,1,2,1,1,3,1,1,1,1
11,11,58,0.00022577791015651594,0,0,0,2,0,0,0,3,3,0,3,1,2,2,2,1,1,1,1,3,1,1,1
11,11,58,0.0002316175498171565,0,0,0,2,0,0,0,3,3,0,3,2,2,1,2,1,1,1,1,1,3,1,1
11,11,58,0.0034564321569512963,2,2,2,2,0,0,0,2,2,0,2,3,1,3,3,1,1,1,3,3,3,3,3
11,11,58,0.0016471923506217287,0,0,0,2,0,0,0,0,2,2,2,3,1,3,3,1,1,1,3,1,1,1,1
11,11,58,0.011530020710361811,2,2,2,2,0,0,0,3,0,3,3,2,1,1,2,2,1,1,3,3,3,3,3
11,11,58,0.0008405620081424704,0,0,2,0,0,0,0,0,2,2,2,3,1,3,3,1,1,1,1,1,3,1,1
11,11,58,0.0007788470946342101,0,0,2,0,0,0,0,3,3,0,3,1,1,2,2,2,1,1,1,3,1,1,1
11,11,58,0.001550955360467706,0,2,0,0,0,0,0,3,3,0,3,2,1,1,2,2,1,1,3,1,1,1,1
11,11,58,0.0004509857683298864,0,2,0,0,0,0,0,2,2,2,0,3,3,3,1,1,1,1,3,1,1,1,1
11,11,58,0.0003961454102849897,0,0,0,2,0,0,0,3,3,0,3,2,1,2,2,1,1,1,3,1,1,1,1
11,11,58,0.005958973935611612,2,2,2,2,0,0,0,3,3,3,0,2,1,1,2,2,1,1,3,3,3,3,3
11,11,58,0.0030685219619227917,0,2,0,0,0,0,0,0,3,3,3,2,2,2,1,1,1,1,1,1,3,1,1
11,11,58,0.0007888806881708242,0,0,0,2,0,0,0,3,3,0,3,1,2,1,2,2,1,1,3,1,1,1,1
11,11,58,0.002859404499606924,2,2,2,2,0,0,0,3,3,0,3,2,1,2,2,1,1,1,3,3,3,3,3
11,11,58,0.0028985752144485457,2,2,2,2,0,0,0,3,3,0,3,2,1,2,1,2,1,1,3,3,3,3,3
11,11,58,0.0015805471660926022,0,0,0,2,0,0,0,0,3,3,3,1,2,1,2,2,1,1,1,3,1,1,1
11,11,58,0.000847928572757956,0,0,2,0,0,0,0,0,2,2,2,3,3,3,1,1,1,1,3,1,1,1,1
11,11,58,0.0031865125429335187,0,2,0,0,0,0,0,3,0,3,3,1,2,1,2,2,1,1,3,1,1,1,1
11,11,58,0.00023508875921450292,0,0,2,0,0,0,0,2,2,2,0,3,1,3,3,1,1,1,1,3,1,1,1
11,11,58,0.0031083475579117294,2,2,2,2,0,0,0,3,3,0,3,1,2,2,1,2,1,1,3,3,3,3,3
11,11,58,0.0015817551333902112,0,2,0,0,0,0,0,3,0,3,3,2,2,2,1,1,1,1,1,1,3,1,1
11,11,58,0.006776964599754889,2,2,2,2,0,0,0,2,0,2,2,3,1,3,3,1,1,1,3,3,3,3,3
11,11,58,0.0018301349260449983,0,2,0,0,0,0,0,0,2,2,2,3,1,3,3,1,1,1,1,3,1,1,1
11,11,58,0.00019566355688040613,0,0,0,2,0,0,0,3,3,0,3,1,2,2,1,2,1,1,1,3,1,1,1
11,11,58,0.0001603814109237873,0,0,0,2,0,0,0,3,3,0,3,2,1,2,2,1,1,1,1,1,3,1,1
11,11,58,0.023409961722875617,2,2,2,2,0,0,0,0,3,3,3,2,1,1,2,2,1,1,3,3,3,3,3
11,11,58,0.00020738694736704936,0,0,0,2,0,0,0,3,3,0,3,2,1,2,2,1,1,1,1,3,1,1,1
11,11,58,0.005839917900299079,2,2,2,2,0,0,0,3,0,3,3,2,1,2,1,2,1,1,3,3,3,3,3
11,11,58,0.0003733942284577987,0,0,0,2,0,0,0,3,3,0,3,2,1,1,2,2,1,1,1,3,1,1,1
11,11,58,0.00576513590234391,2,2,2,2,0,0,0,3,0,3,3,2,1,2,2,1,1,1,3,3,3,3,3
11,11,58,0.0004050931905203813,0,0,2,0,0,0,0,3,3,3,0,1,2,2,2,1,1,1,3,1,1,1,1
11,11,58,0.00024200403267666775,0,0,2,0,0,0,0,2,0,2,2,3,3,3,1,1,1,1,1,1,3,1,1
11,11,58,0.0069113882864463355,2,2,2,2,0,0,0,0,2,2,2,3,3,3,1,1,1,1,3,3,3,3,3
11,11,58,0.00041924948143507796,0,0,2,0,0,0,0,3,3,3,0,1,2,2,1,2,1,1,3,1,1,1,1
11,11,58,0.0001946693590764727,0,0,0,2,0,0,0,2,0,2,2,3,3,1,3,1,1,1,1,3,1,1,1
11,11,58,0.0003920430719063057,0,2,0,0,0,0,0,3,3,0,3,1,2,2,2,1,1,1,1,1,3,1,1
11,11,58,0.00047204376004048184,0,0,2,0,0,0,0,0,2,2,2,3,3,3,1,1,1,1,1,3,1,1,1
11,11,58,0.002834295067016137,2,2,2,2,0,0,0,3,3,3,0,2,1,2,1,2,1,1,3,3,3,3,3
11,11,58,0.0029355844821874234,2,2,2,2,0,0,0,3,3,3,0,2,1,2,2,1,1,1,3,3,3,3,3
11,11,58,0.0008334024266875305,0,0,0,2,0,0,0,2,0,2,2,3,1,3,3,1,1,1,3,1,1,1,1
11,11,58,9.345459356964682e-05,0,0,0,2,0,0,0,2,2,0,2,3,3,1,3,1,1,1,1,1,3,1,1
11,11,58,0.00047088329707479967,0,2,0,0,0,0,0,2,2,2,0,3,3,1,3,1,1,1,3,1,1,1,1
11,11,58,0.0004025177770965402,0,2,0,0,0,0,0,2,0,2,2,3,3,1,3,1,1,1,1,3,1,1,1
11,11,58,0.00020044113540578775,0,0,2,0,0,0,0,3,3,3,0,2,1,2,1,2,1,1,1,1,3,1,1
11,11,58,0.00042855354415993004,0,2,0,0,0,0,0,2,2,0,2,3,1,3,3,1,1,1,1,3,1,1,1
11,11,58,0.0004200977730766553,0,0,2,0,0,0,0,2,0,2,2,3,3,3,1,1,1,1,3,1,1,1,1
11,11,58,0.00020120120471664283,0,0,2,0,0,0,0,2,2,2,0,3,1,3,3,1,1,1,1,1,3,1,1
11,11,58,0.000447148096943376,0,0,0,2,0,0,0,0,2,2,2,3,3,1,3,1,1,1,1,1,3,1,1
11,11,58,0.011715684605371288,2,2,2,2,0,0,0,0,3,3,3,2,1,2,1,2,1,1,3,3,3,3,3
11,11,58,0.011672465842816003,2,2,2,2,0,0,0,0,3,3,3,2,1,2,2,1,1,1,3,3,3,3,3
11,11,58,0.00019340031478066907,0,0,0,2,0,0,0,3,3,3,0,2,1,2,2,1,1,1,1,1,3,1,1
11,11,58,0.001578399291656121,0,2,0,0,0,0,0,3,3,3,0,1,1,2,2,2,1,1,1,3,1,1,1
11,11,58,0.00042596455806982985,0,0,0,2,0,0,0,3,3,0,3,2,1,1,2,2,1,1,1,1,3,1,1
11,11,58,0.0004005056293227139,0,0,2,0,0,0,0,3,3,3,0,1,2,1,2,2,1,1,1,1,3,1,1
11,11,58,0.0015371655315421714,0,0,2,0,0,0,0,0,3,3,3,1,2,1,2,2,1,1,1,1,3,1,1
11,11,58,0.005892953093730695,2,2,2,2,0,0,0,3,0,3,3,2,2,1,2,1,1,1,3,3,3,3,3
11,11,58,0.0007454922672872621,0,2,0,0,0,0,0,3,3,0,3,2,1,2,1,2,1,1,3,1,1,1,1
11,11,58,0.0007764718780377846,0,2,0,0,0,0,0,3,3,0,3,2,1,2,2,1,1,1,3,1,1,1,1
11,11,58,0.00023760648880671403,0,0,2,0,0,0,0,2,2,2,0,3,3,3,1,1,1,1,3,1,1,1,1
11,11,58,0.0015219505726587826,0,0,2,0,0,0,0,0,3,3,3,1,2,2,1,2,1,1,3,1,1,1,1
11,11,58,0.0007441960776589273,0,2,0,0,0,0,0,3,3,0,3,2,2,2,1,1,1,1,1,1,3,1,1
11,11,58,8.400123151587304e-05,0,0,0,2,0,0,0,2,2,2,0,3,3,1,3,1,1,1,1,3,1,1,1
11,11,58,0.0001799871273439963,0,0,2,0,0,0,0,2,0,2,2,3,3,1,3,1,1,1,1,1,3,1,1
11,11,58,0.00020198163302689797,0,0,2,0,0,0,0,3,3,0,3,1,2,2,1,2,1,1,1,1,3,1,1
11,11,58,0.0007683927484433709,0,2,0,0,0,0,0,3,3,0,3,2,2,1,1,2,1,1,3,1,1,1,1
11,11,58,0.0007742425676037098,0,0,0,2,0,0,0,3,0,3,3,1,2,1,2,2,1,1,1,3,1,1,1
11,11,58,0.00018606428866428039,0,0,2,0,0,0,0,3,3,0,3,1,2,2,2,1,1,1,1,1,3,1,1
11,11,58,0.0007040345581799373,0,0,2,0,0,0,0,3,0,3,3,1,2,2,2,1,1,1,3,1,1,1,1
11,11,58,0.0027832991666908837,2,2,2,2,0,0,0,3,3,3,0,2,2,1,2,1,1,1,3,3,3,3,3
11,11,58,0.000403949693387528,0,0,0,2,0,0,0,2,2,2,0,3,1,3,3,1,1,1,3,1,1,1,1
11,11,58,0.0007820468507062516,0,0,2,0,0,0,0,3,0,3,3,1,2,2,1,2,1,1,3,1,1,1,1
11,11,58,0.00291450613147743,2,2,2,2,0,0,0,3,3,3,0,2,2,1,1,2,1,1,3,3,3,3,3
11,11,58,0.00023152593431986456,0,0,0,2,0,0,0,2,2,2,0,3,1,3,3,1,1,1,1,3,1,1,1
11,11,58,0.0015375591388638648,0,2,0,0,0,0,0,3,3,3,0,2,2,2,1,1,1,1,3,1,1,1,1
11,11,58,0.0005010010435174756,0,2,0,0,0,0,0,2,2,0,2,3,1,3,3,1,1,1,1,1,3,1,1
11,11,58,0.000442092278759559,0,0,2,0,0,0,0,3,0,3,3,2,1,2,2,1,1,1,1,1,3,1,1
11,11,58,9.330868740729494e-05,0,0,0,2,0,0,0,2,2,0,2,3,3,1,3,1,1,1,1,3,1,1,1
11,11,58,0.011680701058072425,2,2,2,2,0,0,0,0,3,3,3,2,2,1,2,1,1,1,3,3,3,3,3
11,11,58,0.01159621799690416,2,2,2,2,0,0,0,0,3,3,3,2,2,1,1,2,1,1,3,3,3,3,3
11,11,58,0.00022198774310193398,0,0,2,0,0,0,0,3,3,0,3,2,1,2,1,2,1,1,1,3,1,1,1
11,11,58,0.0015334568004851795,0,2,0,0,0,0,0,3,3,3,0,1,1,2,2,2,1,1,1,1,3,1,1
11,11,58,0.0008083269257624095,0,2,0,0,0,0,0,0,2,2,2,3,3,3,1,1,1,1,1,3,1,1,1
11,11,58,0.006442255863319733,0,2,0,0,0,0,0,0,3,3,3,1,1,2,2,2,1,1,1,3,1,1,1
11,11,58,0.001562468374627226,2,2,2,2,0,0,0,2,2,0,2,3,3,1,3,1,1,1,3,3,3,3,3
11,11,58,0.00018353637957237045,0,0,0,2,0,0,0,3,3,0,3,2,2,1,1,2,1,1,1,3,1,1,1
11,11,58,0.0015447797973169985,0,0,2,0,0,0,0,0,3,3,3,1,2,1,2,2,1,1,1,3,1,1,1
11,11,58,0.0004199179352486403,0,2,0,0,0,0,0,2,2,0,2,3,3,3,1,1,1,1,3,1,1,1,1
11,11,58,0.0004745445237998612,0,0,2,0,0,0,0,0,2,2,2,3,3,1,3,1,1,1,1,3,1,1,1
11,11,58,0.00019204644132070657,0,0,0,2,0,0,0,3,3,3,0,2,2,1,2,1,1,1,1,3,1,1,1
11,11,58,0.0007323132083436658,0,2,0,0,0,0,0,3,3,0,3,2,2,2,1,1,1,1,1,3,1,1,1
11,11,58,0.00012397952000028158,0,0,0,2,0,0,0,2,2,2,0,3,3,1,3,1,1,1,1,1,3,1,1
11,11,58,0.0031048627758481022,0,2,0,0,0,0,0,3,0,3,3,1,1,2,2,2,1,1,1,3,1,1,1
11,11,58,0.0001803603756662927,0,0,2,0,0,0,0,3,3,0,3,1,2,2,1,2,1,1,1,3,1,1,1
11,11,58,0.003553198481089683,0,2,0,0,0,0,0,0,2,2,2,1,3,3,3,1,1,1,1,3,1,1,1
11,11,58,0.0007796614546101272,0,0,2,0,0,0,0,3,0,3,3,1,2,1,2,2,1,1,1,3,1,1,1
11,11,58,0.00037383873327798725,0,0,0,2,0,0,0,3,3,3,0,2,2,2,1,1,1,1,1,3,1,1,1
11,11,58,0.0007858098724282953,0,2,0,0,0,0,0,2,0,2,2,3,1,3,3,1,1,1,1,1,3,1,1
11,11,58,0.00039549052913768947,0,0,2,0,0,0,0,3,3,0,3,2,1,1,2,2,1,1,1,3,1,1,1
11,11,58,0.0005041974064229509,0,0,2,0,0,0,0,2,2,2,0,1,3,3,3,1,1,1,1,3,1,1,1
11,11,58,0.0016446305098641557,0,0,2,0,0,0,0,0,2,2,2,1,3,3,3,1,1,1,1,3,1,1,1
11,11,58,0.00636162743937081,0,2,0,0,0,0,0,0,3,3,3,2,2,2,1,1,1,1,3,1,1,1,1
11,11,58,0.0002198738003311141,0,0,2,0,0,0,0,2,0,2,2,3,3,1,3,1,1,1,1,3,1,1,1
11,11,58,0.00044041266130922645,0,0,0,2,0,0,0,2,0,2,2,3,3,3,1,1,1,1,3,1,1,1,1
11,11,58,0.00038941676098396997,0,0,0,2,0,0,0,2,2,0,2,3,1,3,3,1,1,1,3,1,1,1,1
11,11,58,0.0018365649766881795,0,2,0,0,0,0,0,2,0,2,2,1,3,3,3,1,1,1,1,3,1,1,1
11,11,58,0.006961620724294177,2,2,2,2,0,0,0,2,2,2,0,1,3,3,3,1,1,1,3,3,3,3,3
11,11,58,0.0004342065596594264,0,0,2,0,0,0,0,3,0,3,3,2,1,2,1,2,1,1,1,3,1,1,1
11,11,58,0.0008897629233541429,0,0,2,0,0,0,0,2,0,2,2,3,1,3,3,1,1,1,3,1,1,1,1
11,11,58,0.003222347775040446,0,2,0,0,0,0,0,3,0,3,3,2,2,2,1,1,1,1,3,1,1,1,1
11,11,58,0.00040486584836043775,0,2,0,0,0,0,0,3,3,3,0,2,1,2,2,1,1,1,1,3,1,1,1
11,11,58,0.0028985243169500513,2,2,2,2,0,0,0,3,3,0,3,1,2,2,2,1,1,1,3,3,3,3,3
11,11,58,0.000833884256339957,0,0,0,2,0,0,0,3,3,0,3,2,2,2,1,1,1,1,3,1,1,1,1
11,11,58,0.006409583062452567,0,2,0,0,0,0,0,0,3,3,3,1,1,2,2,2,1,1,1,1,3,1,1
11,11,58,0.0028101866185624258,2,2,2,2,0,0,0,3,3,0,3,2,2,1,1,2,1,1,3,3,3,3,3
11,11,58,0.0001784126980572237,0,0,0,2,0,0,0,3,3,0,3,2,2,1,1,2,1,1,1,1,3,1,1
11,11,58,0.0002506532142542232,0,2,0,0,0,0,0,2,2,2,0,3,3,3,1,1,1,1,1,3,1,1,1
11,11,58,0.000770645811043409,0,2,0,0,0,0,0,3,3,0,3,1,2,1,2,2,1,1,1,3,1,1,1
11,11,58,0.0004128330034581598,0,0,2,0,0,0,0,0,2,2,2,3,3,1,3,1,1,1,1,1,3,1,1
11,11,58,0.00012989380932538125,0,0,0,2,0,0,0,2,2,2,0,3,3,3,1,1,1,1,1,3,1,1,1
11,11,58,0.002856007939874038,2,2,2,2,0,0,0,3,3,0,3,2,2,1,2,1,1,1,3,3,3,3,3
11,11,58,0.003127675034673488,0,2,0,0,0,0,0,3,0,3,3,1,1,2,2,2,1,1,1,1,3,1,1
11,11,58,0.003395490885420167,0,2,0,0,0,0,0,0,2,2,2,1,3,3,3,1,1,1,1,1,3,1,1
11,11,58,0.00035933294620695943,0,0,0,2,0,0,0,3,3,3,0,2,2,2,1,1,1,1,1,1,3,1,1
11,11,58,0.000797563801414043,0,0,2,0,0,0,0,0,3,3,3,2,1,2,2,1,1,1,1,1,3,1,1
11,11,58,0.00010780768814518978,0,0,2,0,0,0,0,2,2,0,2,3,3,1,3,1,1,1,1,3,1,1,1
11,11,58,0.0016075567719605276,0,0,0,2,0,0,0,0,3,3,3,2,2,2,1,1,1,1,1,3,1,1,1
11,11,58,0.00038682438172730235,0,0,2,0,0,0,0,3,3,0,3,2,1,1,2,2,1,1,1,1,3,1,1
11,11,58,0.0007741204136073221,0,2,0,0,0,0,0,3,3,3,0,2,2,1,1,2,1,1,3,1,1,1,1
11,11,58,0.0003715008415137909,0,2,0,0,0,0,0,3,3,3,0,2,1,2,1,2,1,1,1,3,1,1,1
11,11,58,0.0007954498586432246,0,2,0,0,0,0,0,3,3,3,0,2,2,1,2,1,1,1,3,1,1,1,1
11,11,58,0.0004171830429961873,0,0,0,2,0,0,0,3,3,3,0,1,2,1,2,2,1,1,1,1,3,1,1
11,11,58,0.000816731799347198,0,0,0,2,0,0,0,3,0,3,3,2,2,2,1,1,1,1,1,3,1,1,1
11,11,58,0.00010008144787367411,0,0,2,0,0,0,0,2,2,2,0,3,3,1,3,1,1,1,1,3,1,1,1
11,11,58,0.006857569271537884,2,2,2,2,0,0,0,2,2,0,2,1,3,3,3,1,1,1,3,3,3,3,3
11,11,58,0.003467273324130709,0,0,2,0,0,0,0,0,2,2,2,1,3,3,3,1,1,1,3,1,1,1,1
