1,D2_0,0.0,0.0,0
2,D2_0,0.0,0.0,0
3,D2_0,0.0,0.04833333333333333,1.0
4,D2_0,0.0,0.03625,1.0
5,D2_0,0.0,0.028999999999999998,1.0
6,D2_0,0.0,0.024166666666666666,1.0
7,D2_0,0.0,0.03885714285714286,1.0
8,D2_0,0.0,0.050875000000000004,1.0
9,D2_0,0.0,0.045222222222222226,1.0
10,D2_0,0.0,0.0407,1.0
11,D2_0,0.0,0.037000000000000005,1.0
12,D2_0,0.0,0.03391666666666667,1.0
13,D2_0,0.0,0.03130769230769231,1.0
14,D2_0,0.0,0.029071428571428574,1.0
15,D2_0,0.0,0.027133333333333336,1.0
16,D2_0,0.0,0.025437500000000002,1.0
17,D2_0,0.0,0.023941176470588237,1.0
18,D2_0,0.0,0.022611111111111113,1.0
19,D2_0,0.0,0.02142105263157895,1.0
20,D2_0,0.0,0.02035,1.0
21,D2_0,0.0,0.01938095238095238,1.0
22,D2_0,0.0,0.018500000000000003,1.0
23,D2_0,0.0,0.017695652173913046,1.0
24,D2_0,0.0,0.02291666666666667,1.0
25,D2_0,0.0,0.022000000000000002,1.0
26,D2_0,0.0,0.021153846153846155,1.0
27,D2_0,0.0,0.020370370370370372,1.0
28,D2_0,0.0,0.019642857142857146,1.0
29,D2_0,0.0,0.018965517241379314,1.0
30,D2_0,0.0,0.022866666666666667,1.0
31,D2_0,0.0,0.022129032258064518,1.0
32,D2_0,0.0,0.0214375,1.0
33,D2_0,0.0,0.02078787878787879,1.0
34,D2_0,0.0,0.020176470588235296,1.0
35,D2_0,0.0,0.019600000000000003,1.0
36,D2_0,0.0,0.019055555555555558,1.0
37,D2_0,0.0,0.022324324324324327,1.0
38,D2_0,0.0,0.025710526315789475,1.0
39,D2_0,0.0,0.025051282051282053,1.0
40,D2_0,0.0,0.024425000000000002,1.0
41,D2_0,0.0,0.02382926829268293,1.0
42,D2_0,0.0,0.023261904761904765,1.0
43,D2_0,0.0,0.025906976744186048,1.0
44,D2_0,0.0,0.02531818181818182,1.0
45,D2_0,0.0,0.02475555555555556,1.0
46,D2_0,0.0,0.02421739130434783,1.0
47,D2_0,0.0,0.02370212765957447,1.0
48,D2_0,0.0,0.023208333333333334,1.0
49,D2_0,0.0,0.02273469387755102,1.0
50,D2_0,0.0,0.02228,1.0
51,D2_0,0.0,0.021843137254901963,1.0
52,D2_0,0.0,0.024076923076923083,1.0
53,D2_0,0.0,0.023622641509433967,1.0
54,D2_0,0.0,0.02318518518518519,1.0
55,D2_0,0.0,0.02541818181818182,1.0
56,D2_0,0.0,0.027285714285714285,1.0
57,D2_0,0.0,0.02680701754385965,1.0
58,D2_0,0.0,0.026344827586206897,1.0
59,D2_0,0.0,0.02805084745762712,1.0
60,D2_0,0.0,0.02981666666666667,1.0
61,D2_0,0.0,0.03149180327868853,1.0
62,D2_0,0.0,0.03098387096774194,1.0
63,D2_0,0.0,0.030492063492063497,1.0
64,D2_0,0.0,0.032375,1.0
65,D2_0,0.0,0.03187692307692308,1.0
66,D2_0,0.0,0.033439393939393935,1.0
67,D2_0,0.0,0.03294029850746268,1.0
68,D2_0,0.0,0.032455882352941175,1.0
69,D2_0,0.0,0.03198550724637681,1.0
70,D2_0,0.0,0.0338,1.0
71,D2_0,0.0,0.033323943661971826,1.0
72,D2_0,0.0,0.03286111111111112,1.0
73,D2_0,0.0,0.032410958904109596,1.0
74,D2_0,0.0,0.03197297297297298,1.0
75,D2_0,0.0,0.031546666666666674,1.0
76,D2_0,0.0,0.031131578947368427,1.0
77,D2_0,0.0,0.030727272727272735,1.0
78,D2_0,0.0,0.03232051282051283,1.0
79,D2_0,0.0,0.03191139240506329,1.0
80,D2_0,0.0,0.0315125,1.0
81,D2_0,0.0,0.031123456790123457,1.0
82,D2_0,0.0,0.03074390243902439,1.0
83,D2_0,0.0,0.030373493975903613,1.0
84,D2_0,0.0,0.03164285714285714,1.0
85,D2_0,0.0,0.03127058823529412,1.0
86,D2_0,0.0,0.032348837209302324,1.0
87,D2_0,0.0,0.031977011494252874,1.0
88,D2_0,0.0,0.031613636363636365,1.0
89,D2_0,0.0,0.032707865168539324,1.0
90,D2_0,0.0,0.032344444444444446,1.0
91,D2_0,0.0,0.03198901098901099,1.0
92,D2_0,0.0,0.03164130434782609,1.0
93,D2_0,0.0,0.03276344086021506,1.0
94,D2_0,0.0,0.03241489361702128,1.0
95,D2_0,0.0,0.03207368421052632,1.0
96,D2_0,0.0,0.031739583333333335,1.0
97,D2_0,0.0,0.03141237113402062,1.0
98,D2_0,0.0,0.03109183673469388,1.0
99,D2_0,0.0,0.03233333333333333,1.0
100,D2_0,0.0,0.032010000000000004,1.0
101,D2_0,0.0,0.03169306930693069,1.0
102,D2_0,0.0,0.03138235294117647,1.0
103,D2_0,0.0,0.03259223300970874,1.0
104,D2_0,0.0,0.03348076923076923,1.0
105,D2_0,0.0,0.03316190476190476,1.0
106,D2_0,0.0,0.034254716981132076,1.0
107,D2_0,0.0,0.033934579439252335,1.0
108,D2_0,0.0,0.034990740740740746,1.0
109,D2_0,0.0,0.0346697247706422,1.0
110,D2_0,0.0,0.03435454545454546,1.0
111,D2_0,0.0,0.03404504504504505,1.0
112,D2_0,0.0,0.033741071428571426,1.0
113,D2_0,0.0,0.03344247787610619,1.0
114,D2_0,0.0,0.033149122807017546,1.0
115,D2_0,0.0,0.03286086956521739,1.0
116,D2_0,0.0,0.032577586206896554,1.0
117,D2_0,0.0,0.03337606837606837,1.0
118,D2_0,0.0,0.03431355932203389,1.0
119,D2_0,0.0,0.03402521008403361,1.0
120,D2_0,0.0,0.03374166666666667,1.0
121,D2_0,0.0,0.033462809917355375,1.0
122,D2_0,0.0,0.033188524590163936,1.0
123,D2_0,0.0,0.032918699186991876,1.0
124,D2_0,0.0,0.032653225806451615,1.0
125,D2_0,0.0,0.032392000000000004,1.0
126,D2_0,0.0,0.03213492063492064,1.0
127,D2_0,0.0,0.03188188976377953,1.0
128,D2_0,0.0,0.0316328125,1.0
129,D2_0,0.0,0.03138759689922481,1.0
130,D2_0,0.0,0.03210769230769231,1.0
131,D2_0,0.0,0.03290076335877863,1.0
132,D2_0,0.0,0.032651515151515154,1.0
133,D2_0,0.0,0.03240601503759399,1.0
134,D2_0,0.0,0.032164179104477615,1.0
135,D2_0,0.0,0.03192592592592593,1.0
136,D2_0,0.0,0.031691176470588237,1.0
137,D2_0,0.0,0.03145985401459855,1.0
138,D2_0,0.0,0.03123188405797102,1.0
139,D2_0,0.0,0.03100719424460432,1.0
140,D2_0,0.0,0.030785714285714288,1.0
141,D2_0,0.0,0.030567375886524827,1.0
142,D2_0,0.0,0.03035211267605634,1.0
143,D2_0,0.0,0.030139860139860142,1.0
144,D2_0,0.0,0.029930555555555557,1.0
145,D2_0,0.0,0.029724137931034487,1.0
146,D2_0,0.0,0.03049315068493151,1.0
147,D2_0,0.0,0.03125170068027212,1.0
148,D2_0,0.0,0.031040540540540548,1.0
149,D2_0,0.0,0.03083221476510068,1.0
150,D2_0,0.0,0.03156666666666667,1.0
151,D2_0,0.0,0.03135761589403974,1.0
152,D2_0,0.0,0.031151315789473694,1.0
153,D2_0,0.0,0.03094771241830066,1.0
154,D2_0,0.0,0.030746753246753255,1.0
155,D2_0,0.0,0.030548387096774203,1.0
156,D2_0,0.0,0.030352564102564112,1.0
157,D2_0,0.0,0.030159235668789818,1.0
158,D2_0,0.0,0.030810126582278483,1.0
159,D2_0,0.0,0.03142138364779874,1.0
160,D2_0,0.0,0.031225000000000003,1.0
161,D2_0,0.0,0.03103105590062112,1.0
162,D2_0,0.0,0.03164814814814815,1.0
163,D2_0,0.0,0.03145398773006135,1.0
164,D2_0,0.0,0.03126219512195122,1.0
165,D2_0,0.0,0.031072727272727273,1.0
166,D2_0,0.0,0.03174698795180723,1.0
167,D2_0,0.0,0.032419161676646706,1.0
168,D2_0,0.0,0.03222619047619048,1.0
169,D2_0,0.0,0.03203550295857988,1.0
170,D2_0,0.0,0.0327,1.0
171,D2_0,0.0,0.03250877192982456,1.0
172,D2_0,0.0,0.032319767441860464,1.0
173,D2_0,0.0,0.032132947976878615,1.0
174,D2_0,0.0,0.03194827586206896,1.0
175,D2_0,0.0,0.031765714285714286,1.0
176,D2_0,0.0,0.03158522727272727,1.0
177,D2_0,0.0,0.03140677966101695,1.0
178,D2_0,0.0,0.031230337078651686,1.0
179,D2_0,0.0,0.03105586592178771,1.0
180,D2_0,0.0,0.03166111111111111,1.0
181,D2_0,0.0,0.03148618784530387,1.0
182,D2_0,0.0,0.03131318681318681,1.0
183,D2_0,0.0,0.03186338797814208,1.0
184,D2_0,0.0,0.03169021739130435,1.0
185,D2_0,0.0,0.03151891891891892,1.0
186,D2_0,0.0,0.032080645161290326,1.0
187,D2_0,0.0,0.031909090909090915,1.0
188,D2_0,0.0,0.03173936170212766,1.0
189,D2_0,0.0,0.03157142857142858,1.0
190,D2_0,0.0,0.03140526315789474,1.0
191,D2_0,0.0,0.03124083769633508,1.0
192,D2_0,0.0,0.031078125,1.0
193,D2_0,0.0,0.031621761658031086,1.0
194,D2_0,0.0,0.031458762886597935,1.0
195,D2_0,0.0,0.031297435897435895,1.0
196,D2_0,0.0,0.03173979591836735,1.0
197,D2_0,0.0,0.03157868020304568,1.0
198,D2_0,0.0,0.03141919191919192,1.0
199,D2_0,0.0,0.031969849246231155,1.0
200,D2_0,0.0,0.03181,1.0
201,D2_0,0.0,0.03165174129353234,1.0
202,D2_0,0.0,0.031495049504950495,1.0
203,D2_0,0.0,0.03133990147783251,1.0
204,D2_0,0.0,0.03118627450980392,1.0
205,D2_0,0.0,0.031034146341463415,1.0
206,D2_0,0.0,0.0316116504854369,1.0
207,D2_0,0.0,0.03214492753623188,1.0
208,D2_0,0.0,0.031990384615384615,1.0
209,D2_0,0.0,0.03183732057416268,1.0
210,D2_0,0.0,0.03168571428571428,1.0
211,D2_0,0.0,0.03153554502369668,1.0
212,D2_0,0.0,0.03138679245283019,1.0
213,D2_0,0.0,0.03123943661971831,1.0
214,D2_0,0.0,0.031093457943925235,1.0
215,D2_0,0.0,0.03164651162790698,1.0
216,D2_0,0.0,0.0315,1.0
217,D2_0,0.0,0.031354838709677424,1.0
218,D2_0,0.0,0.031211009174311927,1.0
219,D2_0,0.0,0.031068493150684932,1.0
220,D2_0,0.0,0.030927272727272727,1.0
221,D2_0,0.0,0.030787330316742082,1.0
222,D2_0,0.0,0.03064864864864865,1.0
223,D2_0,0.0,0.03051121076233184,1.0
224,D2_0,0.0,0.030375000000000003,1.0
225,D2_0,0.0,0.03024,1.0
226,D2_0,0.0,0.030106194690265486,1.0
227,D2_0,0.0,0.029973568281938326,1.0
228,D2_0,0.0,0.029842105263157895,1.0
229,D2_0,0.0,0.03026637554585153,1.0
230,D2_0,0.0,0.030134782608695652,1.0
231,D2_0,0.0,0.03058008658008658,1.0
232,D2_0,0.0,0.030448275862068965,1.0
233,D2_0,0.0,0.030854077253218884,1.0
234,D2_0,0.0,0.030722222222222224,1.0
235,D2_0,0.0,0.03059148936170213,1.0
236,D2_0,0.0,0.03046186440677966,1.0
237,D2_0,0.0,0.03090295358649789,1.0
238,D2_0,0.0,0.03077310924369748,1.0
239,D2_0,0.0,0.030644351464435147,1.0
240,D2_0,0.0,0.03051666666666667,1.0
241,D2_0,0.0,0.030390041493775936,1.0
242,D2_0,0.0,0.030264462809917358,1.0
243,D2_0,0.0,0.030139917695473254,1.0
244,D2_0,0.0,0.030016393442622955,1.0
245,D2_0,0.0,0.029893877551020413,1.0
246,D2_0,0.0,0.02977235772357724,1.0
247,D2_0,0.0,0.02965182186234818,1.0
248,D2_0,0.0,0.02953225806451613,1.0
249,D2_0,0.0,0.029413654618473895,1.0
250,D2_0,0.0,0.029296,1.0
251,D2_0,0.0,0.029179282868525894,1.0
252,D2_0,0.0,0.029063492063492062,1.0
253,D2_0,0.0,0.028948616600790514,1.0
254,D2_0,0.0,0.028834645669291337,1.0
255,D2_0,0.0,0.02872156862745098,1.0
256,D2_0,0.0,0.028609375000000003,1.0
257,D2_0,0.0,0.028498054474708174,1.0
258,D2_0,0.0,0.02838759689922481,1.0
259,D2_0,0.0,0.02827799227799228,1.0
260,D2_0,0.0,0.028169230769230773,1.0
261,D2_0,0.0,0.02806130268199234,1.0
262,D2_0,0.0,0.027954198473282444,1.0
263,D2_0,0.0,0.028357414448669203,1.0
264,D2_0,0.0,0.02881818181818182,1.0
265,D2_0,0.0,0.028709433962264153,1.0
266,D2_0,0.0,0.02910526315789474,1.0
267,D2_0,0.0,0.02950187265917603,1.0
268,D2_0,0.0,0.02939179104477612,1.0
269,D2_0,0.0,0.029282527881040896,1.0
270,D2_0,0.0,0.029174074074074078,1.0
271,D2_0,0.0,0.029066420664206644,1.0
272,D2_0,0.0,0.028959558823529415,1.0
273,D2_0,0.0,0.028853479853479858,1.0
274,D2_0,0.0,0.02928467153284672,1.0
275,D2_0,0.0,0.029683636363636363,1.0
276,D2_0,0.0,0.02957608695652174,1.0
277,D2_0,0.0,0.029469314079422385,1.0
278,D2_0,0.0,0.029363309352517988,1.0
279,D2_0,0.0,0.029258064516129032,1.0
280,D2_0,0.0,0.029153571428571428,1.0
281,D2_0,0.0,0.02904982206405694,1.0
282,D2_0,0.0,0.0289468085106383,1.0
283,D2_0,0.0,0.02884452296819788,1.0
284,D2_0,0.0,0.028742957746478875,1.0
285,D2_0,0.0,0.029217543859649128,1.0
286,D2_0,0.0,0.029115384615384623,1.0
287,D2_0,0.0,0.029013937282229972,1.0
288,D2_0,0.0,0.02891319444444445,1.0
289,D2_0,0.0,0.02881314878892734,1.0
290,D2_0,0.0,0.028713793103448283,1.0
291,D2_0,0.0,0.028615120274914096,1.0
292,D2_0,0.0,0.02851712328767124,1.0
293,D2_0,0.0,0.028894197952218433,1.0
294,D2_0,0.0,0.029244897959183676,1.0
295,D2_0,0.0,0.029674576271186446,1.0
296,D2_0,0.0,0.02957432432432433,1.0
297,D2_0,0.0,0.02947474747474748,1.0
298,D2_0,0.0,0.0299261744966443,1.0
299,D2_0,0.0,0.029826086956521742,1.0
300,D2_0,0.0,0.02972666666666667,1.0
301,D2_0,0.0,0.029627906976744188,1.0
302,D2_0,0.0,0.029529801324503314,1.0
303,D2_0,0.0,0.029432343234323435,1.0
304,D2_0,0.0,0.02933552631578948,1.0
305,D2_0,0.0,0.029239344262295085,1.0
306,D2_0,0.0,0.029143790849673206,1.0
307,D2_0,0.0,0.029048859934853424,1.0
308,D2_0,0.0,0.02895454545454546,1.0
309,D2_0,0.0,0.02935275080906149,1.0
310,D2_0,0.0,0.029258064516129032,1.0
311,D2_0,0.0,0.029163987138263667,1.0
312,D2_0,0.0,0.029519230769230773,1.0
313,D2_0,0.0,0.02942492012779553,1.0
314,D2_0,0.0,0.029331210191082806,1.0
315,D2_0,0.0,0.02923809523809524,1.0
316,D2_0,0.0,0.029145569620253168,1.0
317,D2_0,0.0,0.02905362776025237,1.0
318,D2_0,0.0,0.028962264150943398,1.0
319,D2_0,0.0,0.02931034482758621,1.0
320,D2_0,0.0,0.029218750000000005,1.0
321,D2_0,0.0,0.029127725856697824,1.0
322,D2_0,0.0,0.029037267080745346,1.0
323,D2_0,0.0,0.029402476780185757,1.0
324,D2_0,0.0,0.02931172839506173,1.0
325,D2_0,0.0,0.029221538461538462,1.0
326,D2_0,0.0,0.029131901840490797,1.0
327,D2_0,0.0,0.02904281345565749,1.0
328,D2_0,0.0,0.028954268292682925,1.0
329,D2_0,0.0,0.02886626139817629,1.0
330,D2_0,0.0,0.02877878787878788,1.0
331,D2_0,0.0,0.028691842900302113,1.0
332,D2_0,0.0,0.028605421686746988,1.0
333,D2_0,0.0,0.028519519519519518,1.0
334,D2_0,0.0,0.028434131736526945,1.0
335,D2_0,0.0,0.028791044776119407,1.0
336,D2_0,0.0,0.029089285714285717,1.0
337,D2_0,0.0,0.029002967359050447,1.0
338,D2_0,0.0,0.02891715976331361,1.0
339,D2_0,0.0,0.02883185840707965,1.0
340,D2_0,0.0,0.028747058823529414,1.0
341,D2_0,0.0,0.028662756598240472,1.0
342,D2_0,0.0,0.029005847953216375,1.0
343,D2_0,0.0,0.028921282798833818,1.0
344,D2_0,0.0,0.02922093023255814,1.0
345,D2_0,0.0,0.02913623188405797,1.0
346,D2_0,0.0,0.029052023121387282,1.0
347,D2_0,0.0,0.02896829971181556,1.0
348,D2_0,0.0,0.0293132183908046,1.0
349,D2_0,0.0,0.02922922636103152,1.0
350,D2_0,0.0,0.02954285714285714,1.0
351,D2_0,0.0,0.029840455840455842,1.0
352,D2_0,0.0,0.02975568181818182,1.0
353,D2_0,0.0,0.029671388101983002,1.0
354,D2_0,0.0,0.029587570621468925,1.0
355,D2_0,0.0,0.029504225352112678,1.0
356,D2_0,0.0,0.029817415730337086,1.0
357,D2_0,0.0,0.030154061624649862,1.0
358,D2_0,0.0,0.03006983240223464,1.0
359,D2_0,0.0,0.02998607242339833,1.0
360,D2_0,0.0,0.029902777777777778,1.0
361,D2_0,0.0,0.029819944598337953,1.0
362,D2_0,0.0,0.029737569060773482,1.0
363,D2_0,0.0,0.029655647382920113,1.0
364,D2_0,0.0,0.029574175824175826,1.0
365,D2_0,0.0,0.02949315068493151,1.0
366,D2_0,0.0,0.029412568306010932,1.0
367,D2_0,0.0,0.02972207084468665,1.0
368,D2_0,0.0,0.030040760869565218,1.0
369,D2_0,0.0,0.029959349593495933,1.0
370,D2_0,0.0,0.029878378378378378,1.0
371,D2_0,0.0,0.03016711590296496,1.0
372,D2_0,0.0,0.030086021505376346,1.0
373,D2_0,0.0,0.03035388739946381,1.0
374,D2_0,0.0,0.030695187165775403,1.0
375,D2_0,0.0,0.030613333333333336,1.0
376,D2_0,0.0,0.03053191489361702,1.0
377,D2_0,0.0,0.03083554376657825,1.0
378,D2_0,0.0,0.031074074074074077,1.0
379,D2_0,0.0,0.03099208443271768,1.0
380,D2_0,0.0,0.030910526315789475,1.0
381,D2_0,0.0,0.030829396325459318,1.0
382,D2_0,0.0,0.030748691099476443,1.0
383,D2_0,0.0,0.030668407310704963,1.0
384,D2_0,0.0,0.030588541666666667,1.0
385,D2_0,0.0,0.03050909090909091,1.0
386,D2_0,0.0,0.030430051813471505,1.0
387,D2_0,0.0,0.030351421188630493,1.0
388,D2_0,0.0,0.030273195876288662,1.0
389,D2_0,0.0,0.030195372750642675,1.0
390,D2_0,0.0,0.03042051282051282,1.0
391,D2_0,0.0,0.030342710997442457,1.0
392,D2_0,0.0,0.03026530612244898,1.0
393,D2_0,0.0,0.030524173027989827,1.0
394,D2_0,0.0,0.030446700507614218,1.0
395,D2_0,0.0,0.030369620253164562,1.0
396,D2_0,0.0,0.030633838383838385,1.0
397,D2_0,0.0,0.030556675062972292,1.0
398,D2_0,0.0,0.030839195979899498,1.0
399,D2_0,0.0,0.030761904761904765,1.0
400,D2_0,0.0,0.030685000000000004,1.0
401,D2_0,0.0,0.03060847880299252,1.0
402,D2_0,0.0,0.030532338308457713,1.0
403,D2_0,0.0,0.030456575682382137,1.0
404,D2_0,0.0,0.030381188118811884,1.0
405,D2_0,0.0,0.030306172839506176,1.0
406,D2_0,0.0,0.030231527093596063,1.0
407,D2_0,0.0,0.03015724815724816,1.0
408,D2_0,0.0,0.03044117647058824,1.0
409,D2_0,0.0,0.030366748166259172,1.0
410,D2_0,0.0,0.03029268292682927,1.0
411,D2_0,0.0,0.030218978102189785,1.0
412,D2_0,0.0,0.03014563106796117,1.0
413,D2_0,0.0,0.03042130750605327,1.0
414,D2_0,0.0,0.030347826086956523,1.0
415,D2_0,0.0,0.030274698795180723,1.0
416,D2_0,0.0,0.03053846153846154,1.0
417,D2_0,0.0,0.030465227817745806,1.0
418,D2_0,0.0,0.030392344497607658,1.0
419,D2_0,0.0,0.030319809069212413,1.0
420,D2_0,0.0,0.030247619047619047,1.0
421,D2_0,0.0,0.030505938242280286,1.0
422,D2_0,0.0,0.030433649289099526,1.0
423,D2_0,0.0,0.030361702127659575,1.0
424,D2_0,0.0,0.030290094339622643,1.0
425,D2_0,0.0,0.030218823529411763,1.0
426,D2_0,0.0,0.030147887323943662,1.0
427,D2_0,0.0,0.03037704918032787,1.0
428,D2_0,0.0,0.03060981308411215,1.0
429,D2_0,0.0,0.030538461538461542,1.0
430,D2_0,0.0,0.030467441860465117,1.0
431,D2_0,0.0,0.030733178654292346,1.0
432,D2_0,0.0,0.030662037037037043,1.0
433,D2_0,0.0,0.030591224018475756,1.0
434,D2_0,0.0,0.030520737327188945,1.0
435,D2_0,0.0,0.030450574712643685,1.0
436,D2_0,0.0,0.030704128440366973,1.0
437,D2_0,0.0,0.03096567505720824,1.0
438,D2_0,0.0,0.03089497716894977,1.0
439,D2_0,0.0,0.030824601366742598,1.0
440,D2_0,0.0,0.030754545454545455,1.0
441,D2_0,0.0,0.03068480725623583,1.0
442,D2_0,0.0,0.030615384615384614,1.0
443,D2_0,0.0,0.03054627539503386,1.0
444,D2_0,0.0,0.030477477477477477,1.0
445,D2_0,0.0,0.030408988764044943,1.0
446,D2_0,0.0,0.03061883408071749,1.0
447,D2_0,0.0,0.0305503355704698,1.0
448,D2_0,0.0,0.03081026785714286,1.0
449,D2_0,0.0,0.03105790645879733,1.0
450,D2_0,0.0,0.03098888888888889,1.0
451,D2_0,0.0,0.03092017738359202,1.0
452,D2_0,0.0,0.030851769911504425,1.0
453,D2_0,0.0,0.031112582781456958,1.0
454,D2_0,0.0,0.031044052863436127,1.0
455,D2_0,0.0,0.030975824175824177,1.0
456,D2_0,0.0,0.030907894736842106,1.0
457,D2_0,0.0,0.03113129102844639,1.0
458,D2_0,0.0,0.031063318777292577,1.0
459,D2_0,0.0,0.030995642701525054,1.0
460,D2_0,0.0,0.030928260869565218,1.0
461,D2_0,0.0,0.03096529284164859,1.0
462,D2_0,0.0,0.0308982683982684,1.0
463,D2_0,0.0,0.030831533477321815,1.0
464,D2_0,0.0,0.030765086206896556,1.0
465,D2_0,0.0,0.0306989247311828,1.0
466,D2_0,0.0,0.030633047210300433,1.0
467,D2_0,0.0,0.030567451820128485,1.0
468,D2_0,0.0,0.030502136752136758,1.0
469,D2_0,0.0,0.03043710021321962,1.0
470,D2_0,0.0,0.03037234042553192,1.0
471,D2_0,0.0,0.030307855626326968,1.0
472,D2_0,0.0,0.030243644067796612,1.0
473,D2_0,0.0,0.03017970401691332,1.0
474,D2_0,0.0,0.030116033755274264,1.0
475,D2_0,0.0,0.03005263157894737,1.0
476,D2_0,0.0,0.030302521008403364,1.0
477,D2_0,0.0,0.030238993710691827,1.0
478,D2_0,0.0,0.030175732217573224,1.0
479,D2_0,0.0,0.03038622129436326,1.0
480,D2_0,0.0,0.030639583333333335,1.0
481,D2_0,0.0,0.03057588357588358,1.0
482,D2_0,0.0,0.030512448132780083,1.0
483,D2_0,0.0,0.030449275362318843,1.0
484,D2_0,0.0,0.030673553719008265,1.0
485,D2_0,0.0,0.030610309278350515,1.0
486,D2_0,0.0,0.03054732510288066,1.0
487,D2_0,0.0,0.030772073921971253,1.0
488,D2_0,0.0,0.030709016393442624,1.0
489,D2_0,0.0,0.03094069529652352,1.0
490,D2_0,0.0,0.031159183673469388,1.0
491,D2_0,0.0,0.03109572301425662,1.0
492,D2_0,0.0,0.03135569105691057,1.0
493,D2_0,0.0,0.0312920892494929,1.0
494,D2_0,0.0,0.031228744939271254,1.0
495,D2_0,0.0,0.031165656565656563,1.0
496,D2_0,0.0,0.031102822580645166,1.0
497,D2_0,0.0,0.031040241448692153,1.0
498,D2_0,0.0,0.030977911646586344,1.0
499,D2_0,0.0,0.030915831663326652,1.0
500,D2_0,0.0,0.031128,1.0
501,D2_0,0.0,0.031065868263473052,1.0
502,D2_0,0.0,0.03100398406374502,1.0
503,D2_0,0.0,0.03094234592445328,1.0
504,D2_0,0.0,0.030880952380952387,1.0
505,D2_0,0.0,0.03081980198019802,1.0
506,D2_0,0.0,0.030758893280632412,1.0
507,D2_0,0.0,0.030698224852071007,1.0
508,D2_0,0.0,0.030637795275590553,1.0
509,D2_0,0.0,0.030577603143418466,1.0
510,D2_0,0.0,0.030833333333333338,1.0
511,D2_0,0.0,0.030772994129158515,1.0
512,D2_0,0.0,0.030712890625000003,1.0
513,D2_0,0.0,0.03065302144249513,1.0
514,D2_0,0.0,0.03082490272373541,1.0
515,D2_0,0.0,0.030765048543689322,1.0
516,D2_0,0.0,0.030705426356589148,1.0
517,D2_0,0.0,0.030646034816247586,1.0
518,D2_0,0.0,0.03058687258687259,1.0
519,D2_0,0.0,0.030527938342967246,1.0
520,D2_0,0.0,0.030469230769230773,1.0
521,D2_0,0.0,0.030687140115163155,1.0
522,D2_0,0.0,0.03062835249042146,1.0
523,D2_0,0.0,0.030569789674952205,1.0
524,D2_0,0.0,0.030511450381679395,1.0
525,D2_0,0.0,0.03045333333333334,1.0
526,D2_0,0.0,0.03039543726235742,1.0
527,D2_0,0.0,0.030337760910815945,1.0
528,D2_0,0.0,0.030280303030303032,1.0
529,D2_0,0.0,0.030512287334593578,1.0
530,D2_0,0.0,0.03066792452830189,1.0
531,D2_0,0.0,0.030610169491525428,1.0
532,D2_0,0.0,0.03055263157894737,1.0
533,D2_0,0.0,0.030495309568480303,1.0
534,D2_0,0.0,0.030438202247191015,1.0
535,D2_0,0.0,0.030381308411214957,1.0
536,D2_0,0.0,0.030324626865671646,1.0
537,D2_0,0.0,0.030268156424581007,1.0
538,D2_0,0.0,0.03048513011152417,1.0
539,D2_0,0.0,0.030428571428571433,1.0
540,D2_0,0.0,0.030372222222222228,1.0
541,D2_0,0.0,0.030316081330868768,1.0
542,D2_0,0.0,0.03026014760147602,1.0
543,D2_0,0.0,0.03020441988950277,1.0
544,D2_0,0.0,0.030148897058823537,1.0
545,D2_0,0.0,0.03009357798165138,1.0
546,D2_0,0.0,0.030038461538461545,1.0
547,D2_0,0.0,0.029983546617915913,1.0
548,D2_0,0.0,0.03019890510948905,1.0
549,D2_0,0.0,0.03014389799635701,1.0
550,D2_0,0.0,0.030343636363636364,1.0
551,D2_0,0.0,0.030288566243194193,1.0
552,D2_0,0.0,0.030233695652173913,1.0
553,D2_0,0.0,0.03017902350813743,1.0
554,D2_0,0.0,0.030124548736462094,1.0
555,D2_0,0.0,0.03007027027027027,1.0
556,D2_0,0.0,0.030278776978417268,1.0
557,D2_0,0.0,0.030224416517055656,1.0
558,D2_0,0.0,0.030387096774193555,1.0
559,D2_0,0.0,0.030332737030411453,1.0
560,D2_0,0.0,0.030278571428571432,1.0
561,D2_0,0.0,0.030224598930481288,1.0
562,D2_0,0.0,0.030170818505338082,1.0
563,D2_0,0.0,0.030117229129662526,1.0
564,D2_0,0.0,0.030124113475177308,1.0
565,D2_0,0.0,0.030070796460176994,1.0
566,D2_0,0.0,0.03001766784452297,1.0
567,D2_0,0.0,0.029964726631393303,1.0
568,D2_0,0.0,0.029911971830985918,1.0
569,D2_0,0.0,0.029859402460456947,1.0
570,D2_0,0.0,0.029807017543859653,1.0
571,D2_0,0.0,0.029754816112084068,1.0
572,D2_0,0.0,0.02993706293706294,1.0
573,D2_0,0.0,0.029884816753926707,1.0
574,D2_0,0.0,0.02983275261324042,1.0
575,D2_0,0.0,0.029780869565217395,1.0
576,D2_0,0.0,0.02972916666666667,1.0
577,D2_0,0.0,0.02967764298093588,1.0
578,D2_0,0.0,0.029626297577854677,1.0
579,D2_0,0.0,0.02957512953367876,1.0
580,D2_0,0.0,0.029524137931034488,1.0
581,D2_0,0.0,0.029473321858864032,1.0
582,D2_0,0.0,0.029422680412371137,1.0
583,D2_0,0.0,0.029372212692967414,1.0
584,D2_0,0.0,0.029554794520547947,1.0
585,D2_0,0.0,0.029504273504273506,1.0
586,D2_0,0.0,0.029645051194539255,1.0
587,D2_0,0.0,0.02959454855195912,1.0
588,D2_0,0.0,0.029544217687074836,1.0
589,D2_0,0.0,0.02949405772495756,1.0
590,D2_0,0.0,0.029444067796610175,1.0
591,D2_0,0.0,0.029394247038917097,1.0
592,D2_0,0.0,0.029557432432432435,1.0
593,D2_0,0.0,0.029507588532883645,1.0
594,D2_0,0.0,0.029722222222222223,1.0
595,D2_0,0.0,0.029672268907563026,1.0
596,D2_0,0.0,0.029845637583892623,1.0
597,D2_0,0.0,0.029795644891122283,1.0
598,D2_0,0.0,0.02974581939799332,1.0
599,D2_0,0.0,0.02969616026711186,1.0
600,D2_0,0.0,0.029646666666666672,1.0
601,D2_0,0.0,0.029597337770382703,1.0
602,D2_0,0.0,0.029790697674418606,1.0
603,D2_0,0.0,0.029988391376451082,1.0
604,D2_0,0.0,0.03019039735099338,1.0
605,D2_0,0.0,0.0301404958677686,1.0
606,D2_0,0.0,0.030090759075907594,1.0
607,D2_0,0.0,0.030041186161449757,1.0
608,D2_0,0.0,0.030240131578947373,1.0
609,D2_0,0.0,0.030190476190476195,1.0
610,D2_0,0.0,0.03014098360655738,1.0
611,D2_0,0.0,0.030091653027823247,1.0
612,D2_0,0.0,0.030042483660130723,1.0
613,D2_0,0.0,0.029993474714518766,1.0
614,D2_0,0.0,0.030184039087947884,1.0
615,D2_0,0.0,0.0301349593495935,1.0
616,D2_0,0.0,0.030086038961038963,1.0
617,D2_0,0.0,0.030037277147487846,1.0
618,D2_0,0.0,0.029988673139158577,1.0
619,D2_0,0.0,0.029940226171243943,1.0
620,D2_0,0.0,0.030108064516129036,1.0
621,D2_0,0.0,0.03005958132045089,1.0
622,D2_0,0.0,0.030011254019292607,1.0
623,D2_0,0.0,0.029963081861958268,1.0
624,D2_0,0.0,0.029915064102564105,1.0
625,D2_0,0.0,0.029867200000000003,1.0
626,D2_0,0.0,0.029819488817891378,1.0
627,D2_0,0.0,0.029771929824561404,1.0
628,D2_0,0.0,0.029936305732484084,1.0
629,D2_0,0.0,0.03014467408585056,1.0
630,D2_0,0.0,0.0300968253968254,1.0
631,D2_0,0.0,0.030049128367670368,1.0
632,D2_0,0.0,0.030001582278481015,1.0
633,D2_0,0.0,0.029954186413902056,1.0
634,D2_0,0.0,0.029906940063091487,1.0
635,D2_0,0.0,0.029859842519685043,1.0
636,D2_0,0.0,0.03003930817610063,1.0
637,D2_0,0.0,0.029992150706436422,1.0
638,D2_0,0.0,0.02994514106583072,1.0
639,D2_0,0.0,0.02989827856025039,1.0
640,D2_0,0.0,0.029851562500000005,1.0
641,D2_0,0.0,0.029804992199687994,1.0
642,D2_0,0.0,0.02975856697819315,1.0
643,D2_0,0.0,0.02971228615863142,1.0
644,D2_0,0.0,0.02989596273291926,1.0
645,D2_0,0.0,0.02984961240310078,1.0
646,D2_0,0.0,0.029803405572755425,1.0
647,D2_0,0.0,0.029970633693972182,1.0
648,D2_0,0.0,0.029924382716049386,1.0
649,D2_0,0.0,0.029878274268104778,1.0
650,D2_0,0.0,0.030032307692307695,1.0
651,D2_0,0.0,0.03021812596006145,1.0
652,D2_0,0.0,0.0301717791411043,1.0
653,D2_0,0.0,0.030125574272588062,1.0
654,D2_0,0.0,0.03007951070336392,1.0
655,D2_0,0.0,0.030033587786259548,1.0
656,D2_0,0.0,0.029987804878048783,1.0
657,D2_0,0.0,0.029942161339421614,1.0
658,D2_0,0.0,0.03012765957446809,1.0
659,D2_0,0.0,0.030081942336874053,1.0
660,D2_0,0.0,0.03003636363636364,1.0
661,D2_0,0.0,0.029990922844175493,1.0
662,D2_0,0.0,0.029945619335347434,1.0
663,D2_0,0.0,0.029900452488687786,1.0
664,D2_0,0.0,0.029855421686746986,1.0
665,D2_0,0.0,0.02981052631578947,1.0
666,D2_0,0.0,0.029765765765765763,1.0
667,D2_0,0.0,0.029721139430284853,1.0
668,D2_0,0.0,0.029676646706586825,1.0
669,D2_0,0.0,0.02963228699551569,1.0
670,D2_0,0.0,0.029588059701492534,1.0
671,D2_0,0.0,0.02954396423248882,1.0
672,D2_0,0.0,0.029500000000000002,1.0
673,D2_0,0.0,0.029456166419019318,1.0
674,D2_0,0.0,0.02941246290801187,1.0
675,D2_0,0.0,0.029368888888888892,1.0
676,D2_0,0.0,0.02932544378698225,1.0
677,D2_0,0.0,0.029493353028064995,1.0
678,D2_0,0.0,0.029626843657817113,1.0
679,D2_0,0.0,0.029583210603829166,1.0
680,D2_0,0.0,0.029776470588235297,1.0
681,D2_0,0.0,0.029732745961820854,1.0
682,D2_0,0.0,0.029689149560117305,1.0
683,D2_0,0.0,0.029831625183016106,1.0
684,D2_0,0.0,0.02997953216374269,1.0
685,D2_0,0.0,0.03015474452554745,1.0
686,D2_0,0.0,0.030110787172011665,1.0
687,D2_0,0.0,0.030273653566229988,1.0
688,D2_0,0.0,0.0302296511627907,1.0
689,D2_0,0.0,0.030185776487663282,1.0
690,D2_0,0.0,0.030372463768115945,1.0
691,D2_0,0.0,0.030541244573082486,1.0
692,D2_0,0.0,0.03070809248554913,1.0
693,D2_0,0.0,0.03086291486291486,1.0
694,D2_0,0.0,0.03081844380403458,1.0
695,D2_0,0.0,0.030774100719424456,1.0
696,D2_0,0.0,0.030729885057471262,1.0
697,D2_0,0.0,0.0306857962697274,1.0
698,D2_0,0.0,0.03081232091690544,1.0
699,D2_0,0.0,0.030768240343347637,1.0
700,D2_0,0.0,0.03072428571428571,1.0
701,D2_0,0.0,0.03068045649072753,1.0
702,D2_0,0.0,0.030636752136752134,1.0
703,D2_0,0.0,0.030593172119487907,1.0
704,D2_0,0.0,0.030549715909090912,1.0
705,D2_0,0.0,0.030703546099290782,1.0
706,D2_0,0.0,0.03085694050991502,1.0
707,D2_0,0.0,0.030813295615275817,1.0
708,D2_0,0.0,0.03076977401129944,1.0
709,D2_0,0.0,0.03072637517630466,1.0
710,D2_0,0.0,0.0306830985915493,1.0
711,D2_0,0.0,0.03063994374120957,1.0
712,D2_0,0.0,0.030596910112359557,1.0
713,D2_0,0.0,0.030553997194950916,1.0
714,D2_0,0.0,0.030710084033613444,1.0
715,D2_0,0.0,0.030667132867132865,1.0
716,D2_0,0.0,0.030624301675977652,1.0
717,D2_0,0.0,0.03077545327754533,1.0
718,D2_0,0.0,0.030732590529247913,1.0
719,D2_0,0.0,0.030689847009735746,1.0
720,D2_0,0.0,0.030647222222222225,1.0
721,D2_0,0.0,0.030604715672676842,1.0
722,D2_0,0.0,0.030562326869806096,1.0
723,D2_0,0.0,0.03052005532503458,1.0
724,D2_0,0.0,0.03047790055248619,1.0
725,D2_0,0.0,0.030435862068965522,1.0
726,D2_0,0.0,0.030393939393939397,1.0
727,D2_0,0.0,0.030352132049518574,1.0
728,D2_0,0.0,0.03048626373626374,1.0
729,D2_0,0.0,0.030617283950617285,1.0
730,D2_0,0.0,0.030576712328767127,1.0
731,D2_0,0.0,0.03071819425444597,1.0
732,D2_0,0.0,0.030676229508196724,1.0
733,D2_0,0.0,0.030634379263301502,1.0
734,D2_0,0.0,0.03059264305177112,1.0
735,D2_0,0.0,0.03055102040816327,1.0
736,D2_0,0.0,0.03050951086956522,1.0
737,D2_0,0.0,0.030468113975576666,1.0
738,D2_0,0.0,0.030426829268292686,1.0
739,D2_0,0.0,0.030385656292286876,1.0
740,D2_0,0.0,0.030532432432432435,1.0
741,D2_0,0.0,0.03049122807017544,1.0
742,D2_0,0.0,0.0306266846361186,1.0
743,D2_0,0.0,0.030585464333781967,1.0
744,D2_0,0.0,0.030720430107526883,1.0
745,D2_0,0.0,0.030679194630872486,1.0
746,D2_0,0.0,0.030638069705093834,1.0
747,D2_0,0.0,0.030795180722891568,1.0
748,D2_0,0.0,0.030754010695187167,1.0
749,D2_0,0.0,0.030914552736982646,1.0
750,D2_0,0.0,0.030873333333333336,1.0
751,D2_0,0.0,0.031042609853528632,1.0
752,D2_0,0.0,0.031001329787234046,1.0
753,D2_0,0.0,0.030960159362549804,1.0
754,D2_0,0.0,0.03091909814323608,1.0
755,D2_0,0.0,0.03087814569536424,1.0
756,D2_0,0.0,0.030880952380952387,1.0
757,D2_0,0.0,0.030840158520475565,1.0
758,D2_0,0.0,0.030799472295514517,1.0
759,D2_0,0.0,0.03093148880105402,1.0
760,D2_0,0.0,0.030890789473684212,1.0
761,D2_0,0.0,0.03085019710906702,1.0
762,D2_0,0.0,0.03080971128608924,1.0
763,D2_0,0.0,0.030938401048492794,1.0
764,D2_0,0.0,0.031089005235602096,1.0
765,D2_0,0.0,0.0310483660130719,1.0
766,D2_0,0.0,0.031007832898172327,1.0
767,D2_0,0.0,0.03103650586701434,1.0
768,D2_0,0.0,0.03099609375,1.0
769,D2_0,0.0,0.031167750325097533,1.0
770,D2_0,0.0,0.031127272727272733,1.0
771,D2_0,0.0,0.03108690012970169,1.0
772,D2_0,0.0,0.031046632124352335,1.0
773,D2_0,0.0,0.031006468305304014,1.0
774,D2_0,0.0,0.030966408268733855,1.0
775,D2_0,0.0,0.030943225806451615,1.0
776,D2_0,0.0,0.03090335051546392,1.0
777,D2_0,0.0,0.030863577863577865,1.0
778,D2_0,0.0,0.030823907455012855,1.0
779,D2_0,0.0,0.03078433889602054,1.0
780,D2_0,0.0,0.030744871794871797,1.0
781,D2_0,0.0,0.03070550576184379,1.0
782,D2_0,0.0,0.030666240409207162,1.0
783,D2_0,0.0,0.030627075351213284,1.0
784,D2_0,0.0,0.030588010204081636,1.0
785,D2_0,0.0,0.030712101910828026,1.0
786,D2_0,0.0,0.030673027989821886,1.0
787,D2_0,0.0,0.030634053367217282,1.0
788,D2_0,0.0,0.03059517766497462,1.0
789,D2_0,0.0,0.03055640050697085,1.0
790,D2_0,0.0,0.030517721518987344,1.0
791,D2_0,0.0,0.030479140328697852,1.0
792,D2_0,0.0,0.030440656565656567,1.0
793,D2_0,0.0,0.030402269861286257,1.0
794,D2_0,0.0,0.0303639798488665,1.0
795,D2_0,0.0,0.030325786163522016,1.0
796,D2_0,0.0,0.030287688442211056,1.0
797,D2_0,0.0,0.03024968632371393,1.0
798,D2_0,0.0,0.030211779448621558,1.0
799,D2_0,0.0,0.030173967459324158,1.0
800,D2_0,0.0,0.030136250000000003,1.0
801,D2_0,0.0,0.030272159800249693,1.0
802,D2_0,0.0,0.030234413965087286,1.0
803,D2_0,0.0,0.030373599003735992,1.0
804,D2_0,0.0,0.03033582089552239,1.0
805,D2_0,0.0,0.030298136645962735,1.0
806,D2_0,0.0,0.030260545905707197,1.0
807,D2_0,0.0,0.03038537794299876,1.0
808,D2_0,0.0,0.030347772277227725,1.0
809,D2_0,0.0,0.03031025957972806,1.0
810,D2_0,0.0,0.03027283950617284,1.0
811,D2_0,0.0,0.030235511713933415,1.0
812,D2_0,0.0,0.03037807881773399,1.0
813,D2_0,0.0,0.030340713407134075,1.0
814,D2_0,0.0,0.030303439803439806,1.0
815,D2_0,0.0,0.030266257668711657,1.0
816,D2_0,0.0,0.030388480392156865,1.0
817,D2_0,0.0,0.030351285189718483,1.0
818,D2_0,0.0,0.030314180929095356,1.0
819,D2_0,0.0,0.03027716727716728,1.0
820,D2_0,0.0,0.030240243902439026,1.0
821,D2_0,0.0,0.030203410475030452,1.0
822,D2_0,0.0,0.030166666666666668,1.0
823,D2_0,0.0,0.030130012150668288,1.0
824,D2_0,0.0,0.030093446601941753,1.0
825,D2_0,0.0,0.030056969696969704,1.0
826,D2_0,0.0,0.03002058111380146,1.0
827,D2_0,0.0,0.029984280532043536,1.0
828,D2_0,0.0,0.029948067632850246,1.0
829,D2_0,0.0,0.02991194209891436,1.0
830,D2_0,0.0,0.029875903614457838,1.0
831,D2_0,0.0,0.029983152827918174,1.0
832,D2_0,0.0,0.029947115384615388,1.0
833,D2_0,0.0,0.02991116446578632,1.0
834,D2_0,0.0,0.02987529976019185,1.0
835,D2_0,0.0,0.029839520958083836,1.0
836,D2_0,0.0,0.029803827751196176,1.0
837,D2_0,0.0,0.029768219832735966,1.0
838,D2_0,0.0,0.02989021479713604,1.0
839,D2_0,0.0,0.030028605482717526,1.0
840,D2_0,0.0,0.029992857142857147,1.0
841,D2_0,0.0,0.029957193816884664,1.0
842,D2_0,0.0,0.02992161520190024,1.0
843,D2_0,0.0,0.029886120996441286,1.0
844,D2_0,0.0,0.029850710900473938,1.0
845,D2_0,0.0,0.02981538461538462,1.0
846,D2_0,0.0,0.029780141843971635,1.0
847,D2_0,0.0,0.02991499409681228,1.0
848,D2_0,0.0,0.029879716981132075,1.0
849,D2_0,0.0,0.030037691401649,1.0
850,D2_0,0.0,0.030002352941176473,1.0
851,D2_0,0.0,0.029967097532314926,1.0
852,D2_0,0.0,0.02993192488262911,1.0
853,D2_0,0.0,0.029896834701055103,1.0
854,D2_0,0.0,0.030040983606557378,1.0
855,D2_0,0.0,0.030005847953216376,1.0
856,D2_0,0.0,0.029970794392523366,1.0
857,D2_0,0.0,0.030079346557759627,1.0
858,D2_0,0.0,0.030044289044289043,1.0
859,D2_0,0.0,0.0300093131548312,1.0
860,D2_0,0.0,0.02997441860465116,1.0
861,D2_0,0.0,0.029939605110336817,1.0
862,D2_0,0.0,0.02990487238979118,1.0
863,D2_0,0.0,0.029870220162224796,1.0
864,D2_0,0.0,0.02983564814814815,1.0
865,D2_0,0.0,0.029941040462427747,1.0
866,D2_0,0.0,0.02990646651270208,1.0
867,D2_0,0.0,0.0298719723183391,1.0
868,D2_0,0.0,0.029837557603686636,1.0
869,D2_0,0.0,0.029803222094361335,1.0
870,D2_0,0.0,0.02992298850574713,1.0
871,D2_0,0.0,0.029888633754305397,1.0
872,D2_0,0.0,0.02985435779816514,1.0
873,D2_0,0.0,0.02982016036655212,1.0
874,D2_0,0.0,0.02978604118993135,1.0
875,D2_0,0.0,0.029752,1.0
876,D2_0,0.0,0.029718036529680365,1.0
877,D2_0,0.0,0.029684150513112885,1.0
878,D2_0,0.0,0.029650341685649204,1.0
879,D2_0,0.0,0.02961660978384528,1.0
880,D2_0,0.0,0.029582954545454548,1.0
881,D2_0,0.0,0.029549375709421115,1.0
882,D2_0,0.0,0.029515873015873016,1.0
883,D2_0,0.0,0.029482446206115516,1.0
884,D2_0,0.0,0.02958031674208145,1.0
885,D2_0,0.0,0.02970847457627119,1.0
886,D2_0,0.0,0.029806997742663655,1.0
887,D2_0,0.0,0.029773393461104847,1.0
888,D2_0,0.0,0.02973986486486487,1.0
889,D2_0,0.0,0.029883014623172107,1.0
890,D2_0,0.0,0.029849438202247194,1.0
891,D2_0,0.0,0.029815937149270486,1.0
892,D2_0,0.0,0.029949551569506728,1.0
893,D2_0,0.0,0.029916013437849946,1.0
894,D2_0,0.0,0.029882550335570468,1.0
895,D2_0,0.0,0.029849162011173186,1.0
896,D2_0,0.0,0.029958705357142863,1.0
897,D2_0,0.0,0.029925306577480493,1.0
898,D2_0,0.0,0.029891982182628066,1.0
899,D2_0,0.0,0.029858731924360404,1.0
900,D2_0,0.0,0.02982555555555556,1.0
901,D2_0,0.0,0.029792452830188682,1.0
902,D2_0,0.0,0.029759423503325947,1.0
903,D2_0,0.0,0.029726467331118497,1.0
904,D2_0,0.0,0.029693584070796464,1.0
905,D2_0,0.0,0.029660773480662986,1.0
906,D2_0,0.0,0.029628035320088304,1.0
907,D2_0,0.0,0.029595369349503863,1.0
908,D2_0,0.0,0.02956277533039648,1.0
909,D2_0,0.0,0.029706270627062707,1.0
910,D2_0,0.0,0.029673626373626374,1.0
911,D2_0,0.0,0.029641053787047202,1.0
912,D2_0,0.0,0.029763157894736846,1.0
913,D2_0,0.0,0.029730558598028478,1.0
914,D2_0,0.0,0.029698030634573307,1.0
915,D2_0,0.0,0.029665573770491806,1.0
916,D2_0,0.0,0.029633187772925767,1.0
917,D2_0,0.0,0.029600872410032716,1.0
918,D2_0,0.0,0.029568627450980395,1.0
919,D2_0,0.0,0.02953645266594124,1.0
920,D2_0,0.0,0.02950434782608696,1.0
921,D2_0,0.0,0.029472312703583064,1.0
922,D2_0,0.0,0.029440347071583516,1.0
923,D2_0,0.0,0.029408450704225354,1.0
924,D2_0,0.0,0.029475108225108227,1.0
925,D2_0,0.0,0.029607567567567567,1.0
926,D2_0,0.0,0.029703023758099356,1.0
927,D2_0,0.0,0.029670981661272928,1.0
928,D2_0,0.0,0.029786637931034487,1.0
929,D2_0,0.0,0.029754574811625408,1.0
930,D2_0,0.0,0.029722580645161294,1.0
931,D2_0,0.0,0.029690655209452205,1.0
932,D2_0,0.0,0.029658798283261806,1.0
933,D2_0,0.0,0.029773847802786715,1.0
934,D2_0,0.0,0.02988650963597431,1.0
935,D2_0,0.0,0.02985454545454546,1.0
936,D2_0,0.0,0.029969017094017097,1.0
937,D2_0,0.0,0.029937033084311636,1.0
938,D2_0,0.0,0.029905117270788914,1.0
939,D2_0,0.0,0.029873269435569758,1.0
940,D2_0,0.0,0.02984148936170213,1.0
941,D2_0,0.0,0.029809776833156217,1.0
942,D2_0,0.0,0.029778131634819537,1.0
943,D2_0,0.0,0.029746553552492047,1.0
944,D2_0,0.0,0.02971504237288136,1.0
945,D2_0,0.0,0.029835978835978837,1.0
946,D2_0,0.0,0.02980443974630021,1.0
947,D2_0,0.0,0.02977296726504752,1.0
948,D2_0,0.0,0.0297415611814346,1.0
949,D2_0,0.0,0.02971022128556375,1.0
950,D2_0,0.0,0.02967894736842105,1.0
951,D2_0,0.0,0.029647739221871715,1.0
952,D2_0,0.0,0.029616596638655464,1.0
953,D2_0,0.0,0.029585519412381953,1.0
954,D2_0,0.0,0.029554507337526206,1.0
955,D2_0,0.0,0.029523560209424083,1.0
956,D2_0,0.0,0.029492677824267784,1.0
957,D2_0,0.0,0.02946185997910136,1.0
958,D2_0,0.0,0.029431106471816283,1.0
959,D2_0,0.0,0.02940041710114703,1.0
960,D2_0,0.0,0.029511458333333337,1.0
961,D2_0,0.0,0.029620187304890744,1.0
962,D2_0,0.0,0.02973908523908524,1.0
963,D2_0,0.0,0.02970820353063344,1.0
964,D2_0,0.0,0.029677385892116184,1.0
965,D2_0,0.0,0.029646632124352333,1.0
966,D2_0,0.0,0.029615942028985508,1.0
967,D2_0,0.0,0.029585315408479838,1.0
968,D2_0,0.0,0.029554752066115703,1.0
969,D2_0,0.0,0.029524251805985554,1.0
970,D2_0,0.0,0.029645360824742267,1.0
971,D2_0,0.0,0.029614830072090627,1.0
972,D2_0,0.0,0.029584362139917695,1.0
973,D2_0,0.0,0.029553956834532373,1.0
974,D2_0,0.0,0.02966221765913758,1.0
975,D2_0,0.0,0.029631794871794872,1.0
976,D2_0,0.0,0.029751024590163933,1.0
977,D2_0,0.0,0.02972057318321392,1.0
978,D2_0,0.0,0.029690184049079752,1.0
979,D2_0,0.0,0.029659856996935647,1.0
980,D2_0,0.0,0.029629591836734692,1.0
981,D2_0,0.0,0.02959938837920489,1.0
982,D2_0,0.0,0.029569246435845215,1.0
983,D2_0,0.0,0.029658189216683624,1.0
984,D2_0,0.0,0.029790650406504065,1.0
985,D2_0,0.0,0.029914720812182743,1.0
986,D2_0,0.0,0.029884381338742393,1.0
987,D2_0,0.0,0.029854103343465048,1.0
988,D2_0,0.0,0.029823886639676115,1.0
989,D2_0,0.0,0.029793731041456016,1.0
990,D2_0,0.0,0.02976767676767677,1.0
991,D2_0,0.0,0.02973763874873865,1.0
992,D2_0,0.0,0.029707661290322582,1.0
993,D2_0,0.0,0.029677744209466266,1.0
994,D2_0,0.0,0.029789738430583506,1.0
995,D2_0,0.0,0.029759798994974877,1.0
996,D2_0,0.0,0.029875502008032132,1.0
997,D2_0,0.0,0.02984553660982949,1.0
998,D2_0,0.0,0.029815631262525052,1.0
999,D2_0,0.0,0.02978578578578579,1.0
1000,D2_0,0.0,0.029756000000000005,1.0
